#
# There is insufficient memory for the Java Runtime Environment to continue.
# Native memory allocation (mmap) failed to map 65536 bytes for Failed to commit metaspace.
# Possible reasons:
#   The system is out of physical RAM or swap space
#   The process is running with CompressedOops enabled, and the Java Heap may be blocking the growth of the native heap
# Possible solutions:
#   Reduce memory load on the system
#   Increase physical memory or swap space
#   Check if swap backing store is full
#   Decrease Java heap size (-Xmx/-Xms)
#   Decrease number of Java threads
#   Decrease Java thread stack sizes (-Xss)
#   Set larger code cache with -XX:ReservedCodeCacheSize=
#   JVM is running with Unscaled Compressed Oops mode in which the Java heap is
#     placed in the first 4GB address space. The Java Heap base address is the
#     maximum limit for the native heap growth. Please use -XX:HeapBaseMinAddress
#     to set the Java Heap base and to place the Java Heap above 4GB virtual address.
# This output file may be truncated or incomplete.
#
#  Out of Memory Error (virtualSpaceNode.cpp:110), pid=7164, tid=23972
#
# JRE version: Java(TM) SE Runtime Environment (17.0.12+8) (build 17.0.12+8-LTS-286)
# Java VM: Java HotSpot(TM) 64-Bit Server VM (17.0.12+8-LTS-286, mixed mode, sharing, tiered, compressed oops, compressed class ptrs, g1 gc, windows-amd64)
# No core dump will be written. Minidumps are not enabled by default on client versions of Windows
#

---------------  S U M M A R Y ------------

Command Line: -Dfile.encoding=UTF-8 -Dscala.ext.dirs=C:\Users\Administrator\.sbt\1.0\java9-rt-ext-oracle_corporation_17_0_12 -Xms1024m -Xmx1024m -Xss4M -XX:ReservedCodeCacheSize=128m xsbt.boot.Boot compile run

Host: Intel(R) Core(TM) i7-4710MQ CPU @ 2.50GHz, 8 cores, 15G,  Windows 10 , 64 bit Build 19041 (10.0.19041.5794)
Time: Sun May 18 07:15:39 2025 Central Europe Daylight Time elapsed time: 0.278554 seconds (0d 0h 0m 0s)

---------------  T H R E A D  ---------------

Current thread (0x000001f6e1265250):  JavaThread "main" [_thread_in_vm, id=23972, stack(0x000000b9e6900000,0x000000b9e6d00000)]

Stack: [0x000000b9e6900000,0x000000b9e6d00000]
Native frames: (J=compiled Java code, j=interpreted, Vv=VM code, C=native code)
V  [jvm.dll+0x67a04a]
V  [jvm.dll+0x7da4ed]
V  [jvm.dll+0x7dbe33]
V  [jvm.dll+0x7dc4a3]
V  [jvm.dll+0x24508f]
V  [jvm.dll+0x7d60bb]
V  [jvm.dll+0x6206c6]
V  [jvm.dll+0x1bed07]
V  [jvm.dll+0x623022]
V  [jvm.dll+0x621086]
V  [jvm.dll+0x24d603]
V  [jvm.dll+0x24e82f]
V  [jvm.dll+0x1e0f12]
V  [jvm.dll+0x1e04bd]
V  [jvm.dll+0x53f7b5]
V  [jvm.dll+0x7553b8]
V  [jvm.dll+0x7554a4]
V  [jvm.dll+0x40d1af]
V  [jvm.dll+0x413c39]
C  [java.dll+0x17ec]

Java frames: (J=compiled Java code, j=interpreted, Vv=VM code)
j  java.lang.ClassLoader.defineClass1(Ljava/lang/ClassLoader;Ljava/lang/String;[BIILjava/security/ProtectionDomain;Ljava/lang/String;)Ljava/lang/Class;+0 java.base@17.0.12
j  java.lang.ClassLoader.defineClass(Ljava/lang/String;[BIILjava/security/ProtectionDomain;)Ljava/lang/Class;+27 java.base@17.0.12
j  java.security.SecureClassLoader.defineClass(Ljava/lang/String;[BIILjava/security/CodeSource;)Ljava/lang/Class;+12 java.base@17.0.12
j  jdk.internal.loader.BuiltinClassLoader.defineClass(Ljava/lang/String;Ljdk/internal/loader/Resource;)Ljava/lang/Class;+117 java.base@17.0.12
j  jdk.internal.loader.BuiltinClassLoader.findClassOnClassPathOrNull(Ljava/lang/String;)Ljava/lang/Class;+37 java.base@17.0.12
j  jdk.internal.loader.BuiltinClassLoader.loadClassOrNull(Ljava/lang/String;Z)Ljava/lang/Class;+111 java.base@17.0.12
j  jdk.internal.loader.BuiltinClassLoader.loadClass(Ljava/lang/String;Z)Ljava/lang/Class;+3 java.base@17.0.12
j  jdk.internal.loader.ClassLoaders$AppClassLoader.loadClass(Ljava/lang/String;Z)Ljava/lang/Class;+36 java.base@17.0.12
j  java.lang.ClassLoader.loadClass(Ljava/lang/String;)Ljava/lang/Class;+3 java.base@17.0.12
v  ~StubRoutines::call_stub
j  java.lang.ClassLoader.defineClass1(Ljava/lang/ClassLoader;Ljava/lang/String;[BIILjava/security/ProtectionDomain;Ljava/lang/String;)Ljava/lang/Class;+0 java.base@17.0.12
j  java.lang.ClassLoader.defineClass(Ljava/lang/String;[BIILjava/security/ProtectionDomain;)Ljava/lang/Class;+27 java.base@17.0.12
j  java.security.SecureClassLoader.defineClass(Ljava/lang/String;[BIILjava/security/CodeSource;)Ljava/lang/Class;+12 java.base@17.0.12
j  jdk.internal.loader.BuiltinClassLoader.defineClass(Ljava/lang/String;Ljdk/internal/loader/Resource;)Ljava/lang/Class;+117 java.base@17.0.12
j  jdk.internal.loader.BuiltinClassLoader.findClassOnClassPathOrNull(Ljava/lang/String;)Ljava/lang/Class;+37 java.base@17.0.12
j  jdk.internal.loader.BuiltinClassLoader.loadClassOrNull(Ljava/lang/String;Z)Ljava/lang/Class;+111 java.base@17.0.12
j  jdk.internal.loader.BuiltinClassLoader.loadClass(Ljava/lang/String;Z)Ljava/lang/Class;+3 java.base@17.0.12
j  jdk.internal.loader.ClassLoaders$AppClassLoader.loadClass(Ljava/lang/String;Z)Ljava/lang/Class;+36 java.base@17.0.12
j  java.lang.ClassLoader.loadClass(Ljava/lang/String;)Ljava/lang/Class;+3 java.base@17.0.12
v  ~StubRoutines::call_stub
j  xsbt.boot.Boot.main([Ljava/lang/String;)V+0
v  ~StubRoutines::call_stub

---------------  P R O C E S S  ---------------

Threads class SMR info:
_java_thread_list=0x000001f6f609e570, length=12, elements={
0x000001f6e1265250, 0x000001f6f5f6a200, 0x000001f6f5f6b080, 0x000001f6f5f8ecb0,
0x000001f6f5f8fb30, 0x000001f6f5f93610, 0x000001f6f5f93fd0, 0x000001f6f5f94d70,
0x000001f6f5f95e30, 0x000001f6f5f9a140, 0x000001f6f60c3840, 0x000001f6f60c8700
}

Java Threads: ( => current thread )
=>0x000001f6e1265250 JavaThread "main" [_thread_in_vm, id=23972, stack(0x000000b9e6900000,0x000000b9e6d00000)]
  0x000001f6f5f6a200 JavaThread "Reference Handler" daemon [_thread_blocked, id=30104, stack(0x000000b9e7300000,0x000000b9e7700000)]
  0x000001f6f5f6b080 JavaThread "Finalizer" daemon [_thread_blocked, id=17392, stack(0x000000b9e7700000,0x000000b9e7b00000)]
  0x000001f6f5f8ecb0 JavaThread "Signal Dispatcher" daemon [_thread_blocked, id=30588, stack(0x000000b9e7b00000,0x000000b9e7f00000)]
  0x000001f6f5f8fb30 JavaThread "Attach Listener" daemon [_thread_blocked, id=24192, stack(0x000000b9e7f00000,0x000000b9e8300000)]
  0x000001f6f5f93610 JavaThread "Service Thread" daemon [_thread_blocked, id=18220, stack(0x000000b9e8300000,0x000000b9e8700000)]
  0x000001f6f5f93fd0 JavaThread "Monitor Deflation Thread" daemon [_thread_blocked, id=20980, stack(0x000000b9e8700000,0x000000b9e8b00000)]
  0x000001f6f5f94d70 JavaThread "C2 CompilerThread0" daemon [_thread_blocked, id=17420, stack(0x000000b9e8b00000,0x000000b9e8c00000)]
  0x000001f6f5f95e30 JavaThread "C1 CompilerThread0" daemon [_thread_blocked, id=27920, stack(0x000000b9e8c00000,0x000000b9e8d00000)]
  0x000001f6f5f9a140 JavaThread "Sweeper thread" daemon [_thread_blocked, id=7272, stack(0x000000b9e8d00000,0x000000b9e9100000)]
  0x000001f6f60c3840 JavaThread "Notification Thread" daemon [_thread_blocked, id=15172, stack(0x000000b9e9100000,0x000000b9e9500000)]
  0x000001f6f60c8700 JavaThread "Common-Cleaner" daemon [_thread_blocked, id=31552, stack(0x000000b9e9600000,0x000000b9e9a00000)]

Other Threads:
  0x000001f6f5f66600 VMThread "VM Thread" [stack: 0x000000b9e7200000,0x000000b9e7300000] [id=13760]
  0x000001f6f60c5480 WatcherThread [stack: 0x000000b9e9500000,0x000000b9e9600000] [id=12140]
  0x000001f6e12a30c0 GCTaskThread "GC Thread#0" [stack: 0x000000b9e6d00000,0x000000b9e6e00000] [id=28036]
  0x000001f6e12ac010 ConcurrentGCThread "G1 Main Marker" [stack: 0x000000b9e6e00000,0x000000b9e6f00000] [id=21496]
  0x000001f6e12aca20 ConcurrentGCThread "G1 Conc#0" [stack: 0x000000b9e6f00000,0x000000b9e7000000] [id=19968]
  0x000001f6e133e3a0 ConcurrentGCThread "G1 Refine#0" [stack: 0x000000b9e7000000,0x000000b9e7100000] [id=30000]
  0x000001f6f5e22020 ConcurrentGCThread "G1 Service" [stack: 0x000000b9e7100000,0x000000b9e7200000] [id=29996]

Threads with active compile tasks:

VM state: not at safepoint (normal execution)

VM Mutex/Monitor currently owned by a thread:  ([mutex/lock_event])
[0x000001f6df14ce20] Metaspace_lock - owner thread: 0x000001f6e1265250

Heap address: 0x00000000c0000000, size: 1024 MB, Compressed Oops mode: 32-bit

CDS archive(s) mapped at: [0x000001f680000000-0x000001f680bd0000-0x000001f680bd0000), size 12386304, SharedBaseAddress: 0x000001f680000000, ArchiveRelocationMode: 1.
Compressed class space mapped at: 0x000001f681000000-0x000001f6c1000000, reserved size: 1073741824
Narrow klass base: 0x000001f680000000, Narrow klass shift: 0, Narrow klass range: 0x100000000

GC Precious Log:
 CPUs: 8 total, 8 available
 Memory: 16070M
 Large Page Support: Disabled
 NUMA Support: Disabled
 Compressed Oops: Enabled (32-bit)
 Heap Region Size: 1M
 Heap Min Capacity: 1G
 Heap Initial Capacity: 1G
 Heap Max Capacity: 1G
 Pre-touch: Disabled
 Parallel Workers: 8
 Concurrent Workers: 2
 Concurrent Refinement Workers: 8
 Periodic GC: Disabled

Heap:
 garbage-first heap   total 1048576K, used 1024K [0x00000000c0000000, 0x0000000100000000)
  region size 1024K, 2 young (2048K), 0 survivors (0K)
 Metaspace       used 407K, committed 576K, reserved 1114112K
  class space    used 20K, committed 128K, reserved 1048576K

Heap Regions: E=young(eden), S=young(survivor), O=old, HS=humongous(starts), HC=humongous(continues), CS=collection set, F=free, OA=open archive, CA=closed archive, TAMS=top-at-mark-start (previous, next)
|   0|0x00000000c0000000, 0x00000000c0000000, 0x00000000c0100000|  0%| F|  |TAMS 0x00000000c0000000, 0x00000000c0000000| Untracked 
|   1|0x00000000c0100000, 0x00000000c0100000, 0x00000000c0200000|  0%| F|  |TAMS 0x00000000c0100000, 0x00000000c0100000| Untracked 
|   2|0x00000000c0200000, 0x00000000c0200000, 0x00000000c0300000|  0%| F|  |TAMS 0x00000000c0200000, 0x00000000c0200000| Untracked 
|   3|0x00000000c0300000, 0x00000000c0300000, 0x00000000c0400000|  0%| F|  |TAMS 0x00000000c0300000, 0x00000000c0300000| Untracked 
|   4|0x00000000c0400000, 0x00000000c0400000, 0x00000000c0500000|  0%| F|  |TAMS 0x00000000c0400000, 0x00000000c0400000| Untracked 
|   5|0x00000000c0500000, 0x00000000c0500000, 0x00000000c0600000|  0%| F|  |TAMS 0x00000000c0500000, 0x00000000c0500000| Untracked 
|   6|0x00000000c0600000, 0x00000000c0600000, 0x00000000c0700000|  0%| F|  |TAMS 0x00000000c0600000, 0x00000000c0600000| Untracked 
|   7|0x00000000c0700000, 0x00000000c0700000, 0x00000000c0800000|  0%| F|  |TAMS 0x00000000c0700000, 0x00000000c0700000| Untracked 
|   8|0x00000000c0800000, 0x00000000c0800000, 0x00000000c0900000|  0%| F|  |TAMS 0x00000000c0800000, 0x00000000c0800000| Untracked 
|   9|0x00000000c0900000, 0x00000000c0900000, 0x00000000c0a00000|  0%| F|  |TAMS 0x00000000c0900000, 0x00000000c0900000| Untracked 
|  10|0x00000000c0a00000, 0x00000000c0a00000, 0x00000000c0b00000|  0%| F|  |TAMS 0x00000000c0a00000, 0x00000000c0a00000| Untracked 
|  11|0x00000000c0b00000, 0x00000000c0b00000, 0x00000000c0c00000|  0%| F|  |TAMS 0x00000000c0b00000, 0x00000000c0b00000| Untracked 
|  12|0x00000000c0c00000, 0x00000000c0c00000, 0x00000000c0d00000|  0%| F|  |TAMS 0x00000000c0c00000, 0x00000000c0c00000| Untracked 
|  13|0x00000000c0d00000, 0x00000000c0d00000, 0x00000000c0e00000|  0%| F|  |TAMS 0x00000000c0d00000, 0x00000000c0d00000| Untracked 
|  14|0x00000000c0e00000, 0x00000000c0e00000, 0x00000000c0f00000|  0%| F|  |TAMS 0x00000000c0e00000, 0x00000000c0e00000| Untracked 
|  15|0x00000000c0f00000, 0x00000000c0f00000, 0x00000000c1000000|  0%| F|  |TAMS 0x00000000c0f00000, 0x00000000c0f00000| Untracked 
|  16|0x00000000c1000000, 0x00000000c1000000, 0x00000000c1100000|  0%| F|  |TAMS 0x00000000c1000000, 0x00000000c1000000| Untracked 
|  17|0x00000000c1100000, 0x00000000c1100000, 0x00000000c1200000|  0%| F|  |TAMS 0x00000000c1100000, 0x00000000c1100000| Untracked 
|  18|0x00000000c1200000, 0x00000000c1200000, 0x00000000c1300000|  0%| F|  |TAMS 0x00000000c1200000, 0x00000000c1200000| Untracked 
|  19|0x00000000c1300000, 0x00000000c1300000, 0x00000000c1400000|  0%| F|  |TAMS 0x00000000c1300000, 0x00000000c1300000| Untracked 
|  20|0x00000000c1400000, 0x00000000c1400000, 0x00000000c1500000|  0%| F|  |TAMS 0x00000000c1400000, 0x00000000c1400000| Untracked 
|  21|0x00000000c1500000, 0x00000000c1500000, 0x00000000c1600000|  0%| F|  |TAMS 0x00000000c1500000, 0x00000000c1500000| Untracked 
|  22|0x00000000c1600000, 0x00000000c1600000, 0x00000000c1700000|  0%| F|  |TAMS 0x00000000c1600000, 0x00000000c1600000| Untracked 
|  23|0x00000000c1700000, 0x00000000c1700000, 0x00000000c1800000|  0%| F|  |TAMS 0x00000000c1700000, 0x00000000c1700000| Untracked 
|  24|0x00000000c1800000, 0x00000000c1800000, 0x00000000c1900000|  0%| F|  |TAMS 0x00000000c1800000, 0x00000000c1800000| Untracked 
|  25|0x00000000c1900000, 0x00000000c1900000, 0x00000000c1a00000|  0%| F|  |TAMS 0x00000000c1900000, 0x00000000c1900000| Untracked 
|  26|0x00000000c1a00000, 0x00000000c1a00000, 0x00000000c1b00000|  0%| F|  |TAMS 0x00000000c1a00000, 0x00000000c1a00000| Untracked 
|  27|0x00000000c1b00000, 0x00000000c1b00000, 0x00000000c1c00000|  0%| F|  |TAMS 0x00000000c1b00000, 0x00000000c1b00000| Untracked 
|  28|0x00000000c1c00000, 0x00000000c1c00000, 0x00000000c1d00000|  0%| F|  |TAMS 0x00000000c1c00000, 0x00000000c1c00000| Untracked 
|  29|0x00000000c1d00000, 0x00000000c1d00000, 0x00000000c1e00000|  0%| F|  |TAMS 0x00000000c1d00000, 0x00000000c1d00000| Untracked 
|  30|0x00000000c1e00000, 0x00000000c1e00000, 0x00000000c1f00000|  0%| F|  |TAMS 0x00000000c1e00000, 0x00000000c1e00000| Untracked 
|  31|0x00000000c1f00000, 0x00000000c1f00000, 0x00000000c2000000|  0%| F|  |TAMS 0x00000000c1f00000, 0x00000000c1f00000| Untracked 
|  32|0x00000000c2000000, 0x00000000c2000000, 0x00000000c2100000|  0%| F|  |TAMS 0x00000000c2000000, 0x00000000c2000000| Untracked 
|  33|0x00000000c2100000, 0x00000000c2100000, 0x00000000c2200000|  0%| F|  |TAMS 0x00000000c2100000, 0x00000000c2100000| Untracked 
|  34|0x00000000c2200000, 0x00000000c2200000, 0x00000000c2300000|  0%| F|  |TAMS 0x00000000c2200000, 0x00000000c2200000| Untracked 
|  35|0x00000000c2300000, 0x00000000c2300000, 0x00000000c2400000|  0%| F|  |TAMS 0x00000000c2300000, 0x00000000c2300000| Untracked 
|  36|0x00000000c2400000, 0x00000000c2400000, 0x00000000c2500000|  0%| F|  |TAMS 0x00000000c2400000, 0x00000000c2400000| Untracked 
|  37|0x00000000c2500000, 0x00000000c2500000, 0x00000000c2600000|  0%| F|  |TAMS 0x00000000c2500000, 0x00000000c2500000| Untracked 
|  38|0x00000000c2600000, 0x00000000c2600000, 0x00000000c2700000|  0%| F|  |TAMS 0x00000000c2600000, 0x00000000c2600000| Untracked 
|  39|0x00000000c2700000, 0x00000000c2700000, 0x00000000c2800000|  0%| F|  |TAMS 0x00000000c2700000, 0x00000000c2700000| Untracked 
|  40|0x00000000c2800000, 0x00000000c2800000, 0x00000000c2900000|  0%| F|  |TAMS 0x00000000c2800000, 0x00000000c2800000| Untracked 
|  41|0x00000000c2900000, 0x00000000c2900000, 0x00000000c2a00000|  0%| F|  |TAMS 0x00000000c2900000, 0x00000000c2900000| Untracked 
|  42|0x00000000c2a00000, 0x00000000c2a00000, 0x00000000c2b00000|  0%| F|  |TAMS 0x00000000c2a00000, 0x00000000c2a00000| Untracked 
|  43|0x00000000c2b00000, 0x00000000c2b00000, 0x00000000c2c00000|  0%| F|  |TAMS 0x00000000c2b00000, 0x00000000c2b00000| Untracked 
|  44|0x00000000c2c00000, 0x00000000c2c00000, 0x00000000c2d00000|  0%| F|  |TAMS 0x00000000c2c00000, 0x00000000c2c00000| Untracked 
|  45|0x00000000c2d00000, 0x00000000c2d00000, 0x00000000c2e00000|  0%| F|  |TAMS 0x00000000c2d00000, 0x00000000c2d00000| Untracked 
|  46|0x00000000c2e00000, 0x00000000c2e00000, 0x00000000c2f00000|  0%| F|  |TAMS 0x00000000c2e00000, 0x00000000c2e00000| Untracked 
|  47|0x00000000c2f00000, 0x00000000c2f00000, 0x00000000c3000000|  0%| F|  |TAMS 0x00000000c2f00000, 0x00000000c2f00000| Untracked 
|  48|0x00000000c3000000, 0x00000000c3000000, 0x00000000c3100000|  0%| F|  |TAMS 0x00000000c3000000, 0x00000000c3000000| Untracked 
|  49|0x00000000c3100000, 0x00000000c3100000, 0x00000000c3200000|  0%| F|  |TAMS 0x00000000c3100000, 0x00000000c3100000| Untracked 
|  50|0x00000000c3200000, 0x00000000c3200000, 0x00000000c3300000|  0%| F|  |TAMS 0x00000000c3200000, 0x00000000c3200000| Untracked 
|  51|0x00000000c3300000, 0x00000000c3300000, 0x00000000c3400000|  0%| F|  |TAMS 0x00000000c3300000, 0x00000000c3300000| Untracked 
|  52|0x00000000c3400000, 0x00000000c3400000, 0x00000000c3500000|  0%| F|  |TAMS 0x00000000c3400000, 0x00000000c3400000| Untracked 
|  53|0x00000000c3500000, 0x00000000c3500000, 0x00000000c3600000|  0%| F|  |TAMS 0x00000000c3500000, 0x00000000c3500000| Untracked 
|  54|0x00000000c3600000, 0x00000000c3600000, 0x00000000c3700000|  0%| F|  |TAMS 0x00000000c3600000, 0x00000000c3600000| Untracked 
|  55|0x00000000c3700000, 0x00000000c3700000, 0x00000000c3800000|  0%| F|  |TAMS 0x00000000c3700000, 0x00000000c3700000| Untracked 
|  56|0x00000000c3800000, 0x00000000c3800000, 0x00000000c3900000|  0%| F|  |TAMS 0x00000000c3800000, 0x00000000c3800000| Untracked 
|  57|0x00000000c3900000, 0x00000000c3900000, 0x00000000c3a00000|  0%| F|  |TAMS 0x00000000c3900000, 0x00000000c3900000| Untracked 
|  58|0x00000000c3a00000, 0x00000000c3a00000, 0x00000000c3b00000|  0%| F|  |TAMS 0x00000000c3a00000, 0x00000000c3a00000| Untracked 
|  59|0x00000000c3b00000, 0x00000000c3b00000, 0x00000000c3c00000|  0%| F|  |TAMS 0x00000000c3b00000, 0x00000000c3b00000| Untracked 
|  60|0x00000000c3c00000, 0x00000000c3c00000, 0x00000000c3d00000|  0%| F|  |TAMS 0x00000000c3c00000, 0x00000000c3c00000| Untracked 
|  61|0x00000000c3d00000, 0x00000000c3d00000, 0x00000000c3e00000|  0%| F|  |TAMS 0x00000000c3d00000, 0x00000000c3d00000| Untracked 
|  62|0x00000000c3e00000, 0x00000000c3e00000, 0x00000000c3f00000|  0%| F|  |TAMS 0x00000000c3e00000, 0x00000000c3e00000| Untracked 
|  63|0x00000000c3f00000, 0x00000000c3f00000, 0x00000000c4000000|  0%| F|  |TAMS 0x00000000c3f00000, 0x00000000c3f00000| Untracked 
|  64|0x00000000c4000000, 0x00000000c4000000, 0x00000000c4100000|  0%| F|  |TAMS 0x00000000c4000000, 0x00000000c4000000| Untracked 
|  65|0x00000000c4100000, 0x00000000c4100000, 0x00000000c4200000|  0%| F|  |TAMS 0x00000000c4100000, 0x00000000c4100000| Untracked 
|  66|0x00000000c4200000, 0x00000000c4200000, 0x00000000c4300000|  0%| F|  |TAMS 0x00000000c4200000, 0x00000000c4200000| Untracked 
|  67|0x00000000c4300000, 0x00000000c4300000, 0x00000000c4400000|  0%| F|  |TAMS 0x00000000c4300000, 0x00000000c4300000| Untracked 
|  68|0x00000000c4400000, 0x00000000c4400000, 0x00000000c4500000|  0%| F|  |TAMS 0x00000000c4400000, 0x00000000c4400000| Untracked 
|  69|0x00000000c4500000, 0x00000000c4500000, 0x00000000c4600000|  0%| F|  |TAMS 0x00000000c4500000, 0x00000000c4500000| Untracked 
|  70|0x00000000c4600000, 0x00000000c4600000, 0x00000000c4700000|  0%| F|  |TAMS 0x00000000c4600000, 0x00000000c4600000| Untracked 
|  71|0x00000000c4700000, 0x00000000c4700000, 0x00000000c4800000|  0%| F|  |TAMS 0x00000000c4700000, 0x00000000c4700000| Untracked 
|  72|0x00000000c4800000, 0x00000000c4800000, 0x00000000c4900000|  0%| F|  |TAMS 0x00000000c4800000, 0x00000000c4800000| Untracked 
|  73|0x00000000c4900000, 0x00000000c4900000, 0x00000000c4a00000|  0%| F|  |TAMS 0x00000000c4900000, 0x00000000c4900000| Untracked 
|  74|0x00000000c4a00000, 0x00000000c4a00000, 0x00000000c4b00000|  0%| F|  |TAMS 0x00000000c4a00000, 0x00000000c4a00000| Untracked 
|  75|0x00000000c4b00000, 0x00000000c4b00000, 0x00000000c4c00000|  0%| F|  |TAMS 0x00000000c4b00000, 0x00000000c4b00000| Untracked 
|  76|0x00000000c4c00000, 0x00000000c4c00000, 0x00000000c4d00000|  0%| F|  |TAMS 0x00000000c4c00000, 0x00000000c4c00000| Untracked 
|  77|0x00000000c4d00000, 0x00000000c4d00000, 0x00000000c4e00000|  0%| F|  |TAMS 0x00000000c4d00000, 0x00000000c4d00000| Untracked 
|  78|0x00000000c4e00000, 0x00000000c4e00000, 0x00000000c4f00000|  0%| F|  |TAMS 0x00000000c4e00000, 0x00000000c4e00000| Untracked 
|  79|0x00000000c4f00000, 0x00000000c4f00000, 0x00000000c5000000|  0%| F|  |TAMS 0x00000000c4f00000, 0x00000000c4f00000| Untracked 
|  80|0x00000000c5000000, 0x00000000c5000000, 0x00000000c5100000|  0%| F|  |TAMS 0x00000000c5000000, 0x00000000c5000000| Untracked 
|  81|0x00000000c5100000, 0x00000000c5100000, 0x00000000c5200000|  0%| F|  |TAMS 0x00000000c5100000, 0x00000000c5100000| Untracked 
|  82|0x00000000c5200000, 0x00000000c5200000, 0x00000000c5300000|  0%| F|  |TAMS 0x00000000c5200000, 0x00000000c5200000| Untracked 
|  83|0x00000000c5300000, 0x00000000c5300000, 0x00000000c5400000|  0%| F|  |TAMS 0x00000000c5300000, 0x00000000c5300000| Untracked 
|  84|0x00000000c5400000, 0x00000000c5400000, 0x00000000c5500000|  0%| F|  |TAMS 0x00000000c5400000, 0x00000000c5400000| Untracked 
|  85|0x00000000c5500000, 0x00000000c5500000, 0x00000000c5600000|  0%| F|  |TAMS 0x00000000c5500000, 0x00000000c5500000| Untracked 
|  86|0x00000000c5600000, 0x00000000c5600000, 0x00000000c5700000|  0%| F|  |TAMS 0x00000000c5600000, 0x00000000c5600000| Untracked 
|  87|0x00000000c5700000, 0x00000000c5700000, 0x00000000c5800000|  0%| F|  |TAMS 0x00000000c5700000, 0x00000000c5700000| Untracked 
|  88|0x00000000c5800000, 0x00000000c5800000, 0x00000000c5900000|  0%| F|  |TAMS 0x00000000c5800000, 0x00000000c5800000| Untracked 
|  89|0x00000000c5900000, 0x00000000c5900000, 0x00000000c5a00000|  0%| F|  |TAMS 0x00000000c5900000, 0x00000000c5900000| Untracked 
|  90|0x00000000c5a00000, 0x00000000c5a00000, 0x00000000c5b00000|  0%| F|  |TAMS 0x00000000c5a00000, 0x00000000c5a00000| Untracked 
|  91|0x00000000c5b00000, 0x00000000c5b00000, 0x00000000c5c00000|  0%| F|  |TAMS 0x00000000c5b00000, 0x00000000c5b00000| Untracked 
|  92|0x00000000c5c00000, 0x00000000c5c00000, 0x00000000c5d00000|  0%| F|  |TAMS 0x00000000c5c00000, 0x00000000c5c00000| Untracked 
|  93|0x00000000c5d00000, 0x00000000c5d00000, 0x00000000c5e00000|  0%| F|  |TAMS 0x00000000c5d00000, 0x00000000c5d00000| Untracked 
|  94|0x00000000c5e00000, 0x00000000c5e00000, 0x00000000c5f00000|  0%| F|  |TAMS 0x00000000c5e00000, 0x00000000c5e00000| Untracked 
|  95|0x00000000c5f00000, 0x00000000c5f00000, 0x00000000c6000000|  0%| F|  |TAMS 0x00000000c5f00000, 0x00000000c5f00000| Untracked 
|  96|0x00000000c6000000, 0x00000000c6000000, 0x00000000c6100000|  0%| F|  |TAMS 0x00000000c6000000, 0x00000000c6000000| Untracked 
|  97|0x00000000c6100000, 0x00000000c6100000, 0x00000000c6200000|  0%| F|  |TAMS 0x00000000c6100000, 0x00000000c6100000| Untracked 
|  98|0x00000000c6200000, 0x00000000c6200000, 0x00000000c6300000|  0%| F|  |TAMS 0x00000000c6200000, 0x00000000c6200000| Untracked 
|  99|0x00000000c6300000, 0x00000000c6300000, 0x00000000c6400000|  0%| F|  |TAMS 0x00000000c6300000, 0x00000000c6300000| Untracked 
| 100|0x00000000c6400000, 0x00000000c6400000, 0x00000000c6500000|  0%| F|  |TAMS 0x00000000c6400000, 0x00000000c6400000| Untracked 
| 101|0x00000000c6500000, 0x00000000c6500000, 0x00000000c6600000|  0%| F|  |TAMS 0x00000000c6500000, 0x00000000c6500000| Untracked 
| 102|0x00000000c6600000, 0x00000000c6600000, 0x00000000c6700000|  0%| F|  |TAMS 0x00000000c6600000, 0x00000000c6600000| Untracked 
| 103|0x00000000c6700000, 0x00000000c6700000, 0x00000000c6800000|  0%| F|  |TAMS 0x00000000c6700000, 0x00000000c6700000| Untracked 
| 104|0x00000000c6800000, 0x00000000c6800000, 0x00000000c6900000|  0%| F|  |TAMS 0x00000000c6800000, 0x00000000c6800000| Untracked 
| 105|0x00000000c6900000, 0x00000000c6900000, 0x00000000c6a00000|  0%| F|  |TAMS 0x00000000c6900000, 0x00000000c6900000| Untracked 
| 106|0x00000000c6a00000, 0x00000000c6a00000, 0x00000000c6b00000|  0%| F|  |TAMS 0x00000000c6a00000, 0x00000000c6a00000| Untracked 
| 107|0x00000000c6b00000, 0x00000000c6b00000, 0x00000000c6c00000|  0%| F|  |TAMS 0x00000000c6b00000, 0x00000000c6b00000| Untracked 
| 108|0x00000000c6c00000, 0x00000000c6c00000, 0x00000000c6d00000|  0%| F|  |TAMS 0x00000000c6c00000, 0x00000000c6c00000| Untracked 
| 109|0x00000000c6d00000, 0x00000000c6d00000, 0x00000000c6e00000|  0%| F|  |TAMS 0x00000000c6d00000, 0x00000000c6d00000| Untracked 
| 110|0x00000000c6e00000, 0x00000000c6e00000, 0x00000000c6f00000|  0%| F|  |TAMS 0x00000000c6e00000, 0x00000000c6e00000| Untracked 
| 111|0x00000000c6f00000, 0x00000000c6f00000, 0x00000000c7000000|  0%| F|  |TAMS 0x00000000c6f00000, 0x00000000c6f00000| Untracked 
| 112|0x00000000c7000000, 0x00000000c7000000, 0x00000000c7100000|  0%| F|  |TAMS 0x00000000c7000000, 0x00000000c7000000| Untracked 
| 113|0x00000000c7100000, 0x00000000c7100000, 0x00000000c7200000|  0%| F|  |TAMS 0x00000000c7100000, 0x00000000c7100000| Untracked 
| 114|0x00000000c7200000, 0x00000000c7200000, 0x00000000c7300000|  0%| F|  |TAMS 0x00000000c7200000, 0x00000000c7200000| Untracked 
| 115|0x00000000c7300000, 0x00000000c7300000, 0x00000000c7400000|  0%| F|  |TAMS 0x00000000c7300000, 0x00000000c7300000| Untracked 
| 116|0x00000000c7400000, 0x00000000c7400000, 0x00000000c7500000|  0%| F|  |TAMS 0x00000000c7400000, 0x00000000c7400000| Untracked 
| 117|0x00000000c7500000, 0x00000000c7500000, 0x00000000c7600000|  0%| F|  |TAMS 0x00000000c7500000, 0x00000000c7500000| Untracked 
| 118|0x00000000c7600000, 0x00000000c7600000, 0x00000000c7700000|  0%| F|  |TAMS 0x00000000c7600000, 0x00000000c7600000| Untracked 
| 119|0x00000000c7700000, 0x00000000c7700000, 0x00000000c7800000|  0%| F|  |TAMS 0x00000000c7700000, 0x00000000c7700000| Untracked 
| 120|0x00000000c7800000, 0x00000000c7800000, 0x00000000c7900000|  0%| F|  |TAMS 0x00000000c7800000, 0x00000000c7800000| Untracked 
| 121|0x00000000c7900000, 0x00000000c7900000, 0x00000000c7a00000|  0%| F|  |TAMS 0x00000000c7900000, 0x00000000c7900000| Untracked 
| 122|0x00000000c7a00000, 0x00000000c7a00000, 0x00000000c7b00000|  0%| F|  |TAMS 0x00000000c7a00000, 0x00000000c7a00000| Untracked 
| 123|0x00000000c7b00000, 0x00000000c7b00000, 0x00000000c7c00000|  0%| F|  |TAMS 0x00000000c7b00000, 0x00000000c7b00000| Untracked 
| 124|0x00000000c7c00000, 0x00000000c7c00000, 0x00000000c7d00000|  0%| F|  |TAMS 0x00000000c7c00000, 0x00000000c7c00000| Untracked 
| 125|0x00000000c7d00000, 0x00000000c7d00000, 0x00000000c7e00000|  0%| F|  |TAMS 0x00000000c7d00000, 0x00000000c7d00000| Untracked 
| 126|0x00000000c7e00000, 0x00000000c7e00000, 0x00000000c7f00000|  0%| F|  |TAMS 0x00000000c7e00000, 0x00000000c7e00000| Untracked 
| 127|0x00000000c7f00000, 0x00000000c7f00000, 0x00000000c8000000|  0%| F|  |TAMS 0x00000000c7f00000, 0x00000000c7f00000| Untracked 
| 128|0x00000000c8000000, 0x00000000c8000000, 0x00000000c8100000|  0%| F|  |TAMS 0x00000000c8000000, 0x00000000c8000000| Untracked 
| 129|0x00000000c8100000, 0x00000000c8100000, 0x00000000c8200000|  0%| F|  |TAMS 0x00000000c8100000, 0x00000000c8100000| Untracked 
| 130|0x00000000c8200000, 0x00000000c8200000, 0x00000000c8300000|  0%| F|  |TAMS 0x00000000c8200000, 0x00000000c8200000| Untracked 
| 131|0x00000000c8300000, 0x00000000c8300000, 0x00000000c8400000|  0%| F|  |TAMS 0x00000000c8300000, 0x00000000c8300000| Untracked 
| 132|0x00000000c8400000, 0x00000000c8400000, 0x00000000c8500000|  0%| F|  |TAMS 0x00000000c8400000, 0x00000000c8400000| Untracked 
| 133|0x00000000c8500000, 0x00000000c8500000, 0x00000000c8600000|  0%| F|  |TAMS 0x00000000c8500000, 0x00000000c8500000| Untracked 
| 134|0x00000000c8600000, 0x00000000c8600000, 0x00000000c8700000|  0%| F|  |TAMS 0x00000000c8600000, 0x00000000c8600000| Untracked 
| 135|0x00000000c8700000, 0x00000000c8700000, 0x00000000c8800000|  0%| F|  |TAMS 0x00000000c8700000, 0x00000000c8700000| Untracked 
| 136|0x00000000c8800000, 0x00000000c8800000, 0x00000000c8900000|  0%| F|  |TAMS 0x00000000c8800000, 0x00000000c8800000| Untracked 
| 137|0x00000000c8900000, 0x00000000c8900000, 0x00000000c8a00000|  0%| F|  |TAMS 0x00000000c8900000, 0x00000000c8900000| Untracked 
| 138|0x00000000c8a00000, 0x00000000c8a00000, 0x00000000c8b00000|  0%| F|  |TAMS 0x00000000c8a00000, 0x00000000c8a00000| Untracked 
| 139|0x00000000c8b00000, 0x00000000c8b00000, 0x00000000c8c00000|  0%| F|  |TAMS 0x00000000c8b00000, 0x00000000c8b00000| Untracked 
| 140|0x00000000c8c00000, 0x00000000c8c00000, 0x00000000c8d00000|  0%| F|  |TAMS 0x00000000c8c00000, 0x00000000c8c00000| Untracked 
| 141|0x00000000c8d00000, 0x00000000c8d00000, 0x00000000c8e00000|  0%| F|  |TAMS 0x00000000c8d00000, 0x00000000c8d00000| Untracked 
| 142|0x00000000c8e00000, 0x00000000c8e00000, 0x00000000c8f00000|  0%| F|  |TAMS 0x00000000c8e00000, 0x00000000c8e00000| Untracked 
| 143|0x00000000c8f00000, 0x00000000c8f00000, 0x00000000c9000000|  0%| F|  |TAMS 0x00000000c8f00000, 0x00000000c8f00000| Untracked 
| 144|0x00000000c9000000, 0x00000000c9000000, 0x00000000c9100000|  0%| F|  |TAMS 0x00000000c9000000, 0x00000000c9000000| Untracked 
| 145|0x00000000c9100000, 0x00000000c9100000, 0x00000000c9200000|  0%| F|  |TAMS 0x00000000c9100000, 0x00000000c9100000| Untracked 
| 146|0x00000000c9200000, 0x00000000c9200000, 0x00000000c9300000|  0%| F|  |TAMS 0x00000000c9200000, 0x00000000c9200000| Untracked 
| 147|0x00000000c9300000, 0x00000000c9300000, 0x00000000c9400000|  0%| F|  |TAMS 0x00000000c9300000, 0x00000000c9300000| Untracked 
| 148|0x00000000c9400000, 0x00000000c9400000, 0x00000000c9500000|  0%| F|  |TAMS 0x00000000c9400000, 0x00000000c9400000| Untracked 
| 149|0x00000000c9500000, 0x00000000c9500000, 0x00000000c9600000|  0%| F|  |TAMS 0x00000000c9500000, 0x00000000c9500000| Untracked 
| 150|0x00000000c9600000, 0x00000000c9600000, 0x00000000c9700000|  0%| F|  |TAMS 0x00000000c9600000, 0x00000000c9600000| Untracked 
| 151|0x00000000c9700000, 0x00000000c9700000, 0x00000000c9800000|  0%| F|  |TAMS 0x00000000c9700000, 0x00000000c9700000| Untracked 
| 152|0x00000000c9800000, 0x00000000c9800000, 0x00000000c9900000|  0%| F|  |TAMS 0x00000000c9800000, 0x00000000c9800000| Untracked 
| 153|0x00000000c9900000, 0x00000000c9900000, 0x00000000c9a00000|  0%| F|  |TAMS 0x00000000c9900000, 0x00000000c9900000| Untracked 
| 154|0x00000000c9a00000, 0x00000000c9a00000, 0x00000000c9b00000|  0%| F|  |TAMS 0x00000000c9a00000, 0x00000000c9a00000| Untracked 
| 155|0x00000000c9b00000, 0x00000000c9b00000, 0x00000000c9c00000|  0%| F|  |TAMS 0x00000000c9b00000, 0x00000000c9b00000| Untracked 
| 156|0x00000000c9c00000, 0x00000000c9c00000, 0x00000000c9d00000|  0%| F|  |TAMS 0x00000000c9c00000, 0x00000000c9c00000| Untracked 
| 157|0x00000000c9d00000, 0x00000000c9d00000, 0x00000000c9e00000|  0%| F|  |TAMS 0x00000000c9d00000, 0x00000000c9d00000| Untracked 
| 158|0x00000000c9e00000, 0x00000000c9e00000, 0x00000000c9f00000|  0%| F|  |TAMS 0x00000000c9e00000, 0x00000000c9e00000| Untracked 
| 159|0x00000000c9f00000, 0x00000000c9f00000, 0x00000000ca000000|  0%| F|  |TAMS 0x00000000c9f00000, 0x00000000c9f00000| Untracked 
| 160|0x00000000ca000000, 0x00000000ca000000, 0x00000000ca100000|  0%| F|  |TAMS 0x00000000ca000000, 0x00000000ca000000| Untracked 
| 161|0x00000000ca100000, 0x00000000ca100000, 0x00000000ca200000|  0%| F|  |TAMS 0x00000000ca100000, 0x00000000ca100000| Untracked 
| 162|0x00000000ca200000, 0x00000000ca200000, 0x00000000ca300000|  0%| F|  |TAMS 0x00000000ca200000, 0x00000000ca200000| Untracked 
| 163|0x00000000ca300000, 0x00000000ca300000, 0x00000000ca400000|  0%| F|  |TAMS 0x00000000ca300000, 0x00000000ca300000| Untracked 
| 164|0x00000000ca400000, 0x00000000ca400000, 0x00000000ca500000|  0%| F|  |TAMS 0x00000000ca400000, 0x00000000ca400000| Untracked 
| 165|0x00000000ca500000, 0x00000000ca500000, 0x00000000ca600000|  0%| F|  |TAMS 0x00000000ca500000, 0x00000000ca500000| Untracked 
| 166|0x00000000ca600000, 0x00000000ca600000, 0x00000000ca700000|  0%| F|  |TAMS 0x00000000ca600000, 0x00000000ca600000| Untracked 
| 167|0x00000000ca700000, 0x00000000ca700000, 0x00000000ca800000|  0%| F|  |TAMS 0x00000000ca700000, 0x00000000ca700000| Untracked 
| 168|0x00000000ca800000, 0x00000000ca800000, 0x00000000ca900000|  0%| F|  |TAMS 0x00000000ca800000, 0x00000000ca800000| Untracked 
| 169|0x00000000ca900000, 0x00000000ca900000, 0x00000000caa00000|  0%| F|  |TAMS 0x00000000ca900000, 0x00000000ca900000| Untracked 
| 170|0x00000000caa00000, 0x00000000caa00000, 0x00000000cab00000|  0%| F|  |TAMS 0x00000000caa00000, 0x00000000caa00000| Untracked 
| 171|0x00000000cab00000, 0x00000000cab00000, 0x00000000cac00000|  0%| F|  |TAMS 0x00000000cab00000, 0x00000000cab00000| Untracked 
| 172|0x00000000cac00000, 0x00000000cac00000, 0x00000000cad00000|  0%| F|  |TAMS 0x00000000cac00000, 0x00000000cac00000| Untracked 
| 173|0x00000000cad00000, 0x00000000cad00000, 0x00000000cae00000|  0%| F|  |TAMS 0x00000000cad00000, 0x00000000cad00000| Untracked 
| 174|0x00000000cae00000, 0x00000000cae00000, 0x00000000caf00000|  0%| F|  |TAMS 0x00000000cae00000, 0x00000000cae00000| Untracked 
| 175|0x00000000caf00000, 0x00000000caf00000, 0x00000000cb000000|  0%| F|  |TAMS 0x00000000caf00000, 0x00000000caf00000| Untracked 
| 176|0x00000000cb000000, 0x00000000cb000000, 0x00000000cb100000|  0%| F|  |TAMS 0x00000000cb000000, 0x00000000cb000000| Untracked 
| 177|0x00000000cb100000, 0x00000000cb100000, 0x00000000cb200000|  0%| F|  |TAMS 0x00000000cb100000, 0x00000000cb100000| Untracked 
| 178|0x00000000cb200000, 0x00000000cb200000, 0x00000000cb300000|  0%| F|  |TAMS 0x00000000cb200000, 0x00000000cb200000| Untracked 
| 179|0x00000000cb300000, 0x00000000cb300000, 0x00000000cb400000|  0%| F|  |TAMS 0x00000000cb300000, 0x00000000cb300000| Untracked 
| 180|0x00000000cb400000, 0x00000000cb400000, 0x00000000cb500000|  0%| F|  |TAMS 0x00000000cb400000, 0x00000000cb400000| Untracked 
| 181|0x00000000cb500000, 0x00000000cb500000, 0x00000000cb600000|  0%| F|  |TAMS 0x00000000cb500000, 0x00000000cb500000| Untracked 
| 182|0x00000000cb600000, 0x00000000cb600000, 0x00000000cb700000|  0%| F|  |TAMS 0x00000000cb600000, 0x00000000cb600000| Untracked 
| 183|0x00000000cb700000, 0x00000000cb700000, 0x00000000cb800000|  0%| F|  |TAMS 0x00000000cb700000, 0x00000000cb700000| Untracked 
| 184|0x00000000cb800000, 0x00000000cb800000, 0x00000000cb900000|  0%| F|  |TAMS 0x00000000cb800000, 0x00000000cb800000| Untracked 
| 185|0x00000000cb900000, 0x00000000cb900000, 0x00000000cba00000|  0%| F|  |TAMS 0x00000000cb900000, 0x00000000cb900000| Untracked 
| 186|0x00000000cba00000, 0x00000000cba00000, 0x00000000cbb00000|  0%| F|  |TAMS 0x00000000cba00000, 0x00000000cba00000| Untracked 
| 187|0x00000000cbb00000, 0x00000000cbb00000, 0x00000000cbc00000|  0%| F|  |TAMS 0x00000000cbb00000, 0x00000000cbb00000| Untracked 
| 188|0x00000000cbc00000, 0x00000000cbc00000, 0x00000000cbd00000|  0%| F|  |TAMS 0x00000000cbc00000, 0x00000000cbc00000| Untracked 
| 189|0x00000000cbd00000, 0x00000000cbd00000, 0x00000000cbe00000|  0%| F|  |TAMS 0x00000000cbd00000, 0x00000000cbd00000| Untracked 
| 190|0x00000000cbe00000, 0x00000000cbe00000, 0x00000000cbf00000|  0%| F|  |TAMS 0x00000000cbe00000, 0x00000000cbe00000| Untracked 
| 191|0x00000000cbf00000, 0x00000000cbf00000, 0x00000000cc000000|  0%| F|  |TAMS 0x00000000cbf00000, 0x00000000cbf00000| Untracked 
| 192|0x00000000cc000000, 0x00000000cc000000, 0x00000000cc100000|  0%| F|  |TAMS 0x00000000cc000000, 0x00000000cc000000| Untracked 
| 193|0x00000000cc100000, 0x00000000cc100000, 0x00000000cc200000|  0%| F|  |TAMS 0x00000000cc100000, 0x00000000cc100000| Untracked 
| 194|0x00000000cc200000, 0x00000000cc200000, 0x00000000cc300000|  0%| F|  |TAMS 0x00000000cc200000, 0x00000000cc200000| Untracked 
| 195|0x00000000cc300000, 0x00000000cc300000, 0x00000000cc400000|  0%| F|  |TAMS 0x00000000cc300000, 0x00000000cc300000| Untracked 
| 196|0x00000000cc400000, 0x00000000cc400000, 0x00000000cc500000|  0%| F|  |TAMS 0x00000000cc400000, 0x00000000cc400000| Untracked 
| 197|0x00000000cc500000, 0x00000000cc500000, 0x00000000cc600000|  0%| F|  |TAMS 0x00000000cc500000, 0x00000000cc500000| Untracked 
| 198|0x00000000cc600000, 0x00000000cc600000, 0x00000000cc700000|  0%| F|  |TAMS 0x00000000cc600000, 0x00000000cc600000| Untracked 
| 199|0x00000000cc700000, 0x00000000cc700000, 0x00000000cc800000|  0%| F|  |TAMS 0x00000000cc700000, 0x00000000cc700000| Untracked 
| 200|0x00000000cc800000, 0x00000000cc800000, 0x00000000cc900000|  0%| F|  |TAMS 0x00000000cc800000, 0x00000000cc800000| Untracked 
| 201|0x00000000cc900000, 0x00000000cc900000, 0x00000000cca00000|  0%| F|  |TAMS 0x00000000cc900000, 0x00000000cc900000| Untracked 
| 202|0x00000000cca00000, 0x00000000cca00000, 0x00000000ccb00000|  0%| F|  |TAMS 0x00000000cca00000, 0x00000000cca00000| Untracked 
| 203|0x00000000ccb00000, 0x00000000ccb00000, 0x00000000ccc00000|  0%| F|  |TAMS 0x00000000ccb00000, 0x00000000ccb00000| Untracked 
| 204|0x00000000ccc00000, 0x00000000ccc00000, 0x00000000ccd00000|  0%| F|  |TAMS 0x00000000ccc00000, 0x00000000ccc00000| Untracked 
| 205|0x00000000ccd00000, 0x00000000ccd00000, 0x00000000cce00000|  0%| F|  |TAMS 0x00000000ccd00000, 0x00000000ccd00000| Untracked 
| 206|0x00000000cce00000, 0x00000000cce00000, 0x00000000ccf00000|  0%| F|  |TAMS 0x00000000cce00000, 0x00000000cce00000| Untracked 
| 207|0x00000000ccf00000, 0x00000000ccf00000, 0x00000000cd000000|  0%| F|  |TAMS 0x00000000ccf00000, 0x00000000ccf00000| Untracked 
| 208|0x00000000cd000000, 0x00000000cd000000, 0x00000000cd100000|  0%| F|  |TAMS 0x00000000cd000000, 0x00000000cd000000| Untracked 
| 209|0x00000000cd100000, 0x00000000cd100000, 0x00000000cd200000|  0%| F|  |TAMS 0x00000000cd100000, 0x00000000cd100000| Untracked 
| 210|0x00000000cd200000, 0x00000000cd200000, 0x00000000cd300000|  0%| F|  |TAMS 0x00000000cd200000, 0x00000000cd200000| Untracked 
| 211|0x00000000cd300000, 0x00000000cd300000, 0x00000000cd400000|  0%| F|  |TAMS 0x00000000cd300000, 0x00000000cd300000| Untracked 
| 212|0x00000000cd400000, 0x00000000cd400000, 0x00000000cd500000|  0%| F|  |TAMS 0x00000000cd400000, 0x00000000cd400000| Untracked 
| 213|0x00000000cd500000, 0x00000000cd500000, 0x00000000cd600000|  0%| F|  |TAMS 0x00000000cd500000, 0x00000000cd500000| Untracked 
| 214|0x00000000cd600000, 0x00000000cd600000, 0x00000000cd700000|  0%| F|  |TAMS 0x00000000cd600000, 0x00000000cd600000| Untracked 
| 215|0x00000000cd700000, 0x00000000cd700000, 0x00000000cd800000|  0%| F|  |TAMS 0x00000000cd700000, 0x00000000cd700000| Untracked 
| 216|0x00000000cd800000, 0x00000000cd800000, 0x00000000cd900000|  0%| F|  |TAMS 0x00000000cd800000, 0x00000000cd800000| Untracked 
| 217|0x00000000cd900000, 0x00000000cd900000, 0x00000000cda00000|  0%| F|  |TAMS 0x00000000cd900000, 0x00000000cd900000| Untracked 
| 218|0x00000000cda00000, 0x00000000cda00000, 0x00000000cdb00000|  0%| F|  |TAMS 0x00000000cda00000, 0x00000000cda00000| Untracked 
| 219|0x00000000cdb00000, 0x00000000cdb00000, 0x00000000cdc00000|  0%| F|  |TAMS 0x00000000cdb00000, 0x00000000cdb00000| Untracked 
| 220|0x00000000cdc00000, 0x00000000cdc00000, 0x00000000cdd00000|  0%| F|  |TAMS 0x00000000cdc00000, 0x00000000cdc00000| Untracked 
| 221|0x00000000cdd00000, 0x00000000cdd00000, 0x00000000cde00000|  0%| F|  |TAMS 0x00000000cdd00000, 0x00000000cdd00000| Untracked 
| 222|0x00000000cde00000, 0x00000000cde00000, 0x00000000cdf00000|  0%| F|  |TAMS 0x00000000cde00000, 0x00000000cde00000| Untracked 
| 223|0x00000000cdf00000, 0x00000000cdf00000, 0x00000000ce000000|  0%| F|  |TAMS 0x00000000cdf00000, 0x00000000cdf00000| Untracked 
| 224|0x00000000ce000000, 0x00000000ce000000, 0x00000000ce100000|  0%| F|  |TAMS 0x00000000ce000000, 0x00000000ce000000| Untracked 
| 225|0x00000000ce100000, 0x00000000ce100000, 0x00000000ce200000|  0%| F|  |TAMS 0x00000000ce100000, 0x00000000ce100000| Untracked 
| 226|0x00000000ce200000, 0x00000000ce200000, 0x00000000ce300000|  0%| F|  |TAMS 0x00000000ce200000, 0x00000000ce200000| Untracked 
| 227|0x00000000ce300000, 0x00000000ce300000, 0x00000000ce400000|  0%| F|  |TAMS 0x00000000ce300000, 0x00000000ce300000| Untracked 
| 228|0x00000000ce400000, 0x00000000ce400000, 0x00000000ce500000|  0%| F|  |TAMS 0x00000000ce400000, 0x00000000ce400000| Untracked 
| 229|0x00000000ce500000, 0x00000000ce500000, 0x00000000ce600000|  0%| F|  |TAMS 0x00000000ce500000, 0x00000000ce500000| Untracked 
| 230|0x00000000ce600000, 0x00000000ce600000, 0x00000000ce700000|  0%| F|  |TAMS 0x00000000ce600000, 0x00000000ce600000| Untracked 
| 231|0x00000000ce700000, 0x00000000ce700000, 0x00000000ce800000|  0%| F|  |TAMS 0x00000000ce700000, 0x00000000ce700000| Untracked 
| 232|0x00000000ce800000, 0x00000000ce800000, 0x00000000ce900000|  0%| F|  |TAMS 0x00000000ce800000, 0x00000000ce800000| Untracked 
| 233|0x00000000ce900000, 0x00000000ce900000, 0x00000000cea00000|  0%| F|  |TAMS 0x00000000ce900000, 0x00000000ce900000| Untracked 
| 234|0x00000000cea00000, 0x00000000cea00000, 0x00000000ceb00000|  0%| F|  |TAMS 0x00000000cea00000, 0x00000000cea00000| Untracked 
| 235|0x00000000ceb00000, 0x00000000ceb00000, 0x00000000cec00000|  0%| F|  |TAMS 0x00000000ceb00000, 0x00000000ceb00000| Untracked 
| 236|0x00000000cec00000, 0x00000000cec00000, 0x00000000ced00000|  0%| F|  |TAMS 0x00000000cec00000, 0x00000000cec00000| Untracked 
| 237|0x00000000ced00000, 0x00000000ced00000, 0x00000000cee00000|  0%| F|  |TAMS 0x00000000ced00000, 0x00000000ced00000| Untracked 
| 238|0x00000000cee00000, 0x00000000cee00000, 0x00000000cef00000|  0%| F|  |TAMS 0x00000000cee00000, 0x00000000cee00000| Untracked 
| 239|0x00000000cef00000, 0x00000000cef00000, 0x00000000cf000000|  0%| F|  |TAMS 0x00000000cef00000, 0x00000000cef00000| Untracked 
| 240|0x00000000cf000000, 0x00000000cf000000, 0x00000000cf100000|  0%| F|  |TAMS 0x00000000cf000000, 0x00000000cf000000| Untracked 
| 241|0x00000000cf100000, 0x00000000cf100000, 0x00000000cf200000|  0%| F|  |TAMS 0x00000000cf100000, 0x00000000cf100000| Untracked 
| 242|0x00000000cf200000, 0x00000000cf200000, 0x00000000cf300000|  0%| F|  |TAMS 0x00000000cf200000, 0x00000000cf200000| Untracked 
| 243|0x00000000cf300000, 0x00000000cf300000, 0x00000000cf400000|  0%| F|  |TAMS 0x00000000cf300000, 0x00000000cf300000| Untracked 
| 244|0x00000000cf400000, 0x00000000cf400000, 0x00000000cf500000|  0%| F|  |TAMS 0x00000000cf400000, 0x00000000cf400000| Untracked 
| 245|0x00000000cf500000, 0x00000000cf500000, 0x00000000cf600000|  0%| F|  |TAMS 0x00000000cf500000, 0x00000000cf500000| Untracked 
| 246|0x00000000cf600000, 0x00000000cf600000, 0x00000000cf700000|  0%| F|  |TAMS 0x00000000cf600000, 0x00000000cf600000| Untracked 
| 247|0x00000000cf700000, 0x00000000cf700000, 0x00000000cf800000|  0%| F|  |TAMS 0x00000000cf700000, 0x00000000cf700000| Untracked 
| 248|0x00000000cf800000, 0x00000000cf800000, 0x00000000cf900000|  0%| F|  |TAMS 0x00000000cf800000, 0x00000000cf800000| Untracked 
| 249|0x00000000cf900000, 0x00000000cf900000, 0x00000000cfa00000|  0%| F|  |TAMS 0x00000000cf900000, 0x00000000cf900000| Untracked 
| 250|0x00000000cfa00000, 0x00000000cfa00000, 0x00000000cfb00000|  0%| F|  |TAMS 0x00000000cfa00000, 0x00000000cfa00000| Untracked 
| 251|0x00000000cfb00000, 0x00000000cfb00000, 0x00000000cfc00000|  0%| F|  |TAMS 0x00000000cfb00000, 0x00000000cfb00000| Untracked 
| 252|0x00000000cfc00000, 0x00000000cfc00000, 0x00000000cfd00000|  0%| F|  |TAMS 0x00000000cfc00000, 0x00000000cfc00000| Untracked 
| 253|0x00000000cfd00000, 0x00000000cfd00000, 0x00000000cfe00000|  0%| F|  |TAMS 0x00000000cfd00000, 0x00000000cfd00000| Untracked 
| 254|0x00000000cfe00000, 0x00000000cfe00000, 0x00000000cff00000|  0%| F|  |TAMS 0x00000000cfe00000, 0x00000000cfe00000| Untracked 
| 255|0x00000000cff00000, 0x00000000cff00000, 0x00000000d0000000|  0%| F|  |TAMS 0x00000000cff00000, 0x00000000cff00000| Untracked 
| 256|0x00000000d0000000, 0x00000000d0000000, 0x00000000d0100000|  0%| F|  |TAMS 0x00000000d0000000, 0x00000000d0000000| Untracked 
| 257|0x00000000d0100000, 0x00000000d0100000, 0x00000000d0200000|  0%| F|  |TAMS 0x00000000d0100000, 0x00000000d0100000| Untracked 
| 258|0x00000000d0200000, 0x00000000d0200000, 0x00000000d0300000|  0%| F|  |TAMS 0x00000000d0200000, 0x00000000d0200000| Untracked 
| 259|0x00000000d0300000, 0x00000000d0300000, 0x00000000d0400000|  0%| F|  |TAMS 0x00000000d0300000, 0x00000000d0300000| Untracked 
| 260|0x00000000d0400000, 0x00000000d0400000, 0x00000000d0500000|  0%| F|  |TAMS 0x00000000d0400000, 0x00000000d0400000| Untracked 
| 261|0x00000000d0500000, 0x00000000d0500000, 0x00000000d0600000|  0%| F|  |TAMS 0x00000000d0500000, 0x00000000d0500000| Untracked 
| 262|0x00000000d0600000, 0x00000000d0600000, 0x00000000d0700000|  0%| F|  |TAMS 0x00000000d0600000, 0x00000000d0600000| Untracked 
| 263|0x00000000d0700000, 0x00000000d0700000, 0x00000000d0800000|  0%| F|  |TAMS 0x00000000d0700000, 0x00000000d0700000| Untracked 
| 264|0x00000000d0800000, 0x00000000d0800000, 0x00000000d0900000|  0%| F|  |TAMS 0x00000000d0800000, 0x00000000d0800000| Untracked 
| 265|0x00000000d0900000, 0x00000000d0900000, 0x00000000d0a00000|  0%| F|  |TAMS 0x00000000d0900000, 0x00000000d0900000| Untracked 
| 266|0x00000000d0a00000, 0x00000000d0a00000, 0x00000000d0b00000|  0%| F|  |TAMS 0x00000000d0a00000, 0x00000000d0a00000| Untracked 
| 267|0x00000000d0b00000, 0x00000000d0b00000, 0x00000000d0c00000|  0%| F|  |TAMS 0x00000000d0b00000, 0x00000000d0b00000| Untracked 
| 268|0x00000000d0c00000, 0x00000000d0c00000, 0x00000000d0d00000|  0%| F|  |TAMS 0x00000000d0c00000, 0x00000000d0c00000| Untracked 
| 269|0x00000000d0d00000, 0x00000000d0d00000, 0x00000000d0e00000|  0%| F|  |TAMS 0x00000000d0d00000, 0x00000000d0d00000| Untracked 
| 270|0x00000000d0e00000, 0x00000000d0e00000, 0x00000000d0f00000|  0%| F|  |TAMS 0x00000000d0e00000, 0x00000000d0e00000| Untracked 
| 271|0x00000000d0f00000, 0x00000000d0f00000, 0x00000000d1000000|  0%| F|  |TAMS 0x00000000d0f00000, 0x00000000d0f00000| Untracked 
| 272|0x00000000d1000000, 0x00000000d1000000, 0x00000000d1100000|  0%| F|  |TAMS 0x00000000d1000000, 0x00000000d1000000| Untracked 
| 273|0x00000000d1100000, 0x00000000d1100000, 0x00000000d1200000|  0%| F|  |TAMS 0x00000000d1100000, 0x00000000d1100000| Untracked 
| 274|0x00000000d1200000, 0x00000000d1200000, 0x00000000d1300000|  0%| F|  |TAMS 0x00000000d1200000, 0x00000000d1200000| Untracked 
| 275|0x00000000d1300000, 0x00000000d1300000, 0x00000000d1400000|  0%| F|  |TAMS 0x00000000d1300000, 0x00000000d1300000| Untracked 
| 276|0x00000000d1400000, 0x00000000d1400000, 0x00000000d1500000|  0%| F|  |TAMS 0x00000000d1400000, 0x00000000d1400000| Untracked 
| 277|0x00000000d1500000, 0x00000000d1500000, 0x00000000d1600000|  0%| F|  |TAMS 0x00000000d1500000, 0x00000000d1500000| Untracked 
| 278|0x00000000d1600000, 0x00000000d1600000, 0x00000000d1700000|  0%| F|  |TAMS 0x00000000d1600000, 0x00000000d1600000| Untracked 
| 279|0x00000000d1700000, 0x00000000d1700000, 0x00000000d1800000|  0%| F|  |TAMS 0x00000000d1700000, 0x00000000d1700000| Untracked 
| 280|0x00000000d1800000, 0x00000000d1800000, 0x00000000d1900000|  0%| F|  |TAMS 0x00000000d1800000, 0x00000000d1800000| Untracked 
| 281|0x00000000d1900000, 0x00000000d1900000, 0x00000000d1a00000|  0%| F|  |TAMS 0x00000000d1900000, 0x00000000d1900000| Untracked 
| 282|0x00000000d1a00000, 0x00000000d1a00000, 0x00000000d1b00000|  0%| F|  |TAMS 0x00000000d1a00000, 0x00000000d1a00000| Untracked 
| 283|0x00000000d1b00000, 0x00000000d1b00000, 0x00000000d1c00000|  0%| F|  |TAMS 0x00000000d1b00000, 0x00000000d1b00000| Untracked 
| 284|0x00000000d1c00000, 0x00000000d1c00000, 0x00000000d1d00000|  0%| F|  |TAMS 0x00000000d1c00000, 0x00000000d1c00000| Untracked 
| 285|0x00000000d1d00000, 0x00000000d1d00000, 0x00000000d1e00000|  0%| F|  |TAMS 0x00000000d1d00000, 0x00000000d1d00000| Untracked 
| 286|0x00000000d1e00000, 0x00000000d1e00000, 0x00000000d1f00000|  0%| F|  |TAMS 0x00000000d1e00000, 0x00000000d1e00000| Untracked 
| 287|0x00000000d1f00000, 0x00000000d1f00000, 0x00000000d2000000|  0%| F|  |TAMS 0x00000000d1f00000, 0x00000000d1f00000| Untracked 
| 288|0x00000000d2000000, 0x00000000d2000000, 0x00000000d2100000|  0%| F|  |TAMS 0x00000000d2000000, 0x00000000d2000000| Untracked 
| 289|0x00000000d2100000, 0x00000000d2100000, 0x00000000d2200000|  0%| F|  |TAMS 0x00000000d2100000, 0x00000000d2100000| Untracked 
| 290|0x00000000d2200000, 0x00000000d2200000, 0x00000000d2300000|  0%| F|  |TAMS 0x00000000d2200000, 0x00000000d2200000| Untracked 
| 291|0x00000000d2300000, 0x00000000d2300000, 0x00000000d2400000|  0%| F|  |TAMS 0x00000000d2300000, 0x00000000d2300000| Untracked 
| 292|0x00000000d2400000, 0x00000000d2400000, 0x00000000d2500000|  0%| F|  |TAMS 0x00000000d2400000, 0x00000000d2400000| Untracked 
| 293|0x00000000d2500000, 0x00000000d2500000, 0x00000000d2600000|  0%| F|  |TAMS 0x00000000d2500000, 0x00000000d2500000| Untracked 
| 294|0x00000000d2600000, 0x00000000d2600000, 0x00000000d2700000|  0%| F|  |TAMS 0x00000000d2600000, 0x00000000d2600000| Untracked 
| 295|0x00000000d2700000, 0x00000000d2700000, 0x00000000d2800000|  0%| F|  |TAMS 0x00000000d2700000, 0x00000000d2700000| Untracked 
| 296|0x00000000d2800000, 0x00000000d2800000, 0x00000000d2900000|  0%| F|  |TAMS 0x00000000d2800000, 0x00000000d2800000| Untracked 
| 297|0x00000000d2900000, 0x00000000d2900000, 0x00000000d2a00000|  0%| F|  |TAMS 0x00000000d2900000, 0x00000000d2900000| Untracked 
| 298|0x00000000d2a00000, 0x00000000d2a00000, 0x00000000d2b00000|  0%| F|  |TAMS 0x00000000d2a00000, 0x00000000d2a00000| Untracked 
| 299|0x00000000d2b00000, 0x00000000d2b00000, 0x00000000d2c00000|  0%| F|  |TAMS 0x00000000d2b00000, 0x00000000d2b00000| Untracked 
| 300|0x00000000d2c00000, 0x00000000d2c00000, 0x00000000d2d00000|  0%| F|  |TAMS 0x00000000d2c00000, 0x00000000d2c00000| Untracked 
| 301|0x00000000d2d00000, 0x00000000d2d00000, 0x00000000d2e00000|  0%| F|  |TAMS 0x00000000d2d00000, 0x00000000d2d00000| Untracked 
| 302|0x00000000d2e00000, 0x00000000d2e00000, 0x00000000d2f00000|  0%| F|  |TAMS 0x00000000d2e00000, 0x00000000d2e00000| Untracked 
| 303|0x00000000d2f00000, 0x00000000d2f00000, 0x00000000d3000000|  0%| F|  |TAMS 0x00000000d2f00000, 0x00000000d2f00000| Untracked 
| 304|0x00000000d3000000, 0x00000000d3000000, 0x00000000d3100000|  0%| F|  |TAMS 0x00000000d3000000, 0x00000000d3000000| Untracked 
| 305|0x00000000d3100000, 0x00000000d3100000, 0x00000000d3200000|  0%| F|  |TAMS 0x00000000d3100000, 0x00000000d3100000| Untracked 
| 306|0x00000000d3200000, 0x00000000d3200000, 0x00000000d3300000|  0%| F|  |TAMS 0x00000000d3200000, 0x00000000d3200000| Untracked 
| 307|0x00000000d3300000, 0x00000000d3300000, 0x00000000d3400000|  0%| F|  |TAMS 0x00000000d3300000, 0x00000000d3300000| Untracked 
| 308|0x00000000d3400000, 0x00000000d3400000, 0x00000000d3500000|  0%| F|  |TAMS 0x00000000d3400000, 0x00000000d3400000| Untracked 
| 309|0x00000000d3500000, 0x00000000d3500000, 0x00000000d3600000|  0%| F|  |TAMS 0x00000000d3500000, 0x00000000d3500000| Untracked 
| 310|0x00000000d3600000, 0x00000000d3600000, 0x00000000d3700000|  0%| F|  |TAMS 0x00000000d3600000, 0x00000000d3600000| Untracked 
| 311|0x00000000d3700000, 0x00000000d3700000, 0x00000000d3800000|  0%| F|  |TAMS 0x00000000d3700000, 0x00000000d3700000| Untracked 
| 312|0x00000000d3800000, 0x00000000d3800000, 0x00000000d3900000|  0%| F|  |TAMS 0x00000000d3800000, 0x00000000d3800000| Untracked 
| 313|0x00000000d3900000, 0x00000000d3900000, 0x00000000d3a00000|  0%| F|  |TAMS 0x00000000d3900000, 0x00000000d3900000| Untracked 
| 314|0x00000000d3a00000, 0x00000000d3a00000, 0x00000000d3b00000|  0%| F|  |TAMS 0x00000000d3a00000, 0x00000000d3a00000| Untracked 
| 315|0x00000000d3b00000, 0x00000000d3b00000, 0x00000000d3c00000|  0%| F|  |TAMS 0x00000000d3b00000, 0x00000000d3b00000| Untracked 
| 316|0x00000000d3c00000, 0x00000000d3c00000, 0x00000000d3d00000|  0%| F|  |TAMS 0x00000000d3c00000, 0x00000000d3c00000| Untracked 
| 317|0x00000000d3d00000, 0x00000000d3d00000, 0x00000000d3e00000|  0%| F|  |TAMS 0x00000000d3d00000, 0x00000000d3d00000| Untracked 
| 318|0x00000000d3e00000, 0x00000000d3e00000, 0x00000000d3f00000|  0%| F|  |TAMS 0x00000000d3e00000, 0x00000000d3e00000| Untracked 
| 319|0x00000000d3f00000, 0x00000000d3f00000, 0x00000000d4000000|  0%| F|  |TAMS 0x00000000d3f00000, 0x00000000d3f00000| Untracked 
| 320|0x00000000d4000000, 0x00000000d4000000, 0x00000000d4100000|  0%| F|  |TAMS 0x00000000d4000000, 0x00000000d4000000| Untracked 
| 321|0x00000000d4100000, 0x00000000d4100000, 0x00000000d4200000|  0%| F|  |TAMS 0x00000000d4100000, 0x00000000d4100000| Untracked 
| 322|0x00000000d4200000, 0x00000000d4200000, 0x00000000d4300000|  0%| F|  |TAMS 0x00000000d4200000, 0x00000000d4200000| Untracked 
| 323|0x00000000d4300000, 0x00000000d4300000, 0x00000000d4400000|  0%| F|  |TAMS 0x00000000d4300000, 0x00000000d4300000| Untracked 
| 324|0x00000000d4400000, 0x00000000d4400000, 0x00000000d4500000|  0%| F|  |TAMS 0x00000000d4400000, 0x00000000d4400000| Untracked 
| 325|0x00000000d4500000, 0x00000000d4500000, 0x00000000d4600000|  0%| F|  |TAMS 0x00000000d4500000, 0x00000000d4500000| Untracked 
| 326|0x00000000d4600000, 0x00000000d4600000, 0x00000000d4700000|  0%| F|  |TAMS 0x00000000d4600000, 0x00000000d4600000| Untracked 
| 327|0x00000000d4700000, 0x00000000d4700000, 0x00000000d4800000|  0%| F|  |TAMS 0x00000000d4700000, 0x00000000d4700000| Untracked 
| 328|0x00000000d4800000, 0x00000000d4800000, 0x00000000d4900000|  0%| F|  |TAMS 0x00000000d4800000, 0x00000000d4800000| Untracked 
| 329|0x00000000d4900000, 0x00000000d4900000, 0x00000000d4a00000|  0%| F|  |TAMS 0x00000000d4900000, 0x00000000d4900000| Untracked 
| 330|0x00000000d4a00000, 0x00000000d4a00000, 0x00000000d4b00000|  0%| F|  |TAMS 0x00000000d4a00000, 0x00000000d4a00000| Untracked 
| 331|0x00000000d4b00000, 0x00000000d4b00000, 0x00000000d4c00000|  0%| F|  |TAMS 0x00000000d4b00000, 0x00000000d4b00000| Untracked 
| 332|0x00000000d4c00000, 0x00000000d4c00000, 0x00000000d4d00000|  0%| F|  |TAMS 0x00000000d4c00000, 0x00000000d4c00000| Untracked 
| 333|0x00000000d4d00000, 0x00000000d4d00000, 0x00000000d4e00000|  0%| F|  |TAMS 0x00000000d4d00000, 0x00000000d4d00000| Untracked 
| 334|0x00000000d4e00000, 0x00000000d4e00000, 0x00000000d4f00000|  0%| F|  |TAMS 0x00000000d4e00000, 0x00000000d4e00000| Untracked 
| 335|0x00000000d4f00000, 0x00000000d4f00000, 0x00000000d5000000|  0%| F|  |TAMS 0x00000000d4f00000, 0x00000000d4f00000| Untracked 
| 336|0x00000000d5000000, 0x00000000d5000000, 0x00000000d5100000|  0%| F|  |TAMS 0x00000000d5000000, 0x00000000d5000000| Untracked 
| 337|0x00000000d5100000, 0x00000000d5100000, 0x00000000d5200000|  0%| F|  |TAMS 0x00000000d5100000, 0x00000000d5100000| Untracked 
| 338|0x00000000d5200000, 0x00000000d5200000, 0x00000000d5300000|  0%| F|  |TAMS 0x00000000d5200000, 0x00000000d5200000| Untracked 
| 339|0x00000000d5300000, 0x00000000d5300000, 0x00000000d5400000|  0%| F|  |TAMS 0x00000000d5300000, 0x00000000d5300000| Untracked 
| 340|0x00000000d5400000, 0x00000000d5400000, 0x00000000d5500000|  0%| F|  |TAMS 0x00000000d5400000, 0x00000000d5400000| Untracked 
| 341|0x00000000d5500000, 0x00000000d5500000, 0x00000000d5600000|  0%| F|  |TAMS 0x00000000d5500000, 0x00000000d5500000| Untracked 
| 342|0x00000000d5600000, 0x00000000d5600000, 0x00000000d5700000|  0%| F|  |TAMS 0x00000000d5600000, 0x00000000d5600000| Untracked 
| 343|0x00000000d5700000, 0x00000000d5700000, 0x00000000d5800000|  0%| F|  |TAMS 0x00000000d5700000, 0x00000000d5700000| Untracked 
| 344|0x00000000d5800000, 0x00000000d5800000, 0x00000000d5900000|  0%| F|  |TAMS 0x00000000d5800000, 0x00000000d5800000| Untracked 
| 345|0x00000000d5900000, 0x00000000d5900000, 0x00000000d5a00000|  0%| F|  |TAMS 0x00000000d5900000, 0x00000000d5900000| Untracked 
| 346|0x00000000d5a00000, 0x00000000d5a00000, 0x00000000d5b00000|  0%| F|  |TAMS 0x00000000d5a00000, 0x00000000d5a00000| Untracked 
| 347|0x00000000d5b00000, 0x00000000d5b00000, 0x00000000d5c00000|  0%| F|  |TAMS 0x00000000d5b00000, 0x00000000d5b00000| Untracked 
| 348|0x00000000d5c00000, 0x00000000d5c00000, 0x00000000d5d00000|  0%| F|  |TAMS 0x00000000d5c00000, 0x00000000d5c00000| Untracked 
| 349|0x00000000d5d00000, 0x00000000d5d00000, 0x00000000d5e00000|  0%| F|  |TAMS 0x00000000d5d00000, 0x00000000d5d00000| Untracked 
| 350|0x00000000d5e00000, 0x00000000d5e00000, 0x00000000d5f00000|  0%| F|  |TAMS 0x00000000d5e00000, 0x00000000d5e00000| Untracked 
| 351|0x00000000d5f00000, 0x00000000d5f00000, 0x00000000d6000000|  0%| F|  |TAMS 0x00000000d5f00000, 0x00000000d5f00000| Untracked 
| 352|0x00000000d6000000, 0x00000000d6000000, 0x00000000d6100000|  0%| F|  |TAMS 0x00000000d6000000, 0x00000000d6000000| Untracked 
| 353|0x00000000d6100000, 0x00000000d6100000, 0x00000000d6200000|  0%| F|  |TAMS 0x00000000d6100000, 0x00000000d6100000| Untracked 
| 354|0x00000000d6200000, 0x00000000d6200000, 0x00000000d6300000|  0%| F|  |TAMS 0x00000000d6200000, 0x00000000d6200000| Untracked 
| 355|0x00000000d6300000, 0x00000000d6300000, 0x00000000d6400000|  0%| F|  |TAMS 0x00000000d6300000, 0x00000000d6300000| Untracked 
| 356|0x00000000d6400000, 0x00000000d6400000, 0x00000000d6500000|  0%| F|  |TAMS 0x00000000d6400000, 0x00000000d6400000| Untracked 
| 357|0x00000000d6500000, 0x00000000d6500000, 0x00000000d6600000|  0%| F|  |TAMS 0x00000000d6500000, 0x00000000d6500000| Untracked 
| 358|0x00000000d6600000, 0x00000000d6600000, 0x00000000d6700000|  0%| F|  |TAMS 0x00000000d6600000, 0x00000000d6600000| Untracked 
| 359|0x00000000d6700000, 0x00000000d6700000, 0x00000000d6800000|  0%| F|  |TAMS 0x00000000d6700000, 0x00000000d6700000| Untracked 
| 360|0x00000000d6800000, 0x00000000d6800000, 0x00000000d6900000|  0%| F|  |TAMS 0x00000000d6800000, 0x00000000d6800000| Untracked 
| 361|0x00000000d6900000, 0x00000000d6900000, 0x00000000d6a00000|  0%| F|  |TAMS 0x00000000d6900000, 0x00000000d6900000| Untracked 
| 362|0x00000000d6a00000, 0x00000000d6a00000, 0x00000000d6b00000|  0%| F|  |TAMS 0x00000000d6a00000, 0x00000000d6a00000| Untracked 
| 363|0x00000000d6b00000, 0x00000000d6b00000, 0x00000000d6c00000|  0%| F|  |TAMS 0x00000000d6b00000, 0x00000000d6b00000| Untracked 
| 364|0x00000000d6c00000, 0x00000000d6c00000, 0x00000000d6d00000|  0%| F|  |TAMS 0x00000000d6c00000, 0x00000000d6c00000| Untracked 
| 365|0x00000000d6d00000, 0x00000000d6d00000, 0x00000000d6e00000|  0%| F|  |TAMS 0x00000000d6d00000, 0x00000000d6d00000| Untracked 
| 366|0x00000000d6e00000, 0x00000000d6e00000, 0x00000000d6f00000|  0%| F|  |TAMS 0x00000000d6e00000, 0x00000000d6e00000| Untracked 
| 367|0x00000000d6f00000, 0x00000000d6f00000, 0x00000000d7000000|  0%| F|  |TAMS 0x00000000d6f00000, 0x00000000d6f00000| Untracked 
| 368|0x00000000d7000000, 0x00000000d7000000, 0x00000000d7100000|  0%| F|  |TAMS 0x00000000d7000000, 0x00000000d7000000| Untracked 
| 369|0x00000000d7100000, 0x00000000d7100000, 0x00000000d7200000|  0%| F|  |TAMS 0x00000000d7100000, 0x00000000d7100000| Untracked 
| 370|0x00000000d7200000, 0x00000000d7200000, 0x00000000d7300000|  0%| F|  |TAMS 0x00000000d7200000, 0x00000000d7200000| Untracked 
| 371|0x00000000d7300000, 0x00000000d7300000, 0x00000000d7400000|  0%| F|  |TAMS 0x00000000d7300000, 0x00000000d7300000| Untracked 
| 372|0x00000000d7400000, 0x00000000d7400000, 0x00000000d7500000|  0%| F|  |TAMS 0x00000000d7400000, 0x00000000d7400000| Untracked 
| 373|0x00000000d7500000, 0x00000000d7500000, 0x00000000d7600000|  0%| F|  |TAMS 0x00000000d7500000, 0x00000000d7500000| Untracked 
| 374|0x00000000d7600000, 0x00000000d7600000, 0x00000000d7700000|  0%| F|  |TAMS 0x00000000d7600000, 0x00000000d7600000| Untracked 
| 375|0x00000000d7700000, 0x00000000d7700000, 0x00000000d7800000|  0%| F|  |TAMS 0x00000000d7700000, 0x00000000d7700000| Untracked 
| 376|0x00000000d7800000, 0x00000000d7800000, 0x00000000d7900000|  0%| F|  |TAMS 0x00000000d7800000, 0x00000000d7800000| Untracked 
| 377|0x00000000d7900000, 0x00000000d7900000, 0x00000000d7a00000|  0%| F|  |TAMS 0x00000000d7900000, 0x00000000d7900000| Untracked 
| 378|0x00000000d7a00000, 0x00000000d7a00000, 0x00000000d7b00000|  0%| F|  |TAMS 0x00000000d7a00000, 0x00000000d7a00000| Untracked 
| 379|0x00000000d7b00000, 0x00000000d7b00000, 0x00000000d7c00000|  0%| F|  |TAMS 0x00000000d7b00000, 0x00000000d7b00000| Untracked 
| 380|0x00000000d7c00000, 0x00000000d7c00000, 0x00000000d7d00000|  0%| F|  |TAMS 0x00000000d7c00000, 0x00000000d7c00000| Untracked 
| 381|0x00000000d7d00000, 0x00000000d7d00000, 0x00000000d7e00000|  0%| F|  |TAMS 0x00000000d7d00000, 0x00000000d7d00000| Untracked 
| 382|0x00000000d7e00000, 0x00000000d7e00000, 0x00000000d7f00000|  0%| F|  |TAMS 0x00000000d7e00000, 0x00000000d7e00000| Untracked 
| 383|0x00000000d7f00000, 0x00000000d7f00000, 0x00000000d8000000|  0%| F|  |TAMS 0x00000000d7f00000, 0x00000000d7f00000| Untracked 
| 384|0x00000000d8000000, 0x00000000d8000000, 0x00000000d8100000|  0%| F|  |TAMS 0x00000000d8000000, 0x00000000d8000000| Untracked 
| 385|0x00000000d8100000, 0x00000000d8100000, 0x00000000d8200000|  0%| F|  |TAMS 0x00000000d8100000, 0x00000000d8100000| Untracked 
| 386|0x00000000d8200000, 0x00000000d8200000, 0x00000000d8300000|  0%| F|  |TAMS 0x00000000d8200000, 0x00000000d8200000| Untracked 
| 387|0x00000000d8300000, 0x00000000d8300000, 0x00000000d8400000|  0%| F|  |TAMS 0x00000000d8300000, 0x00000000d8300000| Untracked 
| 388|0x00000000d8400000, 0x00000000d8400000, 0x00000000d8500000|  0%| F|  |TAMS 0x00000000d8400000, 0x00000000d8400000| Untracked 
| 389|0x00000000d8500000, 0x00000000d8500000, 0x00000000d8600000|  0%| F|  |TAMS 0x00000000d8500000, 0x00000000d8500000| Untracked 
| 390|0x00000000d8600000, 0x00000000d8600000, 0x00000000d8700000|  0%| F|  |TAMS 0x00000000d8600000, 0x00000000d8600000| Untracked 
| 391|0x00000000d8700000, 0x00000000d8700000, 0x00000000d8800000|  0%| F|  |TAMS 0x00000000d8700000, 0x00000000d8700000| Untracked 
| 392|0x00000000d8800000, 0x00000000d8800000, 0x00000000d8900000|  0%| F|  |TAMS 0x00000000d8800000, 0x00000000d8800000| Untracked 
| 393|0x00000000d8900000, 0x00000000d8900000, 0x00000000d8a00000|  0%| F|  |TAMS 0x00000000d8900000, 0x00000000d8900000| Untracked 
| 394|0x00000000d8a00000, 0x00000000d8a00000, 0x00000000d8b00000|  0%| F|  |TAMS 0x00000000d8a00000, 0x00000000d8a00000| Untracked 
| 395|0x00000000d8b00000, 0x00000000d8b00000, 0x00000000d8c00000|  0%| F|  |TAMS 0x00000000d8b00000, 0x00000000d8b00000| Untracked 
| 396|0x00000000d8c00000, 0x00000000d8c00000, 0x00000000d8d00000|  0%| F|  |TAMS 0x00000000d8c00000, 0x00000000d8c00000| Untracked 
| 397|0x00000000d8d00000, 0x00000000d8d00000, 0x00000000d8e00000|  0%| F|  |TAMS 0x00000000d8d00000, 0x00000000d8d00000| Untracked 
| 398|0x00000000d8e00000, 0x00000000d8e00000, 0x00000000d8f00000|  0%| F|  |TAMS 0x00000000d8e00000, 0x00000000d8e00000| Untracked 
| 399|0x00000000d8f00000, 0x00000000d8f00000, 0x00000000d9000000|  0%| F|  |TAMS 0x00000000d8f00000, 0x00000000d8f00000| Untracked 
| 400|0x00000000d9000000, 0x00000000d9000000, 0x00000000d9100000|  0%| F|  |TAMS 0x00000000d9000000, 0x00000000d9000000| Untracked 
| 401|0x00000000d9100000, 0x00000000d9100000, 0x00000000d9200000|  0%| F|  |TAMS 0x00000000d9100000, 0x00000000d9100000| Untracked 
| 402|0x00000000d9200000, 0x00000000d9200000, 0x00000000d9300000|  0%| F|  |TAMS 0x00000000d9200000, 0x00000000d9200000| Untracked 
| 403|0x00000000d9300000, 0x00000000d9300000, 0x00000000d9400000|  0%| F|  |TAMS 0x00000000d9300000, 0x00000000d9300000| Untracked 
| 404|0x00000000d9400000, 0x00000000d9400000, 0x00000000d9500000|  0%| F|  |TAMS 0x00000000d9400000, 0x00000000d9400000| Untracked 
| 405|0x00000000d9500000, 0x00000000d9500000, 0x00000000d9600000|  0%| F|  |TAMS 0x00000000d9500000, 0x00000000d9500000| Untracked 
| 406|0x00000000d9600000, 0x00000000d9600000, 0x00000000d9700000|  0%| F|  |TAMS 0x00000000d9600000, 0x00000000d9600000| Untracked 
| 407|0x00000000d9700000, 0x00000000d9700000, 0x00000000d9800000|  0%| F|  |TAMS 0x00000000d9700000, 0x00000000d9700000| Untracked 
| 408|0x00000000d9800000, 0x00000000d9800000, 0x00000000d9900000|  0%| F|  |TAMS 0x00000000d9800000, 0x00000000d9800000| Untracked 
| 409|0x00000000d9900000, 0x00000000d9900000, 0x00000000d9a00000|  0%| F|  |TAMS 0x00000000d9900000, 0x00000000d9900000| Untracked 
| 410|0x00000000d9a00000, 0x00000000d9a00000, 0x00000000d9b00000|  0%| F|  |TAMS 0x00000000d9a00000, 0x00000000d9a00000| Untracked 
| 411|0x00000000d9b00000, 0x00000000d9b00000, 0x00000000d9c00000|  0%| F|  |TAMS 0x00000000d9b00000, 0x00000000d9b00000| Untracked 
| 412|0x00000000d9c00000, 0x00000000d9c00000, 0x00000000d9d00000|  0%| F|  |TAMS 0x00000000d9c00000, 0x00000000d9c00000| Untracked 
| 413|0x00000000d9d00000, 0x00000000d9d00000, 0x00000000d9e00000|  0%| F|  |TAMS 0x00000000d9d00000, 0x00000000d9d00000| Untracked 
| 414|0x00000000d9e00000, 0x00000000d9e00000, 0x00000000d9f00000|  0%| F|  |TAMS 0x00000000d9e00000, 0x00000000d9e00000| Untracked 
| 415|0x00000000d9f00000, 0x00000000d9f00000, 0x00000000da000000|  0%| F|  |TAMS 0x00000000d9f00000, 0x00000000d9f00000| Untracked 
| 416|0x00000000da000000, 0x00000000da000000, 0x00000000da100000|  0%| F|  |TAMS 0x00000000da000000, 0x00000000da000000| Untracked 
| 417|0x00000000da100000, 0x00000000da100000, 0x00000000da200000|  0%| F|  |TAMS 0x00000000da100000, 0x00000000da100000| Untracked 
| 418|0x00000000da200000, 0x00000000da200000, 0x00000000da300000|  0%| F|  |TAMS 0x00000000da200000, 0x00000000da200000| Untracked 
| 419|0x00000000da300000, 0x00000000da300000, 0x00000000da400000|  0%| F|  |TAMS 0x00000000da300000, 0x00000000da300000| Untracked 
| 420|0x00000000da400000, 0x00000000da400000, 0x00000000da500000|  0%| F|  |TAMS 0x00000000da400000, 0x00000000da400000| Untracked 
| 421|0x00000000da500000, 0x00000000da500000, 0x00000000da600000|  0%| F|  |TAMS 0x00000000da500000, 0x00000000da500000| Untracked 
| 422|0x00000000da600000, 0x00000000da600000, 0x00000000da700000|  0%| F|  |TAMS 0x00000000da600000, 0x00000000da600000| Untracked 
| 423|0x00000000da700000, 0x00000000da700000, 0x00000000da800000|  0%| F|  |TAMS 0x00000000da700000, 0x00000000da700000| Untracked 
| 424|0x00000000da800000, 0x00000000da800000, 0x00000000da900000|  0%| F|  |TAMS 0x00000000da800000, 0x00000000da800000| Untracked 
| 425|0x00000000da900000, 0x00000000da900000, 0x00000000daa00000|  0%| F|  |TAMS 0x00000000da900000, 0x00000000da900000| Untracked 
| 426|0x00000000daa00000, 0x00000000daa00000, 0x00000000dab00000|  0%| F|  |TAMS 0x00000000daa00000, 0x00000000daa00000| Untracked 
| 427|0x00000000dab00000, 0x00000000dab00000, 0x00000000dac00000|  0%| F|  |TAMS 0x00000000dab00000, 0x00000000dab00000| Untracked 
| 428|0x00000000dac00000, 0x00000000dac00000, 0x00000000dad00000|  0%| F|  |TAMS 0x00000000dac00000, 0x00000000dac00000| Untracked 
| 429|0x00000000dad00000, 0x00000000dad00000, 0x00000000dae00000|  0%| F|  |TAMS 0x00000000dad00000, 0x00000000dad00000| Untracked 
| 430|0x00000000dae00000, 0x00000000dae00000, 0x00000000daf00000|  0%| F|  |TAMS 0x00000000dae00000, 0x00000000dae00000| Untracked 
| 431|0x00000000daf00000, 0x00000000daf00000, 0x00000000db000000|  0%| F|  |TAMS 0x00000000daf00000, 0x00000000daf00000| Untracked 
| 432|0x00000000db000000, 0x00000000db000000, 0x00000000db100000|  0%| F|  |TAMS 0x00000000db000000, 0x00000000db000000| Untracked 
| 433|0x00000000db100000, 0x00000000db100000, 0x00000000db200000|  0%| F|  |TAMS 0x00000000db100000, 0x00000000db100000| Untracked 
| 434|0x00000000db200000, 0x00000000db200000, 0x00000000db300000|  0%| F|  |TAMS 0x00000000db200000, 0x00000000db200000| Untracked 
| 435|0x00000000db300000, 0x00000000db300000, 0x00000000db400000|  0%| F|  |TAMS 0x00000000db300000, 0x00000000db300000| Untracked 
| 436|0x00000000db400000, 0x00000000db400000, 0x00000000db500000|  0%| F|  |TAMS 0x00000000db400000, 0x00000000db400000| Untracked 
| 437|0x00000000db500000, 0x00000000db500000, 0x00000000db600000|  0%| F|  |TAMS 0x00000000db500000, 0x00000000db500000| Untracked 
| 438|0x00000000db600000, 0x00000000db600000, 0x00000000db700000|  0%| F|  |TAMS 0x00000000db600000, 0x00000000db600000| Untracked 
| 439|0x00000000db700000, 0x00000000db700000, 0x00000000db800000|  0%| F|  |TAMS 0x00000000db700000, 0x00000000db700000| Untracked 
| 440|0x00000000db800000, 0x00000000db800000, 0x00000000db900000|  0%| F|  |TAMS 0x00000000db800000, 0x00000000db800000| Untracked 
| 441|0x00000000db900000, 0x00000000db900000, 0x00000000dba00000|  0%| F|  |TAMS 0x00000000db900000, 0x00000000db900000| Untracked 
| 442|0x00000000dba00000, 0x00000000dba00000, 0x00000000dbb00000|  0%| F|  |TAMS 0x00000000dba00000, 0x00000000dba00000| Untracked 
| 443|0x00000000dbb00000, 0x00000000dbb00000, 0x00000000dbc00000|  0%| F|  |TAMS 0x00000000dbb00000, 0x00000000dbb00000| Untracked 
| 444|0x00000000dbc00000, 0x00000000dbc00000, 0x00000000dbd00000|  0%| F|  |TAMS 0x00000000dbc00000, 0x00000000dbc00000| Untracked 
| 445|0x00000000dbd00000, 0x00000000dbd00000, 0x00000000dbe00000|  0%| F|  |TAMS 0x00000000dbd00000, 0x00000000dbd00000| Untracked 
| 446|0x00000000dbe00000, 0x00000000dbe00000, 0x00000000dbf00000|  0%| F|  |TAMS 0x00000000dbe00000, 0x00000000dbe00000| Untracked 
| 447|0x00000000dbf00000, 0x00000000dbf00000, 0x00000000dc000000|  0%| F|  |TAMS 0x00000000dbf00000, 0x00000000dbf00000| Untracked 
| 448|0x00000000dc000000, 0x00000000dc000000, 0x00000000dc100000|  0%| F|  |TAMS 0x00000000dc000000, 0x00000000dc000000| Untracked 
| 449|0x00000000dc100000, 0x00000000dc100000, 0x00000000dc200000|  0%| F|  |TAMS 0x00000000dc100000, 0x00000000dc100000| Untracked 
| 450|0x00000000dc200000, 0x00000000dc200000, 0x00000000dc300000|  0%| F|  |TAMS 0x00000000dc200000, 0x00000000dc200000| Untracked 
| 451|0x00000000dc300000, 0x00000000dc300000, 0x00000000dc400000|  0%| F|  |TAMS 0x00000000dc300000, 0x00000000dc300000| Untracked 
| 452|0x00000000dc400000, 0x00000000dc400000, 0x00000000dc500000|  0%| F|  |TAMS 0x00000000dc400000, 0x00000000dc400000| Untracked 
| 453|0x00000000dc500000, 0x00000000dc500000, 0x00000000dc600000|  0%| F|  |TAMS 0x00000000dc500000, 0x00000000dc500000| Untracked 
| 454|0x00000000dc600000, 0x00000000dc600000, 0x00000000dc700000|  0%| F|  |TAMS 0x00000000dc600000, 0x00000000dc600000| Untracked 
| 455|0x00000000dc700000, 0x00000000dc700000, 0x00000000dc800000|  0%| F|  |TAMS 0x00000000dc700000, 0x00000000dc700000| Untracked 
| 456|0x00000000dc800000, 0x00000000dc800000, 0x00000000dc900000|  0%| F|  |TAMS 0x00000000dc800000, 0x00000000dc800000| Untracked 
| 457|0x00000000dc900000, 0x00000000dc900000, 0x00000000dca00000|  0%| F|  |TAMS 0x00000000dc900000, 0x00000000dc900000| Untracked 
| 458|0x00000000dca00000, 0x00000000dca00000, 0x00000000dcb00000|  0%| F|  |TAMS 0x00000000dca00000, 0x00000000dca00000| Untracked 
| 459|0x00000000dcb00000, 0x00000000dcb00000, 0x00000000dcc00000|  0%| F|  |TAMS 0x00000000dcb00000, 0x00000000dcb00000| Untracked 
| 460|0x00000000dcc00000, 0x00000000dcc00000, 0x00000000dcd00000|  0%| F|  |TAMS 0x00000000dcc00000, 0x00000000dcc00000| Untracked 
| 461|0x00000000dcd00000, 0x00000000dcd00000, 0x00000000dce00000|  0%| F|  |TAMS 0x00000000dcd00000, 0x00000000dcd00000| Untracked 
| 462|0x00000000dce00000, 0x00000000dce00000, 0x00000000dcf00000|  0%| F|  |TAMS 0x00000000dce00000, 0x00000000dce00000| Untracked 
| 463|0x00000000dcf00000, 0x00000000dcf00000, 0x00000000dd000000|  0%| F|  |TAMS 0x00000000dcf00000, 0x00000000dcf00000| Untracked 
| 464|0x00000000dd000000, 0x00000000dd000000, 0x00000000dd100000|  0%| F|  |TAMS 0x00000000dd000000, 0x00000000dd000000| Untracked 
| 465|0x00000000dd100000, 0x00000000dd100000, 0x00000000dd200000|  0%| F|  |TAMS 0x00000000dd100000, 0x00000000dd100000| Untracked 
| 466|0x00000000dd200000, 0x00000000dd200000, 0x00000000dd300000|  0%| F|  |TAMS 0x00000000dd200000, 0x00000000dd200000| Untracked 
| 467|0x00000000dd300000, 0x00000000dd300000, 0x00000000dd400000|  0%| F|  |TAMS 0x00000000dd300000, 0x00000000dd300000| Untracked 
| 468|0x00000000dd400000, 0x00000000dd400000, 0x00000000dd500000|  0%| F|  |TAMS 0x00000000dd400000, 0x00000000dd400000| Untracked 
| 469|0x00000000dd500000, 0x00000000dd500000, 0x00000000dd600000|  0%| F|  |TAMS 0x00000000dd500000, 0x00000000dd500000| Untracked 
| 470|0x00000000dd600000, 0x00000000dd600000, 0x00000000dd700000|  0%| F|  |TAMS 0x00000000dd600000, 0x00000000dd600000| Untracked 
| 471|0x00000000dd700000, 0x00000000dd700000, 0x00000000dd800000|  0%| F|  |TAMS 0x00000000dd700000, 0x00000000dd700000| Untracked 
| 472|0x00000000dd800000, 0x00000000dd800000, 0x00000000dd900000|  0%| F|  |TAMS 0x00000000dd800000, 0x00000000dd800000| Untracked 
| 473|0x00000000dd900000, 0x00000000dd900000, 0x00000000dda00000|  0%| F|  |TAMS 0x00000000dd900000, 0x00000000dd900000| Untracked 
| 474|0x00000000dda00000, 0x00000000dda00000, 0x00000000ddb00000|  0%| F|  |TAMS 0x00000000dda00000, 0x00000000dda00000| Untracked 
| 475|0x00000000ddb00000, 0x00000000ddb00000, 0x00000000ddc00000|  0%| F|  |TAMS 0x00000000ddb00000, 0x00000000ddb00000| Untracked 
| 476|0x00000000ddc00000, 0x00000000ddc00000, 0x00000000ddd00000|  0%| F|  |TAMS 0x00000000ddc00000, 0x00000000ddc00000| Untracked 
| 477|0x00000000ddd00000, 0x00000000ddd00000, 0x00000000dde00000|  0%| F|  |TAMS 0x00000000ddd00000, 0x00000000ddd00000| Untracked 
| 478|0x00000000dde00000, 0x00000000dde00000, 0x00000000ddf00000|  0%| F|  |TAMS 0x00000000dde00000, 0x00000000dde00000| Untracked 
| 479|0x00000000ddf00000, 0x00000000ddf00000, 0x00000000de000000|  0%| F|  |TAMS 0x00000000ddf00000, 0x00000000ddf00000| Untracked 
| 480|0x00000000de000000, 0x00000000de000000, 0x00000000de100000|  0%| F|  |TAMS 0x00000000de000000, 0x00000000de000000| Untracked 
| 481|0x00000000de100000, 0x00000000de100000, 0x00000000de200000|  0%| F|  |TAMS 0x00000000de100000, 0x00000000de100000| Untracked 
| 482|0x00000000de200000, 0x00000000de200000, 0x00000000de300000|  0%| F|  |TAMS 0x00000000de200000, 0x00000000de200000| Untracked 
| 483|0x00000000de300000, 0x00000000de300000, 0x00000000de400000|  0%| F|  |TAMS 0x00000000de300000, 0x00000000de300000| Untracked 
| 484|0x00000000de400000, 0x00000000de400000, 0x00000000de500000|  0%| F|  |TAMS 0x00000000de400000, 0x00000000de400000| Untracked 
| 485|0x00000000de500000, 0x00000000de500000, 0x00000000de600000|  0%| F|  |TAMS 0x00000000de500000, 0x00000000de500000| Untracked 
| 486|0x00000000de600000, 0x00000000de600000, 0x00000000de700000|  0%| F|  |TAMS 0x00000000de600000, 0x00000000de600000| Untracked 
| 487|0x00000000de700000, 0x00000000de700000, 0x00000000de800000|  0%| F|  |TAMS 0x00000000de700000, 0x00000000de700000| Untracked 
| 488|0x00000000de800000, 0x00000000de800000, 0x00000000de900000|  0%| F|  |TAMS 0x00000000de800000, 0x00000000de800000| Untracked 
| 489|0x00000000de900000, 0x00000000de900000, 0x00000000dea00000|  0%| F|  |TAMS 0x00000000de900000, 0x00000000de900000| Untracked 
| 490|0x00000000dea00000, 0x00000000dea00000, 0x00000000deb00000|  0%| F|  |TAMS 0x00000000dea00000, 0x00000000dea00000| Untracked 
| 491|0x00000000deb00000, 0x00000000deb00000, 0x00000000dec00000|  0%| F|  |TAMS 0x00000000deb00000, 0x00000000deb00000| Untracked 
| 492|0x00000000dec00000, 0x00000000dec00000, 0x00000000ded00000|  0%| F|  |TAMS 0x00000000dec00000, 0x00000000dec00000| Untracked 
| 493|0x00000000ded00000, 0x00000000ded00000, 0x00000000dee00000|  0%| F|  |TAMS 0x00000000ded00000, 0x00000000ded00000| Untracked 
| 494|0x00000000dee00000, 0x00000000dee00000, 0x00000000def00000|  0%| F|  |TAMS 0x00000000dee00000, 0x00000000dee00000| Untracked 
| 495|0x00000000def00000, 0x00000000def00000, 0x00000000df000000|  0%| F|  |TAMS 0x00000000def00000, 0x00000000def00000| Untracked 
| 496|0x00000000df000000, 0x00000000df000000, 0x00000000df100000|  0%| F|  |TAMS 0x00000000df000000, 0x00000000df000000| Untracked 
| 497|0x00000000df100000, 0x00000000df100000, 0x00000000df200000|  0%| F|  |TAMS 0x00000000df100000, 0x00000000df100000| Untracked 
| 498|0x00000000df200000, 0x00000000df200000, 0x00000000df300000|  0%| F|  |TAMS 0x00000000df200000, 0x00000000df200000| Untracked 
| 499|0x00000000df300000, 0x00000000df300000, 0x00000000df400000|  0%| F|  |TAMS 0x00000000df300000, 0x00000000df300000| Untracked 
| 500|0x00000000df400000, 0x00000000df400000, 0x00000000df500000|  0%| F|  |TAMS 0x00000000df400000, 0x00000000df400000| Untracked 
| 501|0x00000000df500000, 0x00000000df500000, 0x00000000df600000|  0%| F|  |TAMS 0x00000000df500000, 0x00000000df500000| Untracked 
| 502|0x00000000df600000, 0x00000000df600000, 0x00000000df700000|  0%| F|  |TAMS 0x00000000df600000, 0x00000000df600000| Untracked 
| 503|0x00000000df700000, 0x00000000df700000, 0x00000000df800000|  0%| F|  |TAMS 0x00000000df700000, 0x00000000df700000| Untracked 
| 504|0x00000000df800000, 0x00000000df800000, 0x00000000df900000|  0%| F|  |TAMS 0x00000000df800000, 0x00000000df800000| Untracked 
| 505|0x00000000df900000, 0x00000000df900000, 0x00000000dfa00000|  0%| F|  |TAMS 0x00000000df900000, 0x00000000df900000| Untracked 
| 506|0x00000000dfa00000, 0x00000000dfa00000, 0x00000000dfb00000|  0%| F|  |TAMS 0x00000000dfa00000, 0x00000000dfa00000| Untracked 
| 507|0x00000000dfb00000, 0x00000000dfb00000, 0x00000000dfc00000|  0%| F|  |TAMS 0x00000000dfb00000, 0x00000000dfb00000| Untracked 
| 508|0x00000000dfc00000, 0x00000000dfc00000, 0x00000000dfd00000|  0%| F|  |TAMS 0x00000000dfc00000, 0x00000000dfc00000| Untracked 
| 509|0x00000000dfd00000, 0x00000000dfd00000, 0x00000000dfe00000|  0%| F|  |TAMS 0x00000000dfd00000, 0x00000000dfd00000| Untracked 
| 510|0x00000000dfe00000, 0x00000000dfe00000, 0x00000000dff00000|  0%| F|  |TAMS 0x00000000dfe00000, 0x00000000dfe00000| Untracked 
| 511|0x00000000dff00000, 0x00000000dff00000, 0x00000000e0000000|  0%| F|  |TAMS 0x00000000dff00000, 0x00000000dff00000| Untracked 
| 512|0x00000000e0000000, 0x00000000e0000000, 0x00000000e0100000|  0%| F|  |TAMS 0x00000000e0000000, 0x00000000e0000000| Untracked 
| 513|0x00000000e0100000, 0x00000000e0100000, 0x00000000e0200000|  0%| F|  |TAMS 0x00000000e0100000, 0x00000000e0100000| Untracked 
| 514|0x00000000e0200000, 0x00000000e0200000, 0x00000000e0300000|  0%| F|  |TAMS 0x00000000e0200000, 0x00000000e0200000| Untracked 
| 515|0x00000000e0300000, 0x00000000e0300000, 0x00000000e0400000|  0%| F|  |TAMS 0x00000000e0300000, 0x00000000e0300000| Untracked 
| 516|0x00000000e0400000, 0x00000000e0400000, 0x00000000e0500000|  0%| F|  |TAMS 0x00000000e0400000, 0x00000000e0400000| Untracked 
| 517|0x00000000e0500000, 0x00000000e0500000, 0x00000000e0600000|  0%| F|  |TAMS 0x00000000e0500000, 0x00000000e0500000| Untracked 
| 518|0x00000000e0600000, 0x00000000e0600000, 0x00000000e0700000|  0%| F|  |TAMS 0x00000000e0600000, 0x00000000e0600000| Untracked 
| 519|0x00000000e0700000, 0x00000000e0700000, 0x00000000e0800000|  0%| F|  |TAMS 0x00000000e0700000, 0x00000000e0700000| Untracked 
| 520|0x00000000e0800000, 0x00000000e0800000, 0x00000000e0900000|  0%| F|  |TAMS 0x00000000e0800000, 0x00000000e0800000| Untracked 
| 521|0x00000000e0900000, 0x00000000e0900000, 0x00000000e0a00000|  0%| F|  |TAMS 0x00000000e0900000, 0x00000000e0900000| Untracked 
| 522|0x00000000e0a00000, 0x00000000e0a00000, 0x00000000e0b00000|  0%| F|  |TAMS 0x00000000e0a00000, 0x00000000e0a00000| Untracked 
| 523|0x00000000e0b00000, 0x00000000e0b00000, 0x00000000e0c00000|  0%| F|  |TAMS 0x00000000e0b00000, 0x00000000e0b00000| Untracked 
| 524|0x00000000e0c00000, 0x00000000e0c00000, 0x00000000e0d00000|  0%| F|  |TAMS 0x00000000e0c00000, 0x00000000e0c00000| Untracked 
| 525|0x00000000e0d00000, 0x00000000e0d00000, 0x00000000e0e00000|  0%| F|  |TAMS 0x00000000e0d00000, 0x00000000e0d00000| Untracked 
| 526|0x00000000e0e00000, 0x00000000e0e00000, 0x00000000e0f00000|  0%| F|  |TAMS 0x00000000e0e00000, 0x00000000e0e00000| Untracked 
| 527|0x00000000e0f00000, 0x00000000e0f00000, 0x00000000e1000000|  0%| F|  |TAMS 0x00000000e0f00000, 0x00000000e0f00000| Untracked 
| 528|0x00000000e1000000, 0x00000000e1000000, 0x00000000e1100000|  0%| F|  |TAMS 0x00000000e1000000, 0x00000000e1000000| Untracked 
| 529|0x00000000e1100000, 0x00000000e1100000, 0x00000000e1200000|  0%| F|  |TAMS 0x00000000e1100000, 0x00000000e1100000| Untracked 
| 530|0x00000000e1200000, 0x00000000e1200000, 0x00000000e1300000|  0%| F|  |TAMS 0x00000000e1200000, 0x00000000e1200000| Untracked 
| 531|0x00000000e1300000, 0x00000000e1300000, 0x00000000e1400000|  0%| F|  |TAMS 0x00000000e1300000, 0x00000000e1300000| Untracked 
| 532|0x00000000e1400000, 0x00000000e1400000, 0x00000000e1500000|  0%| F|  |TAMS 0x00000000e1400000, 0x00000000e1400000| Untracked 
| 533|0x00000000e1500000, 0x00000000e1500000, 0x00000000e1600000|  0%| F|  |TAMS 0x00000000e1500000, 0x00000000e1500000| Untracked 
| 534|0x00000000e1600000, 0x00000000e1600000, 0x00000000e1700000|  0%| F|  |TAMS 0x00000000e1600000, 0x00000000e1600000| Untracked 
| 535|0x00000000e1700000, 0x00000000e1700000, 0x00000000e1800000|  0%| F|  |TAMS 0x00000000e1700000, 0x00000000e1700000| Untracked 
| 536|0x00000000e1800000, 0x00000000e1800000, 0x00000000e1900000|  0%| F|  |TAMS 0x00000000e1800000, 0x00000000e1800000| Untracked 
| 537|0x00000000e1900000, 0x00000000e1900000, 0x00000000e1a00000|  0%| F|  |TAMS 0x00000000e1900000, 0x00000000e1900000| Untracked 
| 538|0x00000000e1a00000, 0x00000000e1a00000, 0x00000000e1b00000|  0%| F|  |TAMS 0x00000000e1a00000, 0x00000000e1a00000| Untracked 
| 539|0x00000000e1b00000, 0x00000000e1b00000, 0x00000000e1c00000|  0%| F|  |TAMS 0x00000000e1b00000, 0x00000000e1b00000| Untracked 
| 540|0x00000000e1c00000, 0x00000000e1c00000, 0x00000000e1d00000|  0%| F|  |TAMS 0x00000000e1c00000, 0x00000000e1c00000| Untracked 
| 541|0x00000000e1d00000, 0x00000000e1d00000, 0x00000000e1e00000|  0%| F|  |TAMS 0x00000000e1d00000, 0x00000000e1d00000| Untracked 
| 542|0x00000000e1e00000, 0x00000000e1e00000, 0x00000000e1f00000|  0%| F|  |TAMS 0x00000000e1e00000, 0x00000000e1e00000| Untracked 
| 543|0x00000000e1f00000, 0x00000000e1f00000, 0x00000000e2000000|  0%| F|  |TAMS 0x00000000e1f00000, 0x00000000e1f00000| Untracked 
| 544|0x00000000e2000000, 0x00000000e2000000, 0x00000000e2100000|  0%| F|  |TAMS 0x00000000e2000000, 0x00000000e2000000| Untracked 
| 545|0x00000000e2100000, 0x00000000e2100000, 0x00000000e2200000|  0%| F|  |TAMS 0x00000000e2100000, 0x00000000e2100000| Untracked 
| 546|0x00000000e2200000, 0x00000000e2200000, 0x00000000e2300000|  0%| F|  |TAMS 0x00000000e2200000, 0x00000000e2200000| Untracked 
| 547|0x00000000e2300000, 0x00000000e2300000, 0x00000000e2400000|  0%| F|  |TAMS 0x00000000e2300000, 0x00000000e2300000| Untracked 
| 548|0x00000000e2400000, 0x00000000e2400000, 0x00000000e2500000|  0%| F|  |TAMS 0x00000000e2400000, 0x00000000e2400000| Untracked 
| 549|0x00000000e2500000, 0x00000000e2500000, 0x00000000e2600000|  0%| F|  |TAMS 0x00000000e2500000, 0x00000000e2500000| Untracked 
| 550|0x00000000e2600000, 0x00000000e2600000, 0x00000000e2700000|  0%| F|  |TAMS 0x00000000e2600000, 0x00000000e2600000| Untracked 
| 551|0x00000000e2700000, 0x00000000e2700000, 0x00000000e2800000|  0%| F|  |TAMS 0x00000000e2700000, 0x00000000e2700000| Untracked 
| 552|0x00000000e2800000, 0x00000000e2800000, 0x00000000e2900000|  0%| F|  |TAMS 0x00000000e2800000, 0x00000000e2800000| Untracked 
| 553|0x00000000e2900000, 0x00000000e2900000, 0x00000000e2a00000|  0%| F|  |TAMS 0x00000000e2900000, 0x00000000e2900000| Untracked 
| 554|0x00000000e2a00000, 0x00000000e2a00000, 0x00000000e2b00000|  0%| F|  |TAMS 0x00000000e2a00000, 0x00000000e2a00000| Untracked 
| 555|0x00000000e2b00000, 0x00000000e2b00000, 0x00000000e2c00000|  0%| F|  |TAMS 0x00000000e2b00000, 0x00000000e2b00000| Untracked 
| 556|0x00000000e2c00000, 0x00000000e2c00000, 0x00000000e2d00000|  0%| F|  |TAMS 0x00000000e2c00000, 0x00000000e2c00000| Untracked 
| 557|0x00000000e2d00000, 0x00000000e2d00000, 0x00000000e2e00000|  0%| F|  |TAMS 0x00000000e2d00000, 0x00000000e2d00000| Untracked 
| 558|0x00000000e2e00000, 0x00000000e2e00000, 0x00000000e2f00000|  0%| F|  |TAMS 0x00000000e2e00000, 0x00000000e2e00000| Untracked 
| 559|0x00000000e2f00000, 0x00000000e2f00000, 0x00000000e3000000|  0%| F|  |TAMS 0x00000000e2f00000, 0x00000000e2f00000| Untracked 
| 560|0x00000000e3000000, 0x00000000e3000000, 0x00000000e3100000|  0%| F|  |TAMS 0x00000000e3000000, 0x00000000e3000000| Untracked 
| 561|0x00000000e3100000, 0x00000000e3100000, 0x00000000e3200000|  0%| F|  |TAMS 0x00000000e3100000, 0x00000000e3100000| Untracked 
| 562|0x00000000e3200000, 0x00000000e3200000, 0x00000000e3300000|  0%| F|  |TAMS 0x00000000e3200000, 0x00000000e3200000| Untracked 
| 563|0x00000000e3300000, 0x00000000e3300000, 0x00000000e3400000|  0%| F|  |TAMS 0x00000000e3300000, 0x00000000e3300000| Untracked 
| 564|0x00000000e3400000, 0x00000000e3400000, 0x00000000e3500000|  0%| F|  |TAMS 0x00000000e3400000, 0x00000000e3400000| Untracked 
| 565|0x00000000e3500000, 0x00000000e3500000, 0x00000000e3600000|  0%| F|  |TAMS 0x00000000e3500000, 0x00000000e3500000| Untracked 
| 566|0x00000000e3600000, 0x00000000e3600000, 0x00000000e3700000|  0%| F|  |TAMS 0x00000000e3600000, 0x00000000e3600000| Untracked 
| 567|0x00000000e3700000, 0x00000000e3700000, 0x00000000e3800000|  0%| F|  |TAMS 0x00000000e3700000, 0x00000000e3700000| Untracked 
| 568|0x00000000e3800000, 0x00000000e3800000, 0x00000000e3900000|  0%| F|  |TAMS 0x00000000e3800000, 0x00000000e3800000| Untracked 
| 569|0x00000000e3900000, 0x00000000e3900000, 0x00000000e3a00000|  0%| F|  |TAMS 0x00000000e3900000, 0x00000000e3900000| Untracked 
| 570|0x00000000e3a00000, 0x00000000e3a00000, 0x00000000e3b00000|  0%| F|  |TAMS 0x00000000e3a00000, 0x00000000e3a00000| Untracked 
| 571|0x00000000e3b00000, 0x00000000e3b00000, 0x00000000e3c00000|  0%| F|  |TAMS 0x00000000e3b00000, 0x00000000e3b00000| Untracked 
| 572|0x00000000e3c00000, 0x00000000e3c00000, 0x00000000e3d00000|  0%| F|  |TAMS 0x00000000e3c00000, 0x00000000e3c00000| Untracked 
| 573|0x00000000e3d00000, 0x00000000e3d00000, 0x00000000e3e00000|  0%| F|  |TAMS 0x00000000e3d00000, 0x00000000e3d00000| Untracked 
| 574|0x00000000e3e00000, 0x00000000e3e00000, 0x00000000e3f00000|  0%| F|  |TAMS 0x00000000e3e00000, 0x00000000e3e00000| Untracked 
| 575|0x00000000e3f00000, 0x00000000e3f00000, 0x00000000e4000000|  0%| F|  |TAMS 0x00000000e3f00000, 0x00000000e3f00000| Untracked 
| 576|0x00000000e4000000, 0x00000000e4000000, 0x00000000e4100000|  0%| F|  |TAMS 0x00000000e4000000, 0x00000000e4000000| Untracked 
| 577|0x00000000e4100000, 0x00000000e4100000, 0x00000000e4200000|  0%| F|  |TAMS 0x00000000e4100000, 0x00000000e4100000| Untracked 
| 578|0x00000000e4200000, 0x00000000e4200000, 0x00000000e4300000|  0%| F|  |TAMS 0x00000000e4200000, 0x00000000e4200000| Untracked 
| 579|0x00000000e4300000, 0x00000000e4300000, 0x00000000e4400000|  0%| F|  |TAMS 0x00000000e4300000, 0x00000000e4300000| Untracked 
| 580|0x00000000e4400000, 0x00000000e4400000, 0x00000000e4500000|  0%| F|  |TAMS 0x00000000e4400000, 0x00000000e4400000| Untracked 
| 581|0x00000000e4500000, 0x00000000e4500000, 0x00000000e4600000|  0%| F|  |TAMS 0x00000000e4500000, 0x00000000e4500000| Untracked 
| 582|0x00000000e4600000, 0x00000000e4600000, 0x00000000e4700000|  0%| F|  |TAMS 0x00000000e4600000, 0x00000000e4600000| Untracked 
| 583|0x00000000e4700000, 0x00000000e4700000, 0x00000000e4800000|  0%| F|  |TAMS 0x00000000e4700000, 0x00000000e4700000| Untracked 
| 584|0x00000000e4800000, 0x00000000e4800000, 0x00000000e4900000|  0%| F|  |TAMS 0x00000000e4800000, 0x00000000e4800000| Untracked 
| 585|0x00000000e4900000, 0x00000000e4900000, 0x00000000e4a00000|  0%| F|  |TAMS 0x00000000e4900000, 0x00000000e4900000| Untracked 
| 586|0x00000000e4a00000, 0x00000000e4a00000, 0x00000000e4b00000|  0%| F|  |TAMS 0x00000000e4a00000, 0x00000000e4a00000| Untracked 
| 587|0x00000000e4b00000, 0x00000000e4b00000, 0x00000000e4c00000|  0%| F|  |TAMS 0x00000000e4b00000, 0x00000000e4b00000| Untracked 
| 588|0x00000000e4c00000, 0x00000000e4c00000, 0x00000000e4d00000|  0%| F|  |TAMS 0x00000000e4c00000, 0x00000000e4c00000| Untracked 
| 589|0x00000000e4d00000, 0x00000000e4d00000, 0x00000000e4e00000|  0%| F|  |TAMS 0x00000000e4d00000, 0x00000000e4d00000| Untracked 
| 590|0x00000000e4e00000, 0x00000000e4e00000, 0x00000000e4f00000|  0%| F|  |TAMS 0x00000000e4e00000, 0x00000000e4e00000| Untracked 
| 591|0x00000000e4f00000, 0x00000000e4f00000, 0x00000000e5000000|  0%| F|  |TAMS 0x00000000e4f00000, 0x00000000e4f00000| Untracked 
| 592|0x00000000e5000000, 0x00000000e5000000, 0x00000000e5100000|  0%| F|  |TAMS 0x00000000e5000000, 0x00000000e5000000| Untracked 
| 593|0x00000000e5100000, 0x00000000e5100000, 0x00000000e5200000|  0%| F|  |TAMS 0x00000000e5100000, 0x00000000e5100000| Untracked 
| 594|0x00000000e5200000, 0x00000000e5200000, 0x00000000e5300000|  0%| F|  |TAMS 0x00000000e5200000, 0x00000000e5200000| Untracked 
| 595|0x00000000e5300000, 0x00000000e5300000, 0x00000000e5400000|  0%| F|  |TAMS 0x00000000e5300000, 0x00000000e5300000| Untracked 
| 596|0x00000000e5400000, 0x00000000e5400000, 0x00000000e5500000|  0%| F|  |TAMS 0x00000000e5400000, 0x00000000e5400000| Untracked 
| 597|0x00000000e5500000, 0x00000000e5500000, 0x00000000e5600000|  0%| F|  |TAMS 0x00000000e5500000, 0x00000000e5500000| Untracked 
| 598|0x00000000e5600000, 0x00000000e5600000, 0x00000000e5700000|  0%| F|  |TAMS 0x00000000e5600000, 0x00000000e5600000| Untracked 
| 599|0x00000000e5700000, 0x00000000e5700000, 0x00000000e5800000|  0%| F|  |TAMS 0x00000000e5700000, 0x00000000e5700000| Untracked 
| 600|0x00000000e5800000, 0x00000000e5800000, 0x00000000e5900000|  0%| F|  |TAMS 0x00000000e5800000, 0x00000000e5800000| Untracked 
| 601|0x00000000e5900000, 0x00000000e5900000, 0x00000000e5a00000|  0%| F|  |TAMS 0x00000000e5900000, 0x00000000e5900000| Untracked 
| 602|0x00000000e5a00000, 0x00000000e5a00000, 0x00000000e5b00000|  0%| F|  |TAMS 0x00000000e5a00000, 0x00000000e5a00000| Untracked 
| 603|0x00000000e5b00000, 0x00000000e5b00000, 0x00000000e5c00000|  0%| F|  |TAMS 0x00000000e5b00000, 0x00000000e5b00000| Untracked 
| 604|0x00000000e5c00000, 0x00000000e5c00000, 0x00000000e5d00000|  0%| F|  |TAMS 0x00000000e5c00000, 0x00000000e5c00000| Untracked 
| 605|0x00000000e5d00000, 0x00000000e5d00000, 0x00000000e5e00000|  0%| F|  |TAMS 0x00000000e5d00000, 0x00000000e5d00000| Untracked 
| 606|0x00000000e5e00000, 0x00000000e5e00000, 0x00000000e5f00000|  0%| F|  |TAMS 0x00000000e5e00000, 0x00000000e5e00000| Untracked 
| 607|0x00000000e5f00000, 0x00000000e5f00000, 0x00000000e6000000|  0%| F|  |TAMS 0x00000000e5f00000, 0x00000000e5f00000| Untracked 
| 608|0x00000000e6000000, 0x00000000e6000000, 0x00000000e6100000|  0%| F|  |TAMS 0x00000000e6000000, 0x00000000e6000000| Untracked 
| 609|0x00000000e6100000, 0x00000000e6100000, 0x00000000e6200000|  0%| F|  |TAMS 0x00000000e6100000, 0x00000000e6100000| Untracked 
| 610|0x00000000e6200000, 0x00000000e6200000, 0x00000000e6300000|  0%| F|  |TAMS 0x00000000e6200000, 0x00000000e6200000| Untracked 
| 611|0x00000000e6300000, 0x00000000e6300000, 0x00000000e6400000|  0%| F|  |TAMS 0x00000000e6300000, 0x00000000e6300000| Untracked 
| 612|0x00000000e6400000, 0x00000000e6400000, 0x00000000e6500000|  0%| F|  |TAMS 0x00000000e6400000, 0x00000000e6400000| Untracked 
| 613|0x00000000e6500000, 0x00000000e6500000, 0x00000000e6600000|  0%| F|  |TAMS 0x00000000e6500000, 0x00000000e6500000| Untracked 
| 614|0x00000000e6600000, 0x00000000e6600000, 0x00000000e6700000|  0%| F|  |TAMS 0x00000000e6600000, 0x00000000e6600000| Untracked 
| 615|0x00000000e6700000, 0x00000000e6700000, 0x00000000e6800000|  0%| F|  |TAMS 0x00000000e6700000, 0x00000000e6700000| Untracked 
| 616|0x00000000e6800000, 0x00000000e6800000, 0x00000000e6900000|  0%| F|  |TAMS 0x00000000e6800000, 0x00000000e6800000| Untracked 
| 617|0x00000000e6900000, 0x00000000e6900000, 0x00000000e6a00000|  0%| F|  |TAMS 0x00000000e6900000, 0x00000000e6900000| Untracked 
| 618|0x00000000e6a00000, 0x00000000e6a00000, 0x00000000e6b00000|  0%| F|  |TAMS 0x00000000e6a00000, 0x00000000e6a00000| Untracked 
| 619|0x00000000e6b00000, 0x00000000e6b00000, 0x00000000e6c00000|  0%| F|  |TAMS 0x00000000e6b00000, 0x00000000e6b00000| Untracked 
| 620|0x00000000e6c00000, 0x00000000e6c00000, 0x00000000e6d00000|  0%| F|  |TAMS 0x00000000e6c00000, 0x00000000e6c00000| Untracked 
| 621|0x00000000e6d00000, 0x00000000e6d00000, 0x00000000e6e00000|  0%| F|  |TAMS 0x00000000e6d00000, 0x00000000e6d00000| Untracked 
| 622|0x00000000e6e00000, 0x00000000e6e00000, 0x00000000e6f00000|  0%| F|  |TAMS 0x00000000e6e00000, 0x00000000e6e00000| Untracked 
| 623|0x00000000e6f00000, 0x00000000e6f00000, 0x00000000e7000000|  0%| F|  |TAMS 0x00000000e6f00000, 0x00000000e6f00000| Untracked 
| 624|0x00000000e7000000, 0x00000000e7000000, 0x00000000e7100000|  0%| F|  |TAMS 0x00000000e7000000, 0x00000000e7000000| Untracked 
| 625|0x00000000e7100000, 0x00000000e7100000, 0x00000000e7200000|  0%| F|  |TAMS 0x00000000e7100000, 0x00000000e7100000| Untracked 
| 626|0x00000000e7200000, 0x00000000e7200000, 0x00000000e7300000|  0%| F|  |TAMS 0x00000000e7200000, 0x00000000e7200000| Untracked 
| 627|0x00000000e7300000, 0x00000000e7300000, 0x00000000e7400000|  0%| F|  |TAMS 0x00000000e7300000, 0x00000000e7300000| Untracked 
| 628|0x00000000e7400000, 0x00000000e7400000, 0x00000000e7500000|  0%| F|  |TAMS 0x00000000e7400000, 0x00000000e7400000| Untracked 
| 629|0x00000000e7500000, 0x00000000e7500000, 0x00000000e7600000|  0%| F|  |TAMS 0x00000000e7500000, 0x00000000e7500000| Untracked 
| 630|0x00000000e7600000, 0x00000000e7600000, 0x00000000e7700000|  0%| F|  |TAMS 0x00000000e7600000, 0x00000000e7600000| Untracked 
| 631|0x00000000e7700000, 0x00000000e7700000, 0x00000000e7800000|  0%| F|  |TAMS 0x00000000e7700000, 0x00000000e7700000| Untracked 
| 632|0x00000000e7800000, 0x00000000e7800000, 0x00000000e7900000|  0%| F|  |TAMS 0x00000000e7800000, 0x00000000e7800000| Untracked 
| 633|0x00000000e7900000, 0x00000000e7900000, 0x00000000e7a00000|  0%| F|  |TAMS 0x00000000e7900000, 0x00000000e7900000| Untracked 
| 634|0x00000000e7a00000, 0x00000000e7a00000, 0x00000000e7b00000|  0%| F|  |TAMS 0x00000000e7a00000, 0x00000000e7a00000| Untracked 
| 635|0x00000000e7b00000, 0x00000000e7b00000, 0x00000000e7c00000|  0%| F|  |TAMS 0x00000000e7b00000, 0x00000000e7b00000| Untracked 
| 636|0x00000000e7c00000, 0x00000000e7c00000, 0x00000000e7d00000|  0%| F|  |TAMS 0x00000000e7c00000, 0x00000000e7c00000| Untracked 
| 637|0x00000000e7d00000, 0x00000000e7d00000, 0x00000000e7e00000|  0%| F|  |TAMS 0x00000000e7d00000, 0x00000000e7d00000| Untracked 
| 638|0x00000000e7e00000, 0x00000000e7e00000, 0x00000000e7f00000|  0%| F|  |TAMS 0x00000000e7e00000, 0x00000000e7e00000| Untracked 
| 639|0x00000000e7f00000, 0x00000000e7f00000, 0x00000000e8000000|  0%| F|  |TAMS 0x00000000e7f00000, 0x00000000e7f00000| Untracked 
| 640|0x00000000e8000000, 0x00000000e8000000, 0x00000000e8100000|  0%| F|  |TAMS 0x00000000e8000000, 0x00000000e8000000| Untracked 
| 641|0x00000000e8100000, 0x00000000e8100000, 0x00000000e8200000|  0%| F|  |TAMS 0x00000000e8100000, 0x00000000e8100000| Untracked 
| 642|0x00000000e8200000, 0x00000000e8200000, 0x00000000e8300000|  0%| F|  |TAMS 0x00000000e8200000, 0x00000000e8200000| Untracked 
| 643|0x00000000e8300000, 0x00000000e8300000, 0x00000000e8400000|  0%| F|  |TAMS 0x00000000e8300000, 0x00000000e8300000| Untracked 
| 644|0x00000000e8400000, 0x00000000e8400000, 0x00000000e8500000|  0%| F|  |TAMS 0x00000000e8400000, 0x00000000e8400000| Untracked 
| 645|0x00000000e8500000, 0x00000000e8500000, 0x00000000e8600000|  0%| F|  |TAMS 0x00000000e8500000, 0x00000000e8500000| Untracked 
| 646|0x00000000e8600000, 0x00000000e8600000, 0x00000000e8700000|  0%| F|  |TAMS 0x00000000e8600000, 0x00000000e8600000| Untracked 
| 647|0x00000000e8700000, 0x00000000e8700000, 0x00000000e8800000|  0%| F|  |TAMS 0x00000000e8700000, 0x00000000e8700000| Untracked 
| 648|0x00000000e8800000, 0x00000000e8800000, 0x00000000e8900000|  0%| F|  |TAMS 0x00000000e8800000, 0x00000000e8800000| Untracked 
| 649|0x00000000e8900000, 0x00000000e8900000, 0x00000000e8a00000|  0%| F|  |TAMS 0x00000000e8900000, 0x00000000e8900000| Untracked 
| 650|0x00000000e8a00000, 0x00000000e8a00000, 0x00000000e8b00000|  0%| F|  |TAMS 0x00000000e8a00000, 0x00000000e8a00000| Untracked 
| 651|0x00000000e8b00000, 0x00000000e8b00000, 0x00000000e8c00000|  0%| F|  |TAMS 0x00000000e8b00000, 0x00000000e8b00000| Untracked 
| 652|0x00000000e8c00000, 0x00000000e8c00000, 0x00000000e8d00000|  0%| F|  |TAMS 0x00000000e8c00000, 0x00000000e8c00000| Untracked 
| 653|0x00000000e8d00000, 0x00000000e8d00000, 0x00000000e8e00000|  0%| F|  |TAMS 0x00000000e8d00000, 0x00000000e8d00000| Untracked 
| 654|0x00000000e8e00000, 0x00000000e8e00000, 0x00000000e8f00000|  0%| F|  |TAMS 0x00000000e8e00000, 0x00000000e8e00000| Untracked 
| 655|0x00000000e8f00000, 0x00000000e8f00000, 0x00000000e9000000|  0%| F|  |TAMS 0x00000000e8f00000, 0x00000000e8f00000| Untracked 
| 656|0x00000000e9000000, 0x00000000e9000000, 0x00000000e9100000|  0%| F|  |TAMS 0x00000000e9000000, 0x00000000e9000000| Untracked 
| 657|0x00000000e9100000, 0x00000000e9100000, 0x00000000e9200000|  0%| F|  |TAMS 0x00000000e9100000, 0x00000000e9100000| Untracked 
| 658|0x00000000e9200000, 0x00000000e9200000, 0x00000000e9300000|  0%| F|  |TAMS 0x00000000e9200000, 0x00000000e9200000| Untracked 
| 659|0x00000000e9300000, 0x00000000e9300000, 0x00000000e9400000|  0%| F|  |TAMS 0x00000000e9300000, 0x00000000e9300000| Untracked 
| 660|0x00000000e9400000, 0x00000000e9400000, 0x00000000e9500000|  0%| F|  |TAMS 0x00000000e9400000, 0x00000000e9400000| Untracked 
| 661|0x00000000e9500000, 0x00000000e9500000, 0x00000000e9600000|  0%| F|  |TAMS 0x00000000e9500000, 0x00000000e9500000| Untracked 
| 662|0x00000000e9600000, 0x00000000e9600000, 0x00000000e9700000|  0%| F|  |TAMS 0x00000000e9600000, 0x00000000e9600000| Untracked 
| 663|0x00000000e9700000, 0x00000000e9700000, 0x00000000e9800000|  0%| F|  |TAMS 0x00000000e9700000, 0x00000000e9700000| Untracked 
| 664|0x00000000e9800000, 0x00000000e9800000, 0x00000000e9900000|  0%| F|  |TAMS 0x00000000e9800000, 0x00000000e9800000| Untracked 
| 665|0x00000000e9900000, 0x00000000e9900000, 0x00000000e9a00000|  0%| F|  |TAMS 0x00000000e9900000, 0x00000000e9900000| Untracked 
| 666|0x00000000e9a00000, 0x00000000e9a00000, 0x00000000e9b00000|  0%| F|  |TAMS 0x00000000e9a00000, 0x00000000e9a00000| Untracked 
| 667|0x00000000e9b00000, 0x00000000e9b00000, 0x00000000e9c00000|  0%| F|  |TAMS 0x00000000e9b00000, 0x00000000e9b00000| Untracked 
| 668|0x00000000e9c00000, 0x00000000e9c00000, 0x00000000e9d00000|  0%| F|  |TAMS 0x00000000e9c00000, 0x00000000e9c00000| Untracked 
| 669|0x00000000e9d00000, 0x00000000e9d00000, 0x00000000e9e00000|  0%| F|  |TAMS 0x00000000e9d00000, 0x00000000e9d00000| Untracked 
| 670|0x00000000e9e00000, 0x00000000e9e00000, 0x00000000e9f00000|  0%| F|  |TAMS 0x00000000e9e00000, 0x00000000e9e00000| Untracked 
| 671|0x00000000e9f00000, 0x00000000e9f00000, 0x00000000ea000000|  0%| F|  |TAMS 0x00000000e9f00000, 0x00000000e9f00000| Untracked 
| 672|0x00000000ea000000, 0x00000000ea000000, 0x00000000ea100000|  0%| F|  |TAMS 0x00000000ea000000, 0x00000000ea000000| Untracked 
| 673|0x00000000ea100000, 0x00000000ea100000, 0x00000000ea200000|  0%| F|  |TAMS 0x00000000ea100000, 0x00000000ea100000| Untracked 
| 674|0x00000000ea200000, 0x00000000ea200000, 0x00000000ea300000|  0%| F|  |TAMS 0x00000000ea200000, 0x00000000ea200000| Untracked 
| 675|0x00000000ea300000, 0x00000000ea300000, 0x00000000ea400000|  0%| F|  |TAMS 0x00000000ea300000, 0x00000000ea300000| Untracked 
| 676|0x00000000ea400000, 0x00000000ea400000, 0x00000000ea500000|  0%| F|  |TAMS 0x00000000ea400000, 0x00000000ea400000| Untracked 
| 677|0x00000000ea500000, 0x00000000ea500000, 0x00000000ea600000|  0%| F|  |TAMS 0x00000000ea500000, 0x00000000ea500000| Untracked 
| 678|0x00000000ea600000, 0x00000000ea600000, 0x00000000ea700000|  0%| F|  |TAMS 0x00000000ea600000, 0x00000000ea600000| Untracked 
| 679|0x00000000ea700000, 0x00000000ea700000, 0x00000000ea800000|  0%| F|  |TAMS 0x00000000ea700000, 0x00000000ea700000| Untracked 
| 680|0x00000000ea800000, 0x00000000ea800000, 0x00000000ea900000|  0%| F|  |TAMS 0x00000000ea800000, 0x00000000ea800000| Untracked 
| 681|0x00000000ea900000, 0x00000000ea900000, 0x00000000eaa00000|  0%| F|  |TAMS 0x00000000ea900000, 0x00000000ea900000| Untracked 
| 682|0x00000000eaa00000, 0x00000000eaa00000, 0x00000000eab00000|  0%| F|  |TAMS 0x00000000eaa00000, 0x00000000eaa00000| Untracked 
| 683|0x00000000eab00000, 0x00000000eab00000, 0x00000000eac00000|  0%| F|  |TAMS 0x00000000eab00000, 0x00000000eab00000| Untracked 
| 684|0x00000000eac00000, 0x00000000eac00000, 0x00000000ead00000|  0%| F|  |TAMS 0x00000000eac00000, 0x00000000eac00000| Untracked 
| 685|0x00000000ead00000, 0x00000000ead00000, 0x00000000eae00000|  0%| F|  |TAMS 0x00000000ead00000, 0x00000000ead00000| Untracked 
| 686|0x00000000eae00000, 0x00000000eae00000, 0x00000000eaf00000|  0%| F|  |TAMS 0x00000000eae00000, 0x00000000eae00000| Untracked 
| 687|0x00000000eaf00000, 0x00000000eaf00000, 0x00000000eb000000|  0%| F|  |TAMS 0x00000000eaf00000, 0x00000000eaf00000| Untracked 
| 688|0x00000000eb000000, 0x00000000eb000000, 0x00000000eb100000|  0%| F|  |TAMS 0x00000000eb000000, 0x00000000eb000000| Untracked 
| 689|0x00000000eb100000, 0x00000000eb100000, 0x00000000eb200000|  0%| F|  |TAMS 0x00000000eb100000, 0x00000000eb100000| Untracked 
| 690|0x00000000eb200000, 0x00000000eb200000, 0x00000000eb300000|  0%| F|  |TAMS 0x00000000eb200000, 0x00000000eb200000| Untracked 
| 691|0x00000000eb300000, 0x00000000eb300000, 0x00000000eb400000|  0%| F|  |TAMS 0x00000000eb300000, 0x00000000eb300000| Untracked 
| 692|0x00000000eb400000, 0x00000000eb400000, 0x00000000eb500000|  0%| F|  |TAMS 0x00000000eb400000, 0x00000000eb400000| Untracked 
| 693|0x00000000eb500000, 0x00000000eb500000, 0x00000000eb600000|  0%| F|  |TAMS 0x00000000eb500000, 0x00000000eb500000| Untracked 
| 694|0x00000000eb600000, 0x00000000eb600000, 0x00000000eb700000|  0%| F|  |TAMS 0x00000000eb600000, 0x00000000eb600000| Untracked 
| 695|0x00000000eb700000, 0x00000000eb700000, 0x00000000eb800000|  0%| F|  |TAMS 0x00000000eb700000, 0x00000000eb700000| Untracked 
| 696|0x00000000eb800000, 0x00000000eb800000, 0x00000000eb900000|  0%| F|  |TAMS 0x00000000eb800000, 0x00000000eb800000| Untracked 
| 697|0x00000000eb900000, 0x00000000eb900000, 0x00000000eba00000|  0%| F|  |TAMS 0x00000000eb900000, 0x00000000eb900000| Untracked 
| 698|0x00000000eba00000, 0x00000000eba00000, 0x00000000ebb00000|  0%| F|  |TAMS 0x00000000eba00000, 0x00000000eba00000| Untracked 
| 699|0x00000000ebb00000, 0x00000000ebb00000, 0x00000000ebc00000|  0%| F|  |TAMS 0x00000000ebb00000, 0x00000000ebb00000| Untracked 
| 700|0x00000000ebc00000, 0x00000000ebc00000, 0x00000000ebd00000|  0%| F|  |TAMS 0x00000000ebc00000, 0x00000000ebc00000| Untracked 
| 701|0x00000000ebd00000, 0x00000000ebd00000, 0x00000000ebe00000|  0%| F|  |TAMS 0x00000000ebd00000, 0x00000000ebd00000| Untracked 
| 702|0x00000000ebe00000, 0x00000000ebe00000, 0x00000000ebf00000|  0%| F|  |TAMS 0x00000000ebe00000, 0x00000000ebe00000| Untracked 
| 703|0x00000000ebf00000, 0x00000000ebf00000, 0x00000000ec000000|  0%| F|  |TAMS 0x00000000ebf00000, 0x00000000ebf00000| Untracked 
| 704|0x00000000ec000000, 0x00000000ec000000, 0x00000000ec100000|  0%| F|  |TAMS 0x00000000ec000000, 0x00000000ec000000| Untracked 
| 705|0x00000000ec100000, 0x00000000ec100000, 0x00000000ec200000|  0%| F|  |TAMS 0x00000000ec100000, 0x00000000ec100000| Untracked 
| 706|0x00000000ec200000, 0x00000000ec200000, 0x00000000ec300000|  0%| F|  |TAMS 0x00000000ec200000, 0x00000000ec200000| Untracked 
| 707|0x00000000ec300000, 0x00000000ec300000, 0x00000000ec400000|  0%| F|  |TAMS 0x00000000ec300000, 0x00000000ec300000| Untracked 
| 708|0x00000000ec400000, 0x00000000ec400000, 0x00000000ec500000|  0%| F|  |TAMS 0x00000000ec400000, 0x00000000ec400000| Untracked 
| 709|0x00000000ec500000, 0x00000000ec500000, 0x00000000ec600000|  0%| F|  |TAMS 0x00000000ec500000, 0x00000000ec500000| Untracked 
| 710|0x00000000ec600000, 0x00000000ec600000, 0x00000000ec700000|  0%| F|  |TAMS 0x00000000ec600000, 0x00000000ec600000| Untracked 
| 711|0x00000000ec700000, 0x00000000ec700000, 0x00000000ec800000|  0%| F|  |TAMS 0x00000000ec700000, 0x00000000ec700000| Untracked 
| 712|0x00000000ec800000, 0x00000000ec800000, 0x00000000ec900000|  0%| F|  |TAMS 0x00000000ec800000, 0x00000000ec800000| Untracked 
| 713|0x00000000ec900000, 0x00000000ec900000, 0x00000000eca00000|  0%| F|  |TAMS 0x00000000ec900000, 0x00000000ec900000| Untracked 
| 714|0x00000000eca00000, 0x00000000eca00000, 0x00000000ecb00000|  0%| F|  |TAMS 0x00000000eca00000, 0x00000000eca00000| Untracked 
| 715|0x00000000ecb00000, 0x00000000ecb00000, 0x00000000ecc00000|  0%| F|  |TAMS 0x00000000ecb00000, 0x00000000ecb00000| Untracked 
| 716|0x00000000ecc00000, 0x00000000ecc00000, 0x00000000ecd00000|  0%| F|  |TAMS 0x00000000ecc00000, 0x00000000ecc00000| Untracked 
| 717|0x00000000ecd00000, 0x00000000ecd00000, 0x00000000ece00000|  0%| F|  |TAMS 0x00000000ecd00000, 0x00000000ecd00000| Untracked 
| 718|0x00000000ece00000, 0x00000000ece00000, 0x00000000ecf00000|  0%| F|  |TAMS 0x00000000ece00000, 0x00000000ece00000| Untracked 
| 719|0x00000000ecf00000, 0x00000000ecf00000, 0x00000000ed000000|  0%| F|  |TAMS 0x00000000ecf00000, 0x00000000ecf00000| Untracked 
| 720|0x00000000ed000000, 0x00000000ed000000, 0x00000000ed100000|  0%| F|  |TAMS 0x00000000ed000000, 0x00000000ed000000| Untracked 
| 721|0x00000000ed100000, 0x00000000ed100000, 0x00000000ed200000|  0%| F|  |TAMS 0x00000000ed100000, 0x00000000ed100000| Untracked 
| 722|0x00000000ed200000, 0x00000000ed200000, 0x00000000ed300000|  0%| F|  |TAMS 0x00000000ed200000, 0x00000000ed200000| Untracked 
| 723|0x00000000ed300000, 0x00000000ed300000, 0x00000000ed400000|  0%| F|  |TAMS 0x00000000ed300000, 0x00000000ed300000| Untracked 
| 724|0x00000000ed400000, 0x00000000ed400000, 0x00000000ed500000|  0%| F|  |TAMS 0x00000000ed400000, 0x00000000ed400000| Untracked 
| 725|0x00000000ed500000, 0x00000000ed500000, 0x00000000ed600000|  0%| F|  |TAMS 0x00000000ed500000, 0x00000000ed500000| Untracked 
| 726|0x00000000ed600000, 0x00000000ed600000, 0x00000000ed700000|  0%| F|  |TAMS 0x00000000ed600000, 0x00000000ed600000| Untracked 
| 727|0x00000000ed700000, 0x00000000ed700000, 0x00000000ed800000|  0%| F|  |TAMS 0x00000000ed700000, 0x00000000ed700000| Untracked 
| 728|0x00000000ed800000, 0x00000000ed800000, 0x00000000ed900000|  0%| F|  |TAMS 0x00000000ed800000, 0x00000000ed800000| Untracked 
| 729|0x00000000ed900000, 0x00000000ed900000, 0x00000000eda00000|  0%| F|  |TAMS 0x00000000ed900000, 0x00000000ed900000| Untracked 
| 730|0x00000000eda00000, 0x00000000eda00000, 0x00000000edb00000|  0%| F|  |TAMS 0x00000000eda00000, 0x00000000eda00000| Untracked 
| 731|0x00000000edb00000, 0x00000000edb00000, 0x00000000edc00000|  0%| F|  |TAMS 0x00000000edb00000, 0x00000000edb00000| Untracked 
| 732|0x00000000edc00000, 0x00000000edc00000, 0x00000000edd00000|  0%| F|  |TAMS 0x00000000edc00000, 0x00000000edc00000| Untracked 
| 733|0x00000000edd00000, 0x00000000edd00000, 0x00000000ede00000|  0%| F|  |TAMS 0x00000000edd00000, 0x00000000edd00000| Untracked 
| 734|0x00000000ede00000, 0x00000000ede00000, 0x00000000edf00000|  0%| F|  |TAMS 0x00000000ede00000, 0x00000000ede00000| Untracked 
| 735|0x00000000edf00000, 0x00000000edf00000, 0x00000000ee000000|  0%| F|  |TAMS 0x00000000edf00000, 0x00000000edf00000| Untracked 
| 736|0x00000000ee000000, 0x00000000ee000000, 0x00000000ee100000|  0%| F|  |TAMS 0x00000000ee000000, 0x00000000ee000000| Untracked 
| 737|0x00000000ee100000, 0x00000000ee100000, 0x00000000ee200000|  0%| F|  |TAMS 0x00000000ee100000, 0x00000000ee100000| Untracked 
| 738|0x00000000ee200000, 0x00000000ee200000, 0x00000000ee300000|  0%| F|  |TAMS 0x00000000ee200000, 0x00000000ee200000| Untracked 
| 739|0x00000000ee300000, 0x00000000ee300000, 0x00000000ee400000|  0%| F|  |TAMS 0x00000000ee300000, 0x00000000ee300000| Untracked 
| 740|0x00000000ee400000, 0x00000000ee400000, 0x00000000ee500000|  0%| F|  |TAMS 0x00000000ee400000, 0x00000000ee400000| Untracked 
| 741|0x00000000ee500000, 0x00000000ee500000, 0x00000000ee600000|  0%| F|  |TAMS 0x00000000ee500000, 0x00000000ee500000| Untracked 
| 742|0x00000000ee600000, 0x00000000ee600000, 0x00000000ee700000|  0%| F|  |TAMS 0x00000000ee600000, 0x00000000ee600000| Untracked 
| 743|0x00000000ee700000, 0x00000000ee700000, 0x00000000ee800000|  0%| F|  |TAMS 0x00000000ee700000, 0x00000000ee700000| Untracked 
| 744|0x00000000ee800000, 0x00000000ee800000, 0x00000000ee900000|  0%| F|  |TAMS 0x00000000ee800000, 0x00000000ee800000| Untracked 
| 745|0x00000000ee900000, 0x00000000ee900000, 0x00000000eea00000|  0%| F|  |TAMS 0x00000000ee900000, 0x00000000ee900000| Untracked 
| 746|0x00000000eea00000, 0x00000000eea00000, 0x00000000eeb00000|  0%| F|  |TAMS 0x00000000eea00000, 0x00000000eea00000| Untracked 
| 747|0x00000000eeb00000, 0x00000000eeb00000, 0x00000000eec00000|  0%| F|  |TAMS 0x00000000eeb00000, 0x00000000eeb00000| Untracked 
| 748|0x00000000eec00000, 0x00000000eec00000, 0x00000000eed00000|  0%| F|  |TAMS 0x00000000eec00000, 0x00000000eec00000| Untracked 
| 749|0x00000000eed00000, 0x00000000eed00000, 0x00000000eee00000|  0%| F|  |TAMS 0x00000000eed00000, 0x00000000eed00000| Untracked 
| 750|0x00000000eee00000, 0x00000000eee00000, 0x00000000eef00000|  0%| F|  |TAMS 0x00000000eee00000, 0x00000000eee00000| Untracked 
| 751|0x00000000eef00000, 0x00000000eef00000, 0x00000000ef000000|  0%| F|  |TAMS 0x00000000eef00000, 0x00000000eef00000| Untracked 
| 752|0x00000000ef000000, 0x00000000ef000000, 0x00000000ef100000|  0%| F|  |TAMS 0x00000000ef000000, 0x00000000ef000000| Untracked 
| 753|0x00000000ef100000, 0x00000000ef100000, 0x00000000ef200000|  0%| F|  |TAMS 0x00000000ef100000, 0x00000000ef100000| Untracked 
| 754|0x00000000ef200000, 0x00000000ef200000, 0x00000000ef300000|  0%| F|  |TAMS 0x00000000ef200000, 0x00000000ef200000| Untracked 
| 755|0x00000000ef300000, 0x00000000ef300000, 0x00000000ef400000|  0%| F|  |TAMS 0x00000000ef300000, 0x00000000ef300000| Untracked 
| 756|0x00000000ef400000, 0x00000000ef400000, 0x00000000ef500000|  0%| F|  |TAMS 0x00000000ef400000, 0x00000000ef400000| Untracked 
| 757|0x00000000ef500000, 0x00000000ef500000, 0x00000000ef600000|  0%| F|  |TAMS 0x00000000ef500000, 0x00000000ef500000| Untracked 
| 758|0x00000000ef600000, 0x00000000ef600000, 0x00000000ef700000|  0%| F|  |TAMS 0x00000000ef600000, 0x00000000ef600000| Untracked 
| 759|0x00000000ef700000, 0x00000000ef700000, 0x00000000ef800000|  0%| F|  |TAMS 0x00000000ef700000, 0x00000000ef700000| Untracked 
| 760|0x00000000ef800000, 0x00000000ef800000, 0x00000000ef900000|  0%| F|  |TAMS 0x00000000ef800000, 0x00000000ef800000| Untracked 
| 761|0x00000000ef900000, 0x00000000ef900000, 0x00000000efa00000|  0%| F|  |TAMS 0x00000000ef900000, 0x00000000ef900000| Untracked 
| 762|0x00000000efa00000, 0x00000000efa00000, 0x00000000efb00000|  0%| F|  |TAMS 0x00000000efa00000, 0x00000000efa00000| Untracked 
| 763|0x00000000efb00000, 0x00000000efb00000, 0x00000000efc00000|  0%| F|  |TAMS 0x00000000efb00000, 0x00000000efb00000| Untracked 
| 764|0x00000000efc00000, 0x00000000efc00000, 0x00000000efd00000|  0%| F|  |TAMS 0x00000000efc00000, 0x00000000efc00000| Untracked 
| 765|0x00000000efd00000, 0x00000000efd00000, 0x00000000efe00000|  0%| F|  |TAMS 0x00000000efd00000, 0x00000000efd00000| Untracked 
| 766|0x00000000efe00000, 0x00000000efe00000, 0x00000000eff00000|  0%| F|  |TAMS 0x00000000efe00000, 0x00000000efe00000| Untracked 
| 767|0x00000000eff00000, 0x00000000eff00000, 0x00000000f0000000|  0%| F|  |TAMS 0x00000000eff00000, 0x00000000eff00000| Untracked 
| 768|0x00000000f0000000, 0x00000000f0000000, 0x00000000f0100000|  0%| F|  |TAMS 0x00000000f0000000, 0x00000000f0000000| Untracked 
| 769|0x00000000f0100000, 0x00000000f0100000, 0x00000000f0200000|  0%| F|  |TAMS 0x00000000f0100000, 0x00000000f0100000| Untracked 
| 770|0x00000000f0200000, 0x00000000f0200000, 0x00000000f0300000|  0%| F|  |TAMS 0x00000000f0200000, 0x00000000f0200000| Untracked 
| 771|0x00000000f0300000, 0x00000000f0300000, 0x00000000f0400000|  0%| F|  |TAMS 0x00000000f0300000, 0x00000000f0300000| Untracked 
| 772|0x00000000f0400000, 0x00000000f0400000, 0x00000000f0500000|  0%| F|  |TAMS 0x00000000f0400000, 0x00000000f0400000| Untracked 
| 773|0x00000000f0500000, 0x00000000f0500000, 0x00000000f0600000|  0%| F|  |TAMS 0x00000000f0500000, 0x00000000f0500000| Untracked 
| 774|0x00000000f0600000, 0x00000000f0600000, 0x00000000f0700000|  0%| F|  |TAMS 0x00000000f0600000, 0x00000000f0600000| Untracked 
| 775|0x00000000f0700000, 0x00000000f0700000, 0x00000000f0800000|  0%| F|  |TAMS 0x00000000f0700000, 0x00000000f0700000| Untracked 
| 776|0x00000000f0800000, 0x00000000f0800000, 0x00000000f0900000|  0%| F|  |TAMS 0x00000000f0800000, 0x00000000f0800000| Untracked 
| 777|0x00000000f0900000, 0x00000000f0900000, 0x00000000f0a00000|  0%| F|  |TAMS 0x00000000f0900000, 0x00000000f0900000| Untracked 
| 778|0x00000000f0a00000, 0x00000000f0a00000, 0x00000000f0b00000|  0%| F|  |TAMS 0x00000000f0a00000, 0x00000000f0a00000| Untracked 
| 779|0x00000000f0b00000, 0x00000000f0b00000, 0x00000000f0c00000|  0%| F|  |TAMS 0x00000000f0b00000, 0x00000000f0b00000| Untracked 
| 780|0x00000000f0c00000, 0x00000000f0c00000, 0x00000000f0d00000|  0%| F|  |TAMS 0x00000000f0c00000, 0x00000000f0c00000| Untracked 
| 781|0x00000000f0d00000, 0x00000000f0d00000, 0x00000000f0e00000|  0%| F|  |TAMS 0x00000000f0d00000, 0x00000000f0d00000| Untracked 
| 782|0x00000000f0e00000, 0x00000000f0e00000, 0x00000000f0f00000|  0%| F|  |TAMS 0x00000000f0e00000, 0x00000000f0e00000| Untracked 
| 783|0x00000000f0f00000, 0x00000000f0f00000, 0x00000000f1000000|  0%| F|  |TAMS 0x00000000f0f00000, 0x00000000f0f00000| Untracked 
| 784|0x00000000f1000000, 0x00000000f1000000, 0x00000000f1100000|  0%| F|  |TAMS 0x00000000f1000000, 0x00000000f1000000| Untracked 
| 785|0x00000000f1100000, 0x00000000f1100000, 0x00000000f1200000|  0%| F|  |TAMS 0x00000000f1100000, 0x00000000f1100000| Untracked 
| 786|0x00000000f1200000, 0x00000000f1200000, 0x00000000f1300000|  0%| F|  |TAMS 0x00000000f1200000, 0x00000000f1200000| Untracked 
| 787|0x00000000f1300000, 0x00000000f1300000, 0x00000000f1400000|  0%| F|  |TAMS 0x00000000f1300000, 0x00000000f1300000| Untracked 
| 788|0x00000000f1400000, 0x00000000f1400000, 0x00000000f1500000|  0%| F|  |TAMS 0x00000000f1400000, 0x00000000f1400000| Untracked 
| 789|0x00000000f1500000, 0x00000000f1500000, 0x00000000f1600000|  0%| F|  |TAMS 0x00000000f1500000, 0x00000000f1500000| Untracked 
| 790|0x00000000f1600000, 0x00000000f1600000, 0x00000000f1700000|  0%| F|  |TAMS 0x00000000f1600000, 0x00000000f1600000| Untracked 
| 791|0x00000000f1700000, 0x00000000f1700000, 0x00000000f1800000|  0%| F|  |TAMS 0x00000000f1700000, 0x00000000f1700000| Untracked 
| 792|0x00000000f1800000, 0x00000000f1800000, 0x00000000f1900000|  0%| F|  |TAMS 0x00000000f1800000, 0x00000000f1800000| Untracked 
| 793|0x00000000f1900000, 0x00000000f1900000, 0x00000000f1a00000|  0%| F|  |TAMS 0x00000000f1900000, 0x00000000f1900000| Untracked 
| 794|0x00000000f1a00000, 0x00000000f1a00000, 0x00000000f1b00000|  0%| F|  |TAMS 0x00000000f1a00000, 0x00000000f1a00000| Untracked 
| 795|0x00000000f1b00000, 0x00000000f1b00000, 0x00000000f1c00000|  0%| F|  |TAMS 0x00000000f1b00000, 0x00000000f1b00000| Untracked 
| 796|0x00000000f1c00000, 0x00000000f1c00000, 0x00000000f1d00000|  0%| F|  |TAMS 0x00000000f1c00000, 0x00000000f1c00000| Untracked 
| 797|0x00000000f1d00000, 0x00000000f1d00000, 0x00000000f1e00000|  0%| F|  |TAMS 0x00000000f1d00000, 0x00000000f1d00000| Untracked 
| 798|0x00000000f1e00000, 0x00000000f1e00000, 0x00000000f1f00000|  0%| F|  |TAMS 0x00000000f1e00000, 0x00000000f1e00000| Untracked 
| 799|0x00000000f1f00000, 0x00000000f1f00000, 0x00000000f2000000|  0%| F|  |TAMS 0x00000000f1f00000, 0x00000000f1f00000| Untracked 
| 800|0x00000000f2000000, 0x00000000f2000000, 0x00000000f2100000|  0%| F|  |TAMS 0x00000000f2000000, 0x00000000f2000000| Untracked 
| 801|0x00000000f2100000, 0x00000000f2100000, 0x00000000f2200000|  0%| F|  |TAMS 0x00000000f2100000, 0x00000000f2100000| Untracked 
| 802|0x00000000f2200000, 0x00000000f2200000, 0x00000000f2300000|  0%| F|  |TAMS 0x00000000f2200000, 0x00000000f2200000| Untracked 
| 803|0x00000000f2300000, 0x00000000f2300000, 0x00000000f2400000|  0%| F|  |TAMS 0x00000000f2300000, 0x00000000f2300000| Untracked 
| 804|0x00000000f2400000, 0x00000000f2400000, 0x00000000f2500000|  0%| F|  |TAMS 0x00000000f2400000, 0x00000000f2400000| Untracked 
| 805|0x00000000f2500000, 0x00000000f2500000, 0x00000000f2600000|  0%| F|  |TAMS 0x00000000f2500000, 0x00000000f2500000| Untracked 
| 806|0x00000000f2600000, 0x00000000f2600000, 0x00000000f2700000|  0%| F|  |TAMS 0x00000000f2600000, 0x00000000f2600000| Untracked 
| 807|0x00000000f2700000, 0x00000000f2700000, 0x00000000f2800000|  0%| F|  |TAMS 0x00000000f2700000, 0x00000000f2700000| Untracked 
| 808|0x00000000f2800000, 0x00000000f2800000, 0x00000000f2900000|  0%| F|  |TAMS 0x00000000f2800000, 0x00000000f2800000| Untracked 
| 809|0x00000000f2900000, 0x00000000f2900000, 0x00000000f2a00000|  0%| F|  |TAMS 0x00000000f2900000, 0x00000000f2900000| Untracked 
| 810|0x00000000f2a00000, 0x00000000f2a00000, 0x00000000f2b00000|  0%| F|  |TAMS 0x00000000f2a00000, 0x00000000f2a00000| Untracked 
| 811|0x00000000f2b00000, 0x00000000f2b00000, 0x00000000f2c00000|  0%| F|  |TAMS 0x00000000f2b00000, 0x00000000f2b00000| Untracked 
| 812|0x00000000f2c00000, 0x00000000f2c00000, 0x00000000f2d00000|  0%| F|  |TAMS 0x00000000f2c00000, 0x00000000f2c00000| Untracked 
| 813|0x00000000f2d00000, 0x00000000f2d00000, 0x00000000f2e00000|  0%| F|  |TAMS 0x00000000f2d00000, 0x00000000f2d00000| Untracked 
| 814|0x00000000f2e00000, 0x00000000f2e00000, 0x00000000f2f00000|  0%| F|  |TAMS 0x00000000f2e00000, 0x00000000f2e00000| Untracked 
| 815|0x00000000f2f00000, 0x00000000f2f00000, 0x00000000f3000000|  0%| F|  |TAMS 0x00000000f2f00000, 0x00000000f2f00000| Untracked 
| 816|0x00000000f3000000, 0x00000000f3000000, 0x00000000f3100000|  0%| F|  |TAMS 0x00000000f3000000, 0x00000000f3000000| Untracked 
| 817|0x00000000f3100000, 0x00000000f3100000, 0x00000000f3200000|  0%| F|  |TAMS 0x00000000f3100000, 0x00000000f3100000| Untracked 
| 818|0x00000000f3200000, 0x00000000f3200000, 0x00000000f3300000|  0%| F|  |TAMS 0x00000000f3200000, 0x00000000f3200000| Untracked 
| 819|0x00000000f3300000, 0x00000000f3300000, 0x00000000f3400000|  0%| F|  |TAMS 0x00000000f3300000, 0x00000000f3300000| Untracked 
| 820|0x00000000f3400000, 0x00000000f3400000, 0x00000000f3500000|  0%| F|  |TAMS 0x00000000f3400000, 0x00000000f3400000| Untracked 
| 821|0x00000000f3500000, 0x00000000f3500000, 0x00000000f3600000|  0%| F|  |TAMS 0x00000000f3500000, 0x00000000f3500000| Untracked 
| 822|0x00000000f3600000, 0x00000000f3600000, 0x00000000f3700000|  0%| F|  |TAMS 0x00000000f3600000, 0x00000000f3600000| Untracked 
| 823|0x00000000f3700000, 0x00000000f3700000, 0x00000000f3800000|  0%| F|  |TAMS 0x00000000f3700000, 0x00000000f3700000| Untracked 
| 824|0x00000000f3800000, 0x00000000f3800000, 0x00000000f3900000|  0%| F|  |TAMS 0x00000000f3800000, 0x00000000f3800000| Untracked 
| 825|0x00000000f3900000, 0x00000000f3900000, 0x00000000f3a00000|  0%| F|  |TAMS 0x00000000f3900000, 0x00000000f3900000| Untracked 
| 826|0x00000000f3a00000, 0x00000000f3a00000, 0x00000000f3b00000|  0%| F|  |TAMS 0x00000000f3a00000, 0x00000000f3a00000| Untracked 
| 827|0x00000000f3b00000, 0x00000000f3b00000, 0x00000000f3c00000|  0%| F|  |TAMS 0x00000000f3b00000, 0x00000000f3b00000| Untracked 
| 828|0x00000000f3c00000, 0x00000000f3c00000, 0x00000000f3d00000|  0%| F|  |TAMS 0x00000000f3c00000, 0x00000000f3c00000| Untracked 
| 829|0x00000000f3d00000, 0x00000000f3d00000, 0x00000000f3e00000|  0%| F|  |TAMS 0x00000000f3d00000, 0x00000000f3d00000| Untracked 
| 830|0x00000000f3e00000, 0x00000000f3e00000, 0x00000000f3f00000|  0%| F|  |TAMS 0x00000000f3e00000, 0x00000000f3e00000| Untracked 
| 831|0x00000000f3f00000, 0x00000000f3f00000, 0x00000000f4000000|  0%| F|  |TAMS 0x00000000f3f00000, 0x00000000f3f00000| Untracked 
| 832|0x00000000f4000000, 0x00000000f4000000, 0x00000000f4100000|  0%| F|  |TAMS 0x00000000f4000000, 0x00000000f4000000| Untracked 
| 833|0x00000000f4100000, 0x00000000f4100000, 0x00000000f4200000|  0%| F|  |TAMS 0x00000000f4100000, 0x00000000f4100000| Untracked 
| 834|0x00000000f4200000, 0x00000000f4200000, 0x00000000f4300000|  0%| F|  |TAMS 0x00000000f4200000, 0x00000000f4200000| Untracked 
| 835|0x00000000f4300000, 0x00000000f4300000, 0x00000000f4400000|  0%| F|  |TAMS 0x00000000f4300000, 0x00000000f4300000| Untracked 
| 836|0x00000000f4400000, 0x00000000f4400000, 0x00000000f4500000|  0%| F|  |TAMS 0x00000000f4400000, 0x00000000f4400000| Untracked 
| 837|0x00000000f4500000, 0x00000000f4500000, 0x00000000f4600000|  0%| F|  |TAMS 0x00000000f4500000, 0x00000000f4500000| Untracked 
| 838|0x00000000f4600000, 0x00000000f4600000, 0x00000000f4700000|  0%| F|  |TAMS 0x00000000f4600000, 0x00000000f4600000| Untracked 
| 839|0x00000000f4700000, 0x00000000f4700000, 0x00000000f4800000|  0%| F|  |TAMS 0x00000000f4700000, 0x00000000f4700000| Untracked 
| 840|0x00000000f4800000, 0x00000000f4800000, 0x00000000f4900000|  0%| F|  |TAMS 0x00000000f4800000, 0x00000000f4800000| Untracked 
| 841|0x00000000f4900000, 0x00000000f4900000, 0x00000000f4a00000|  0%| F|  |TAMS 0x00000000f4900000, 0x00000000f4900000| Untracked 
| 842|0x00000000f4a00000, 0x00000000f4a00000, 0x00000000f4b00000|  0%| F|  |TAMS 0x00000000f4a00000, 0x00000000f4a00000| Untracked 
| 843|0x00000000f4b00000, 0x00000000f4b00000, 0x00000000f4c00000|  0%| F|  |TAMS 0x00000000f4b00000, 0x00000000f4b00000| Untracked 
| 844|0x00000000f4c00000, 0x00000000f4c00000, 0x00000000f4d00000|  0%| F|  |TAMS 0x00000000f4c00000, 0x00000000f4c00000| Untracked 
| 845|0x00000000f4d00000, 0x00000000f4d00000, 0x00000000f4e00000|  0%| F|  |TAMS 0x00000000f4d00000, 0x00000000f4d00000| Untracked 
| 846|0x00000000f4e00000, 0x00000000f4e00000, 0x00000000f4f00000|  0%| F|  |TAMS 0x00000000f4e00000, 0x00000000f4e00000| Untracked 
| 847|0x00000000f4f00000, 0x00000000f4f00000, 0x00000000f5000000|  0%| F|  |TAMS 0x00000000f4f00000, 0x00000000f4f00000| Untracked 
| 848|0x00000000f5000000, 0x00000000f5000000, 0x00000000f5100000|  0%| F|  |TAMS 0x00000000f5000000, 0x00000000f5000000| Untracked 
| 849|0x00000000f5100000, 0x00000000f5100000, 0x00000000f5200000|  0%| F|  |TAMS 0x00000000f5100000, 0x00000000f5100000| Untracked 
| 850|0x00000000f5200000, 0x00000000f5200000, 0x00000000f5300000|  0%| F|  |TAMS 0x00000000f5200000, 0x00000000f5200000| Untracked 
| 851|0x00000000f5300000, 0x00000000f5300000, 0x00000000f5400000|  0%| F|  |TAMS 0x00000000f5300000, 0x00000000f5300000| Untracked 
| 852|0x00000000f5400000, 0x00000000f5400000, 0x00000000f5500000|  0%| F|  |TAMS 0x00000000f5400000, 0x00000000f5400000| Untracked 
| 853|0x00000000f5500000, 0x00000000f5500000, 0x00000000f5600000|  0%| F|  |TAMS 0x00000000f5500000, 0x00000000f5500000| Untracked 
| 854|0x00000000f5600000, 0x00000000f5600000, 0x00000000f5700000|  0%| F|  |TAMS 0x00000000f5600000, 0x00000000f5600000| Untracked 
| 855|0x00000000f5700000, 0x00000000f5700000, 0x00000000f5800000|  0%| F|  |TAMS 0x00000000f5700000, 0x00000000f5700000| Untracked 
| 856|0x00000000f5800000, 0x00000000f5800000, 0x00000000f5900000|  0%| F|  |TAMS 0x00000000f5800000, 0x00000000f5800000| Untracked 
| 857|0x00000000f5900000, 0x00000000f5900000, 0x00000000f5a00000|  0%| F|  |TAMS 0x00000000f5900000, 0x00000000f5900000| Untracked 
| 858|0x00000000f5a00000, 0x00000000f5a00000, 0x00000000f5b00000|  0%| F|  |TAMS 0x00000000f5a00000, 0x00000000f5a00000| Untracked 
| 859|0x00000000f5b00000, 0x00000000f5b00000, 0x00000000f5c00000|  0%| F|  |TAMS 0x00000000f5b00000, 0x00000000f5b00000| Untracked 
| 860|0x00000000f5c00000, 0x00000000f5c00000, 0x00000000f5d00000|  0%| F|  |TAMS 0x00000000f5c00000, 0x00000000f5c00000| Untracked 
| 861|0x00000000f5d00000, 0x00000000f5d00000, 0x00000000f5e00000|  0%| F|  |TAMS 0x00000000f5d00000, 0x00000000f5d00000| Untracked 
| 862|0x00000000f5e00000, 0x00000000f5e00000, 0x00000000f5f00000|  0%| F|  |TAMS 0x00000000f5e00000, 0x00000000f5e00000| Untracked 
| 863|0x00000000f5f00000, 0x00000000f5f00000, 0x00000000f6000000|  0%| F|  |TAMS 0x00000000f5f00000, 0x00000000f5f00000| Untracked 
| 864|0x00000000f6000000, 0x00000000f6000000, 0x00000000f6100000|  0%| F|  |TAMS 0x00000000f6000000, 0x00000000f6000000| Untracked 
| 865|0x00000000f6100000, 0x00000000f6100000, 0x00000000f6200000|  0%| F|  |TAMS 0x00000000f6100000, 0x00000000f6100000| Untracked 
| 866|0x00000000f6200000, 0x00000000f6200000, 0x00000000f6300000|  0%| F|  |TAMS 0x00000000f6200000, 0x00000000f6200000| Untracked 
| 867|0x00000000f6300000, 0x00000000f6300000, 0x00000000f6400000|  0%| F|  |TAMS 0x00000000f6300000, 0x00000000f6300000| Untracked 
| 868|0x00000000f6400000, 0x00000000f6400000, 0x00000000f6500000|  0%| F|  |TAMS 0x00000000f6400000, 0x00000000f6400000| Untracked 
| 869|0x00000000f6500000, 0x00000000f6500000, 0x00000000f6600000|  0%| F|  |TAMS 0x00000000f6500000, 0x00000000f6500000| Untracked 
| 870|0x00000000f6600000, 0x00000000f6600000, 0x00000000f6700000|  0%| F|  |TAMS 0x00000000f6600000, 0x00000000f6600000| Untracked 
| 871|0x00000000f6700000, 0x00000000f6700000, 0x00000000f6800000|  0%| F|  |TAMS 0x00000000f6700000, 0x00000000f6700000| Untracked 
| 872|0x00000000f6800000, 0x00000000f6800000, 0x00000000f6900000|  0%| F|  |TAMS 0x00000000f6800000, 0x00000000f6800000| Untracked 
| 873|0x00000000f6900000, 0x00000000f6900000, 0x00000000f6a00000|  0%| F|  |TAMS 0x00000000f6900000, 0x00000000f6900000| Untracked 
| 874|0x00000000f6a00000, 0x00000000f6a00000, 0x00000000f6b00000|  0%| F|  |TAMS 0x00000000f6a00000, 0x00000000f6a00000| Untracked 
| 875|0x00000000f6b00000, 0x00000000f6b00000, 0x00000000f6c00000|  0%| F|  |TAMS 0x00000000f6b00000, 0x00000000f6b00000| Untracked 
| 876|0x00000000f6c00000, 0x00000000f6c00000, 0x00000000f6d00000|  0%| F|  |TAMS 0x00000000f6c00000, 0x00000000f6c00000| Untracked 
| 877|0x00000000f6d00000, 0x00000000f6d00000, 0x00000000f6e00000|  0%| F|  |TAMS 0x00000000f6d00000, 0x00000000f6d00000| Untracked 
| 878|0x00000000f6e00000, 0x00000000f6e00000, 0x00000000f6f00000|  0%| F|  |TAMS 0x00000000f6e00000, 0x00000000f6e00000| Untracked 
| 879|0x00000000f6f00000, 0x00000000f6f00000, 0x00000000f7000000|  0%| F|  |TAMS 0x00000000f6f00000, 0x00000000f6f00000| Untracked 
| 880|0x00000000f7000000, 0x00000000f7000000, 0x00000000f7100000|  0%| F|  |TAMS 0x00000000f7000000, 0x00000000f7000000| Untracked 
| 881|0x00000000f7100000, 0x00000000f7100000, 0x00000000f7200000|  0%| F|  |TAMS 0x00000000f7100000, 0x00000000f7100000| Untracked 
| 882|0x00000000f7200000, 0x00000000f7200000, 0x00000000f7300000|  0%| F|  |TAMS 0x00000000f7200000, 0x00000000f7200000| Untracked 
| 883|0x00000000f7300000, 0x00000000f7300000, 0x00000000f7400000|  0%| F|  |TAMS 0x00000000f7300000, 0x00000000f7300000| Untracked 
| 884|0x00000000f7400000, 0x00000000f7400000, 0x00000000f7500000|  0%| F|  |TAMS 0x00000000f7400000, 0x00000000f7400000| Untracked 
| 885|0x00000000f7500000, 0x00000000f7500000, 0x00000000f7600000|  0%| F|  |TAMS 0x00000000f7500000, 0x00000000f7500000| Untracked 
| 886|0x00000000f7600000, 0x00000000f7600000, 0x00000000f7700000|  0%| F|  |TAMS 0x00000000f7600000, 0x00000000f7600000| Untracked 
| 887|0x00000000f7700000, 0x00000000f7700000, 0x00000000f7800000|  0%| F|  |TAMS 0x00000000f7700000, 0x00000000f7700000| Untracked 
| 888|0x00000000f7800000, 0x00000000f7800000, 0x00000000f7900000|  0%| F|  |TAMS 0x00000000f7800000, 0x00000000f7800000| Untracked 
| 889|0x00000000f7900000, 0x00000000f7900000, 0x00000000f7a00000|  0%| F|  |TAMS 0x00000000f7900000, 0x00000000f7900000| Untracked 
| 890|0x00000000f7a00000, 0x00000000f7a00000, 0x00000000f7b00000|  0%| F|  |TAMS 0x00000000f7a00000, 0x00000000f7a00000| Untracked 
| 891|0x00000000f7b00000, 0x00000000f7b00000, 0x00000000f7c00000|  0%| F|  |TAMS 0x00000000f7b00000, 0x00000000f7b00000| Untracked 
| 892|0x00000000f7c00000, 0x00000000f7c00000, 0x00000000f7d00000|  0%| F|  |TAMS 0x00000000f7c00000, 0x00000000f7c00000| Untracked 
| 893|0x00000000f7d00000, 0x00000000f7d00000, 0x00000000f7e00000|  0%| F|  |TAMS 0x00000000f7d00000, 0x00000000f7d00000| Untracked 
| 894|0x00000000f7e00000, 0x00000000f7e00000, 0x00000000f7f00000|  0%| F|  |TAMS 0x00000000f7e00000, 0x00000000f7e00000| Untracked 
| 895|0x00000000f7f00000, 0x00000000f7f00000, 0x00000000f8000000|  0%| F|  |TAMS 0x00000000f7f00000, 0x00000000f7f00000| Untracked 
| 896|0x00000000f8000000, 0x00000000f8000000, 0x00000000f8100000|  0%| F|  |TAMS 0x00000000f8000000, 0x00000000f8000000| Untracked 
| 897|0x00000000f8100000, 0x00000000f8100000, 0x00000000f8200000|  0%| F|  |TAMS 0x00000000f8100000, 0x00000000f8100000| Untracked 
| 898|0x00000000f8200000, 0x00000000f8200000, 0x00000000f8300000|  0%| F|  |TAMS 0x00000000f8200000, 0x00000000f8200000| Untracked 
| 899|0x00000000f8300000, 0x00000000f8300000, 0x00000000f8400000|  0%| F|  |TAMS 0x00000000f8300000, 0x00000000f8300000| Untracked 
| 900|0x00000000f8400000, 0x00000000f8400000, 0x00000000f8500000|  0%| F|  |TAMS 0x00000000f8400000, 0x00000000f8400000| Untracked 
| 901|0x00000000f8500000, 0x00000000f8500000, 0x00000000f8600000|  0%| F|  |TAMS 0x00000000f8500000, 0x00000000f8500000| Untracked 
| 902|0x00000000f8600000, 0x00000000f8600000, 0x00000000f8700000|  0%| F|  |TAMS 0x00000000f8600000, 0x00000000f8600000| Untracked 
| 903|0x00000000f8700000, 0x00000000f8700000, 0x00000000f8800000|  0%| F|  |TAMS 0x00000000f8700000, 0x00000000f8700000| Untracked 
| 904|0x00000000f8800000, 0x00000000f8800000, 0x00000000f8900000|  0%| F|  |TAMS 0x00000000f8800000, 0x00000000f8800000| Untracked 
| 905|0x00000000f8900000, 0x00000000f8900000, 0x00000000f8a00000|  0%| F|  |TAMS 0x00000000f8900000, 0x00000000f8900000| Untracked 
| 906|0x00000000f8a00000, 0x00000000f8a00000, 0x00000000f8b00000|  0%| F|  |TAMS 0x00000000f8a00000, 0x00000000f8a00000| Untracked 
| 907|0x00000000f8b00000, 0x00000000f8b00000, 0x00000000f8c00000|  0%| F|  |TAMS 0x00000000f8b00000, 0x00000000f8b00000| Untracked 
| 908|0x00000000f8c00000, 0x00000000f8c00000, 0x00000000f8d00000|  0%| F|  |TAMS 0x00000000f8c00000, 0x00000000f8c00000| Untracked 
| 909|0x00000000f8d00000, 0x00000000f8d00000, 0x00000000f8e00000|  0%| F|  |TAMS 0x00000000f8d00000, 0x00000000f8d00000| Untracked 
| 910|0x00000000f8e00000, 0x00000000f8e00000, 0x00000000f8f00000|  0%| F|  |TAMS 0x00000000f8e00000, 0x00000000f8e00000| Untracked 
| 911|0x00000000f8f00000, 0x00000000f8f00000, 0x00000000f9000000|  0%| F|  |TAMS 0x00000000f8f00000, 0x00000000f8f00000| Untracked 
| 912|0x00000000f9000000, 0x00000000f9000000, 0x00000000f9100000|  0%| F|  |TAMS 0x00000000f9000000, 0x00000000f9000000| Untracked 
| 913|0x00000000f9100000, 0x00000000f9100000, 0x00000000f9200000|  0%| F|  |TAMS 0x00000000f9100000, 0x00000000f9100000| Untracked 
| 914|0x00000000f9200000, 0x00000000f9200000, 0x00000000f9300000|  0%| F|  |TAMS 0x00000000f9200000, 0x00000000f9200000| Untracked 
| 915|0x00000000f9300000, 0x00000000f9300000, 0x00000000f9400000|  0%| F|  |TAMS 0x00000000f9300000, 0x00000000f9300000| Untracked 
| 916|0x00000000f9400000, 0x00000000f9400000, 0x00000000f9500000|  0%| F|  |TAMS 0x00000000f9400000, 0x00000000f9400000| Untracked 
| 917|0x00000000f9500000, 0x00000000f9500000, 0x00000000f9600000|  0%| F|  |TAMS 0x00000000f9500000, 0x00000000f9500000| Untracked 
| 918|0x00000000f9600000, 0x00000000f9600000, 0x00000000f9700000|  0%| F|  |TAMS 0x00000000f9600000, 0x00000000f9600000| Untracked 
| 919|0x00000000f9700000, 0x00000000f9700000, 0x00000000f9800000|  0%| F|  |TAMS 0x00000000f9700000, 0x00000000f9700000| Untracked 
| 920|0x00000000f9800000, 0x00000000f9800000, 0x00000000f9900000|  0%| F|  |TAMS 0x00000000f9800000, 0x00000000f9800000| Untracked 
| 921|0x00000000f9900000, 0x00000000f9900000, 0x00000000f9a00000|  0%| F|  |TAMS 0x00000000f9900000, 0x00000000f9900000| Untracked 
| 922|0x00000000f9a00000, 0x00000000f9a00000, 0x00000000f9b00000|  0%| F|  |TAMS 0x00000000f9a00000, 0x00000000f9a00000| Untracked 
| 923|0x00000000f9b00000, 0x00000000f9b00000, 0x00000000f9c00000|  0%| F|  |TAMS 0x00000000f9b00000, 0x00000000f9b00000| Untracked 
| 924|0x00000000f9c00000, 0x00000000f9c00000, 0x00000000f9d00000|  0%| F|  |TAMS 0x00000000f9c00000, 0x00000000f9c00000| Untracked 
| 925|0x00000000f9d00000, 0x00000000f9d00000, 0x00000000f9e00000|  0%| F|  |TAMS 0x00000000f9d00000, 0x00000000f9d00000| Untracked 
| 926|0x00000000f9e00000, 0x00000000f9e00000, 0x00000000f9f00000|  0%| F|  |TAMS 0x00000000f9e00000, 0x00000000f9e00000| Untracked 
| 927|0x00000000f9f00000, 0x00000000f9f00000, 0x00000000fa000000|  0%| F|  |TAMS 0x00000000f9f00000, 0x00000000f9f00000| Untracked 
| 928|0x00000000fa000000, 0x00000000fa000000, 0x00000000fa100000|  0%| F|  |TAMS 0x00000000fa000000, 0x00000000fa000000| Untracked 
| 929|0x00000000fa100000, 0x00000000fa100000, 0x00000000fa200000|  0%| F|  |TAMS 0x00000000fa100000, 0x00000000fa100000| Untracked 
| 930|0x00000000fa200000, 0x00000000fa200000, 0x00000000fa300000|  0%| F|  |TAMS 0x00000000fa200000, 0x00000000fa200000| Untracked 
| 931|0x00000000fa300000, 0x00000000fa300000, 0x00000000fa400000|  0%| F|  |TAMS 0x00000000fa300000, 0x00000000fa300000| Untracked 
| 932|0x00000000fa400000, 0x00000000fa400000, 0x00000000fa500000|  0%| F|  |TAMS 0x00000000fa400000, 0x00000000fa400000| Untracked 
| 933|0x00000000fa500000, 0x00000000fa500000, 0x00000000fa600000|  0%| F|  |TAMS 0x00000000fa500000, 0x00000000fa500000| Untracked 
| 934|0x00000000fa600000, 0x00000000fa600000, 0x00000000fa700000|  0%| F|  |TAMS 0x00000000fa600000, 0x00000000fa600000| Untracked 
| 935|0x00000000fa700000, 0x00000000fa700000, 0x00000000fa800000|  0%| F|  |TAMS 0x00000000fa700000, 0x00000000fa700000| Untracked 
| 936|0x00000000fa800000, 0x00000000fa800000, 0x00000000fa900000|  0%| F|  |TAMS 0x00000000fa800000, 0x00000000fa800000| Untracked 
| 937|0x00000000fa900000, 0x00000000fa900000, 0x00000000faa00000|  0%| F|  |TAMS 0x00000000fa900000, 0x00000000fa900000| Untracked 
| 938|0x00000000faa00000, 0x00000000faa00000, 0x00000000fab00000|  0%| F|  |TAMS 0x00000000faa00000, 0x00000000faa00000| Untracked 
| 939|0x00000000fab00000, 0x00000000fab00000, 0x00000000fac00000|  0%| F|  |TAMS 0x00000000fab00000, 0x00000000fab00000| Untracked 
| 940|0x00000000fac00000, 0x00000000fac00000, 0x00000000fad00000|  0%| F|  |TAMS 0x00000000fac00000, 0x00000000fac00000| Untracked 
| 941|0x00000000fad00000, 0x00000000fad00000, 0x00000000fae00000|  0%| F|  |TAMS 0x00000000fad00000, 0x00000000fad00000| Untracked 
| 942|0x00000000fae00000, 0x00000000fae00000, 0x00000000faf00000|  0%| F|  |TAMS 0x00000000fae00000, 0x00000000fae00000| Untracked 
| 943|0x00000000faf00000, 0x00000000faf00000, 0x00000000fb000000|  0%| F|  |TAMS 0x00000000faf00000, 0x00000000faf00000| Untracked 
| 944|0x00000000fb000000, 0x00000000fb000000, 0x00000000fb100000|  0%| F|  |TAMS 0x00000000fb000000, 0x00000000fb000000| Untracked 
| 945|0x00000000fb100000, 0x00000000fb100000, 0x00000000fb200000|  0%| F|  |TAMS 0x00000000fb100000, 0x00000000fb100000| Untracked 
| 946|0x00000000fb200000, 0x00000000fb200000, 0x00000000fb300000|  0%| F|  |TAMS 0x00000000fb200000, 0x00000000fb200000| Untracked 
| 947|0x00000000fb300000, 0x00000000fb300000, 0x00000000fb400000|  0%| F|  |TAMS 0x00000000fb300000, 0x00000000fb300000| Untracked 
| 948|0x00000000fb400000, 0x00000000fb400000, 0x00000000fb500000|  0%| F|  |TAMS 0x00000000fb400000, 0x00000000fb400000| Untracked 
| 949|0x00000000fb500000, 0x00000000fb500000, 0x00000000fb600000|  0%| F|  |TAMS 0x00000000fb500000, 0x00000000fb500000| Untracked 
| 950|0x00000000fb600000, 0x00000000fb600000, 0x00000000fb700000|  0%| F|  |TAMS 0x00000000fb600000, 0x00000000fb600000| Untracked 
| 951|0x00000000fb700000, 0x00000000fb700000, 0x00000000fb800000|  0%| F|  |TAMS 0x00000000fb700000, 0x00000000fb700000| Untracked 
| 952|0x00000000fb800000, 0x00000000fb800000, 0x00000000fb900000|  0%| F|  |TAMS 0x00000000fb800000, 0x00000000fb800000| Untracked 
| 953|0x00000000fb900000, 0x00000000fb900000, 0x00000000fba00000|  0%| F|  |TAMS 0x00000000fb900000, 0x00000000fb900000| Untracked 
| 954|0x00000000fba00000, 0x00000000fba00000, 0x00000000fbb00000|  0%| F|  |TAMS 0x00000000fba00000, 0x00000000fba00000| Untracked 
| 955|0x00000000fbb00000, 0x00000000fbb00000, 0x00000000fbc00000|  0%| F|  |TAMS 0x00000000fbb00000, 0x00000000fbb00000| Untracked 
| 956|0x00000000fbc00000, 0x00000000fbc00000, 0x00000000fbd00000|  0%| F|  |TAMS 0x00000000fbc00000, 0x00000000fbc00000| Untracked 
| 957|0x00000000fbd00000, 0x00000000fbd00000, 0x00000000fbe00000|  0%| F|  |TAMS 0x00000000fbd00000, 0x00000000fbd00000| Untracked 
| 958|0x00000000fbe00000, 0x00000000fbe00000, 0x00000000fbf00000|  0%| F|  |TAMS 0x00000000fbe00000, 0x00000000fbe00000| Untracked 
| 959|0x00000000fbf00000, 0x00000000fbf00000, 0x00000000fc000000|  0%| F|  |TAMS 0x00000000fbf00000, 0x00000000fbf00000| Untracked 
| 960|0x00000000fc000000, 0x00000000fc000000, 0x00000000fc100000|  0%| F|  |TAMS 0x00000000fc000000, 0x00000000fc000000| Untracked 
| 961|0x00000000fc100000, 0x00000000fc100000, 0x00000000fc200000|  0%| F|  |TAMS 0x00000000fc100000, 0x00000000fc100000| Untracked 
| 962|0x00000000fc200000, 0x00000000fc200000, 0x00000000fc300000|  0%| F|  |TAMS 0x00000000fc200000, 0x00000000fc200000| Untracked 
| 963|0x00000000fc300000, 0x00000000fc300000, 0x00000000fc400000|  0%| F|  |TAMS 0x00000000fc300000, 0x00000000fc300000| Untracked 
| 964|0x00000000fc400000, 0x00000000fc400000, 0x00000000fc500000|  0%| F|  |TAMS 0x00000000fc400000, 0x00000000fc400000| Untracked 
| 965|0x00000000fc500000, 0x00000000fc500000, 0x00000000fc600000|  0%| F|  |TAMS 0x00000000fc500000, 0x00000000fc500000| Untracked 
| 966|0x00000000fc600000, 0x00000000fc600000, 0x00000000fc700000|  0%| F|  |TAMS 0x00000000fc600000, 0x00000000fc600000| Untracked 
| 967|0x00000000fc700000, 0x00000000fc700000, 0x00000000fc800000|  0%| F|  |TAMS 0x00000000fc700000, 0x00000000fc700000| Untracked 
| 968|0x00000000fc800000, 0x00000000fc800000, 0x00000000fc900000|  0%| F|  |TAMS 0x00000000fc800000, 0x00000000fc800000| Untracked 
| 969|0x00000000fc900000, 0x00000000fc900000, 0x00000000fca00000|  0%| F|  |TAMS 0x00000000fc900000, 0x00000000fc900000| Untracked 
| 970|0x00000000fca00000, 0x00000000fca00000, 0x00000000fcb00000|  0%| F|  |TAMS 0x00000000fca00000, 0x00000000fca00000| Untracked 
| 971|0x00000000fcb00000, 0x00000000fcb00000, 0x00000000fcc00000|  0%| F|  |TAMS 0x00000000fcb00000, 0x00000000fcb00000| Untracked 
| 972|0x00000000fcc00000, 0x00000000fcc00000, 0x00000000fcd00000|  0%| F|  |TAMS 0x00000000fcc00000, 0x00000000fcc00000| Untracked 
| 973|0x00000000fcd00000, 0x00000000fcd00000, 0x00000000fce00000|  0%| F|  |TAMS 0x00000000fcd00000, 0x00000000fcd00000| Untracked 
| 974|0x00000000fce00000, 0x00000000fce00000, 0x00000000fcf00000|  0%| F|  |TAMS 0x00000000fce00000, 0x00000000fce00000| Untracked 
| 975|0x00000000fcf00000, 0x00000000fcf00000, 0x00000000fd000000|  0%| F|  |TAMS 0x00000000fcf00000, 0x00000000fcf00000| Untracked 
| 976|0x00000000fd000000, 0x00000000fd000000, 0x00000000fd100000|  0%| F|  |TAMS 0x00000000fd000000, 0x00000000fd000000| Untracked 
| 977|0x00000000fd100000, 0x00000000fd100000, 0x00000000fd200000|  0%| F|  |TAMS 0x00000000fd100000, 0x00000000fd100000| Untracked 
| 978|0x00000000fd200000, 0x00000000fd200000, 0x00000000fd300000|  0%| F|  |TAMS 0x00000000fd200000, 0x00000000fd200000| Untracked 
| 979|0x00000000fd300000, 0x00000000fd300000, 0x00000000fd400000|  0%| F|  |TAMS 0x00000000fd300000, 0x00000000fd300000| Untracked 
| 980|0x00000000fd400000, 0x00000000fd400000, 0x00000000fd500000|  0%| F|  |TAMS 0x00000000fd400000, 0x00000000fd400000| Untracked 
| 981|0x00000000fd500000, 0x00000000fd500000, 0x00000000fd600000|  0%| F|  |TAMS 0x00000000fd500000, 0x00000000fd500000| Untracked 
| 982|0x00000000fd600000, 0x00000000fd600000, 0x00000000fd700000|  0%| F|  |TAMS 0x00000000fd600000, 0x00000000fd600000| Untracked 
| 983|0x00000000fd700000, 0x00000000fd700000, 0x00000000fd800000|  0%| F|  |TAMS 0x00000000fd700000, 0x00000000fd700000| Untracked 
| 984|0x00000000fd800000, 0x00000000fd800000, 0x00000000fd900000|  0%| F|  |TAMS 0x00000000fd800000, 0x00000000fd800000| Untracked 
| 985|0x00000000fd900000, 0x00000000fd900000, 0x00000000fda00000|  0%| F|  |TAMS 0x00000000fd900000, 0x00000000fd900000| Untracked 
| 986|0x00000000fda00000, 0x00000000fda00000, 0x00000000fdb00000|  0%| F|  |TAMS 0x00000000fda00000, 0x00000000fda00000| Untracked 
| 987|0x00000000fdb00000, 0x00000000fdb00000, 0x00000000fdc00000|  0%| F|  |TAMS 0x00000000fdb00000, 0x00000000fdb00000| Untracked 
| 988|0x00000000fdc00000, 0x00000000fdc00000, 0x00000000fdd00000|  0%| F|  |TAMS 0x00000000fdc00000, 0x00000000fdc00000| Untracked 
| 989|0x00000000fdd00000, 0x00000000fdd00000, 0x00000000fde00000|  0%| F|  |TAMS 0x00000000fdd00000, 0x00000000fdd00000| Untracked 
| 990|0x00000000fde00000, 0x00000000fde00000, 0x00000000fdf00000|  0%| F|  |TAMS 0x00000000fde00000, 0x00000000fde00000| Untracked 
| 991|0x00000000fdf00000, 0x00000000fdf00000, 0x00000000fe000000|  0%| F|  |TAMS 0x00000000fdf00000, 0x00000000fdf00000| Untracked 
| 992|0x00000000fe000000, 0x00000000fe000000, 0x00000000fe100000|  0%| F|  |TAMS 0x00000000fe000000, 0x00000000fe000000| Untracked 
| 993|0x00000000fe100000, 0x00000000fe100000, 0x00000000fe200000|  0%| F|  |TAMS 0x00000000fe100000, 0x00000000fe100000| Untracked 
| 994|0x00000000fe200000, 0x00000000fe200000, 0x00000000fe300000|  0%| F|  |TAMS 0x00000000fe200000, 0x00000000fe200000| Untracked 
| 995|0x00000000fe300000, 0x00000000fe300000, 0x00000000fe400000|  0%| F|  |TAMS 0x00000000fe300000, 0x00000000fe300000| Untracked 
| 996|0x00000000fe400000, 0x00000000fe400000, 0x00000000fe500000|  0%| F|  |TAMS 0x00000000fe400000, 0x00000000fe400000| Untracked 
| 997|0x00000000fe500000, 0x00000000fe500000, 0x00000000fe600000|  0%| F|  |TAMS 0x00000000fe500000, 0x00000000fe500000| Untracked 
| 998|0x00000000fe600000, 0x00000000fe600000, 0x00000000fe700000|  0%| F|  |TAMS 0x00000000fe600000, 0x00000000fe600000| Untracked 
| 999|0x00000000fe700000, 0x00000000fe700000, 0x00000000fe800000|  0%| F|  |TAMS 0x00000000fe700000, 0x00000000fe700000| Untracked 
|1000|0x00000000fe800000, 0x00000000fe800000, 0x00000000fe900000|  0%| F|  |TAMS 0x00000000fe800000, 0x00000000fe800000| Untracked 
|1001|0x00000000fe900000, 0x00000000fe900000, 0x00000000fea00000|  0%| F|  |TAMS 0x00000000fe900000, 0x00000000fe900000| Untracked 
|1002|0x00000000fea00000, 0x00000000fea00000, 0x00000000feb00000|  0%| F|  |TAMS 0x00000000fea00000, 0x00000000fea00000| Untracked 
|1003|0x00000000feb00000, 0x00000000feb00000, 0x00000000fec00000|  0%| F|  |TAMS 0x00000000feb00000, 0x00000000feb00000| Untracked 
|1004|0x00000000fec00000, 0x00000000fec00000, 0x00000000fed00000|  0%| F|  |TAMS 0x00000000fec00000, 0x00000000fec00000| Untracked 
|1005|0x00000000fed00000, 0x00000000fed00000, 0x00000000fee00000|  0%| F|  |TAMS 0x00000000fed00000, 0x00000000fed00000| Untracked 
|1006|0x00000000fee00000, 0x00000000fee00000, 0x00000000fef00000|  0%| F|  |TAMS 0x00000000fee00000, 0x00000000fee00000| Untracked 
|1007|0x00000000fef00000, 0x00000000fef00000, 0x00000000ff000000|  0%| F|  |TAMS 0x00000000fef00000, 0x00000000fef00000| Untracked 
|1008|0x00000000ff000000, 0x00000000ff000000, 0x00000000ff100000|  0%| F|  |TAMS 0x00000000ff000000, 0x00000000ff000000| Untracked 
|1009|0x00000000ff100000, 0x00000000ff100000, 0x00000000ff200000|  0%| F|  |TAMS 0x00000000ff100000, 0x00000000ff100000| Untracked 
|1010|0x00000000ff200000, 0x00000000ff200000, 0x00000000ff300000|  0%| F|  |TAMS 0x00000000ff200000, 0x00000000ff200000| Untracked 
|1011|0x00000000ff300000, 0x00000000ff300000, 0x00000000ff400000|  0%| F|  |TAMS 0x00000000ff300000, 0x00000000ff300000| Untracked 
|1012|0x00000000ff400000, 0x00000000ff400000, 0x00000000ff500000|  0%| F|  |TAMS 0x00000000ff400000, 0x00000000ff400000| Untracked 
|1013|0x00000000ff500000, 0x00000000ff500000, 0x00000000ff600000|  0%| F|  |TAMS 0x00000000ff500000, 0x00000000ff500000| Untracked 
|1014|0x00000000ff600000, 0x00000000ff600000, 0x00000000ff700000|  0%| F|  |TAMS 0x00000000ff600000, 0x00000000ff600000| Untracked 
|1015|0x00000000ff700000, 0x00000000ff700000, 0x00000000ff800000|  0%| F|  |TAMS 0x00000000ff700000, 0x00000000ff700000| Untracked 
|1016|0x00000000ff800000, 0x00000000ff800000, 0x00000000ff900000|  0%| F|  |TAMS 0x00000000ff800000, 0x00000000ff800000| Untracked 
|1017|0x00000000ff900000, 0x00000000ff900000, 0x00000000ffa00000|  0%| F|  |TAMS 0x00000000ff900000, 0x00000000ff900000| Untracked 
|1018|0x00000000ffa00000, 0x00000000ffa00000, 0x00000000ffb00000|  0%| F|  |TAMS 0x00000000ffa00000, 0x00000000ffa00000| Untracked 
|1019|0x00000000ffb00000, 0x00000000ffb00000, 0x00000000ffc00000|  0%| F|  |TAMS 0x00000000ffb00000, 0x00000000ffb00000| Untracked 
|1020|0x00000000ffc00000, 0x00000000ffc00000, 0x00000000ffd00000|  0%| F|  |TAMS 0x00000000ffc00000, 0x00000000ffc00000| Untracked 
|1021|0x00000000ffd00000, 0x00000000ffd00000, 0x00000000ffe00000|  0%| F|  |TAMS 0x00000000ffd00000, 0x00000000ffd00000| Untracked 
|1022|0x00000000ffe00000, 0x00000000fff00000, 0x00000000fff00000|100%| E|  |TAMS 0x00000000ffe00000, 0x00000000ffe00000| Complete 
|1023|0x00000000fff00000, 0x0000000100000000, 0x0000000100000000|100%| E|CS|TAMS 0x00000000fff00000, 0x00000000fff00000| Complete 

Card table byte_map: [0x000001f6f0f50000,0x000001f6f1150000] _byte_map_base: 0x000001f6f0950000

Marking Bits (Prev, Next): (CMBitMap*) 0x000001f6e12a36e0, (CMBitMap*) 0x000001f6e12a3720
 Prev Bits: [0x000001f6f1350000, 0x000001f6f2350000)
 Next Bits: [0x000001f6f2350000, 0x000001f6f3350000)

Polling page: 0x000001f6df1c0000

Metaspace:

Usage:
  Non-class:    386.31 KB used.
      Class:     20.89 KB used.
       Both:    407.20 KB used.

Virtual space:
  Non-class space:       64.00 MB reserved,     448.00 KB ( <1%) committed,  1 nodes.
      Class space:        1.00 GB reserved,     128.00 KB ( <1%) committed,  1 nodes.
             Both:        1.06 GB reserved,     576.00 KB ( <1%) committed. 

Chunk freelists:
   Non-Class:  11.80 MB
       Class:  15.73 MB
        Both:  27.53 MB

MaxMetaspaceSize: unlimited
CompressedClassSpaceSize: 1.00 GB
Initial GC threshold: 21.00 MB
Current GC threshold: 21.00 MB
CDS: on
MetaspaceReclaimPolicy: balanced
 - commit_granule_bytes: 65536.
 - commit_granule_words: 8192.
 - virtual_space_node_default_size: 8388608.
 - enlarge_chunks_in_place: 1.
 - new_chunks_are_fully_committed: 0.
 - uncommit_free_chunks: 1.
 - use_allocation_guard: 0.
 - handle_deallocations: 1.


Internal statistics:

num_allocs_failed_limit: 0.
num_arena_births: 4.
num_arena_deaths: 0.
num_vsnodes_births: 2.
num_vsnodes_deaths: 0.
num_space_committed: 9.
num_space_uncommitted: 0.
num_chunks_returned_to_freelist: 0.
num_chunks_taken_from_freelist: 15.
num_chunk_merges: 0.
num_chunk_splits: 11.
num_chunks_enlarged: 9.
num_inconsistent_stats: 0.

CodeCache: size=131072Kb used=1232Kb max_used=1232Kb free=129839Kb
 bounds [0x000001f6e8b30000, 0x000001f6e8da0000, 0x000001f6f0b30000]
 total_blobs=430 nmethods=114 adapters=229
 compilation: enabled
              stopped_count=0, restarted_count=0
 full_count=0

Compilation events (20 events):
Event: 0.257 Thread 0x000001f6f5f95e30  105       3       java.lang.StringBuilder::append (8 bytes)
Event: 0.257 Thread 0x000001f6f5f95e30 nmethod 105 0x000001f6e8c5c390 code [0x000001f6e8c5c520, 0x000001f6e8c5c668]
Event: 0.257 Thread 0x000001f6f5f95e30  106       3       java.lang.AbstractStringBuilder::append (45 bytes)
Event: 0.258 Thread 0x000001f6f5f95e30 nmethod 106 0x000001f6e8c60190 code [0x000001f6e8c60360, 0x000001f6e8c606a8]
Event: 0.258 Thread 0x000001f6f5f95e30  107       3       java.util.Arrays::copyOfRange (64 bytes)
Event: 0.258 Thread 0x000001f6f5f95e30 nmethod 107 0x000001f6e8c60810 code [0x000001f6e8c60a80, 0x000001f6e8c61398]
Event: 0.260 Thread 0x000001f6f5f95e30  108       3       java.lang.StringLatin1::lastIndexOf (40 bytes)
Event: 0.260 Thread 0x000001f6f5f95e30 nmethod 108 0x000001f6e8c61710 code [0x000001f6e8c618e0, 0x000001f6e8c61cd8]
Event: 0.261 Thread 0x000001f6f5f95e30  109       3       java.lang.StringLatin1::newString (24 bytes)
Event: 0.261 Thread 0x000001f6f5f95e30 nmethod 109 0x000001f6e8c61e10 code [0x000001f6e8c61fe0, 0x000001f6e8c62308]
Event: 0.262 Thread 0x000001f6f5f95e30  110       3       java.lang.CharacterDataLatin1::toLowerCase (39 bytes)
Event: 0.263 Thread 0x000001f6f5f95e30 nmethod 110 0x000001f6e8c62410 code [0x000001f6e8c625c0, 0x000001f6e8c62818]
Event: 0.263 Thread 0x000001f6f5f95e30  111       3       java.lang.String::indexOf (7 bytes)
Event: 0.263 Thread 0x000001f6f5f95e30 nmethod 111 0x000001f6e8c62910 code [0x000001f6e8c62ae0, 0x000001f6e8c62df8]
Event: 0.263 Thread 0x000001f6f5f95e30  112       3       java.lang.String::getBytes (46 bytes)
Event: 0.263 Thread 0x000001f6f5f95e30 nmethod 112 0x000001f6e8c62f10 code [0x000001f6e8c630e0, 0x000001f6e8c633f8]
Event: 0.270 Thread 0x000001f6f5f95e30  113       3       java.lang.StringBuilder::append (8 bytes)
Event: 0.270 Thread 0x000001f6f5f95e30 nmethod 113 0x000001f6e8c63510 code [0x000001f6e8c636a0, 0x000001f6e8c637e8]
Event: 0.270 Thread 0x000001f6f5f95e30  114       3       java.lang.AbstractStringBuilder::append (77 bytes)
Event: 0.271 Thread 0x000001f6f5f95e30 nmethod 114 0x000001f6e8c63890 code [0x000001f6e8c63aa0, 0x000001f6e8c64128]

GC Heap History (0 events):
No events

Deoptimization events (0 events):
No events

Classes unloaded (0 events):
No events

Classes redefined (0 events):
No events

Internal exceptions (0 events):
No events

VM Operations (2 events):
Event: 0.242 Executing VM operation: HandshakeAllThreads
Event: 0.242 Executing VM operation: HandshakeAllThreads done

Events (20 events):
Event: 0.093 Thread 0x000001f6f5f6a200 Thread added: 0x000001f6f5f6a200
Event: 0.093 Thread 0x000001f6f5f6b080 Thread added: 0x000001f6f5f6b080
Event: 0.122 loading class sun/nio/cs/IBM437
Event: 0.123 loading class sun/nio/cs/IBM437 done
Event: 0.124 loading class sun/nio/cs/IBM437$Holder
Event: 0.124 loading class sun/nio/cs/IBM437$Holder done
Event: 0.126 Thread 0x000001f6f5f8ecb0 Thread added: 0x000001f6f5f8ecb0
Event: 0.126 Thread 0x000001f6f5f8fb30 Thread added: 0x000001f6f5f8fb30
Event: 0.126 Thread 0x000001f6f5f93610 Thread added: 0x000001f6f5f93610
Event: 0.126 Thread 0x000001f6f5f93fd0 Thread added: 0x000001f6f5f93fd0
Event: 0.126 Thread 0x000001f6f5f94d70 Thread added: 0x000001f6f5f94d70
Event: 0.129 Thread 0x000001f6f5f95e30 Thread added: 0x000001f6f5f95e30
Event: 0.131 Thread 0x000001f6f5f9a140 Thread added: 0x000001f6f5f9a140
Event: 0.198 Thread 0x000001f6f60c3840 Thread added: 0x000001f6f60c3840
Event: 0.206 loading class sun/nio/cs/UTF_8$Decoder
Event: 0.206 loading class sun/nio/cs/UTF_8$Decoder done
Event: 0.209 Thread 0x000001f6f60c8700 Thread added: 0x000001f6f60c8700
Event: 0.220 Loaded shared library C:\Program Files\Java\jdk-17\bin\net.dll
Event: 0.228 Loaded shared library C:\Program Files\Java\jdk-17\bin\nio.dll
Event: 0.240 Loaded shared library C:\Program Files\Java\jdk-17\bin\zip.dll


Dynamic libraries:
0x00007ff7cdff0000 - 0x00007ff7ce000000 	C:\Program Files\Java\jdk-17\bin\java.exe
0x00007ffd55590000 - 0x00007ffd55788000 	C:\Windows\SYSTEM32\ntdll.dll
0x00007ffd55480000 - 0x00007ffd55542000 	C:\Windows\System32\KERNEL32.DLL
0x00007ffd52cc0000 - 0x00007ffd52fb6000 	C:\Windows\System32\KERNELBASE.dll
0x00007ffd53370000 - 0x00007ffd53470000 	C:\Windows\System32\ucrtbase.dll
0x00007ffd4dbf0000 - 0x00007ffd4dc09000 	C:\Program Files\Java\jdk-17\bin\jli.dll
0x00007ffd54a00000 - 0x00007ffd54aaf000 	C:\Windows\System32\ADVAPI32.dll
0x00007ffd544f0000 - 0x00007ffd5458e000 	C:\Windows\System32\msvcrt.dll
0x00007ffd53f50000 - 0x00007ffd53fef000 	C:\Windows\System32\sechost.dll
0x00007ffd536b0000 - 0x00007ffd537d3000 	C:\Windows\System32\RPCRT4.dll
0x00007ffd53510000 - 0x00007ffd53537000 	C:\Windows\System32\bcrypt.dll
0x00007ffd55130000 - 0x00007ffd552cd000 	C:\Windows\System32\USER32.dll
0x00007ffd53540000 - 0x00007ffd53562000 	C:\Windows\System32\win32u.dll
0x00007ffd535c0000 - 0x00007ffd535eb000 	C:\Windows\System32\GDI32.dll
0x00007ffd52fc0000 - 0x00007ffd530da000 	C:\Windows\System32\gdi32full.dll
0x00007ffd53470000 - 0x00007ffd5350d000 	C:\Windows\System32\msvcp_win.dll
0x00007ffd50960000 - 0x00007ffd5097b000 	C:\Program Files\Java\jdk-17\bin\VCRUNTIME140.dll
0x00007ffd4d780000 - 0x00007ffd4d78a000 	C:\Windows\SYSTEM32\VERSION.dll
0x00007ffd33660000 - 0x00007ffd338fa000 	C:\Windows\WinSxS\amd64_microsoft.windows.common-controls_6595b64144ccf1df_6.0.19041.5794_none_60bcd33171f2783c\COMCTL32.dll
0x00007ffd55100000 - 0x00007ffd5512f000 	C:\Windows\System32\IMM32.DLL
0x00007ffd4f4b0000 - 0x00007ffd4f4bc000 	C:\Program Files\Java\jdk-17\bin\vcruntime140_1.dll
0x00007ffd41980000 - 0x00007ffd41a0e000 	C:\Program Files\Java\jdk-17\bin\msvcp140.dll
0x00007ffce92c0000 - 0x00007ffce9ea0000 	C:\Program Files\Java\jdk-17\bin\server\jvm.dll
0x00007ffd541a0000 - 0x00007ffd541a8000 	C:\Windows\System32\PSAPI.DLL
0x00007ffd40f60000 - 0x00007ffd40f87000 	C:\Windows\SYSTEM32\WINMM.dll
0x00007ffd41160000 - 0x00007ffd41169000 	C:\Windows\SYSTEM32\WSOCK32.dll
0x00007ffd543f0000 - 0x00007ffd5445b000 	C:\Windows\System32\WS2_32.dll
0x00007ffd51410000 - 0x00007ffd51422000 	C:\Windows\SYSTEM32\kernel.appcore.dll
0x00007ffd4dc30000 - 0x00007ffd4dc3a000 	C:\Program Files\Java\jdk-17\bin\jimage.dll
0x00007ffd4ab50000 - 0x00007ffd4ad51000 	C:\Windows\SYSTEM32\DBGHELP.DLL
0x00007ffd4b540000 - 0x00007ffd4b574000 	C:\Windows\SYSTEM32\dbgcore.DLL
0x00007ffd52c30000 - 0x00007ffd52cb2000 	C:\Windows\System32\bcryptPrimitives.dll
0x00007ffd4d620000 - 0x00007ffd4d645000 	C:\Program Files\Java\jdk-17\bin\java.dll
0x00007ffd380b0000 - 0x00007ffd38187000 	C:\Program Files\Java\jdk-17\bin\jsvml.dll
0x00007ffd537e0000 - 0x00007ffd53f4e000 	C:\Windows\System32\SHELL32.dll
0x00007ffd50c50000 - 0x00007ffd513f3000 	C:\Windows\SYSTEM32\windows.storage.dll
0x00007ffd54ab0000 - 0x00007ffd54e03000 	C:\Windows\System32\combase.dll
0x00007ffd52580000 - 0x00007ffd525ab000 	C:\Windows\SYSTEM32\Wldp.dll
0x00007ffd54e80000 - 0x00007ffd54f4d000 	C:\Windows\System32\OLEAUT32.dll
0x00007ffd54260000 - 0x00007ffd5430d000 	C:\Windows\System32\SHCORE.dll
0x00007ffd535f0000 - 0x00007ffd53645000 	C:\Windows\System32\shlwapi.dll
0x00007ffd52b60000 - 0x00007ffd52b85000 	C:\Windows\SYSTEM32\profapi.dll
0x00007ffd4dbd0000 - 0x00007ffd4dbe9000 	C:\Program Files\Java\jdk-17\bin\net.dll
0x00007ffd4a4a0000 - 0x00007ffd4a5aa000 	C:\Windows\SYSTEM32\WINHTTP.dll
0x00007ffd52360000 - 0x00007ffd523cc000 	C:\Windows\system32\mswsock.dll
0x00007ffd4c560000 - 0x00007ffd4c576000 	C:\Program Files\Java\jdk-17\bin\nio.dll
0x00007ffd4b470000 - 0x00007ffd4b488000 	C:\Program Files\Java\jdk-17\bin\zip.dll

dbghelp: loaded successfully - version: 4.0.5 - missing functions: none
symbol engine: initialized successfully - sym options: 0x614 - pdb path: .;C:\Program Files\Java\jdk-17\bin;C:\Windows\SYSTEM32;C:\Windows\WinSxS\amd64_microsoft.windows.common-controls_6595b64144ccf1df_6.0.19041.5794_none_60bcd33171f2783c;C:\Program Files\Java\jdk-17\bin\server

VM Arguments:
jvm_args: -Dfile.encoding=UTF-8 -Dscala.ext.dirs=C:\Users\Administrator\.sbt\1.0\java9-rt-ext-oracle_corporation_17_0_12 -Xms1024m -Xmx1024m -Xss4M -XX:ReservedCodeCacheSize=128m 
java_command: xsbt.boot.Boot compile run
java_class_path (initial): C:\Program Files (x86)\sbt\\bin\sbt-launch.jar
Launcher Type: SUN_STANDARD

[Global flags]
     intx CICompilerCount                          = 4                                         {product} {ergonomic}
     uint ConcGCThreads                            = 2                                         {product} {ergonomic}
     uint G1ConcRefinementThreads                  = 8                                         {product} {ergonomic}
   size_t G1HeapRegionSize                         = 1048576                                   {product} {ergonomic}
    uintx GCDrainStackTargetSize                   = 64                                        {product} {ergonomic}
   size_t InitialHeapSize                          = 1073741824                                {product} {command line}
   size_t MarkStackSize                            = 4194304                                   {product} {ergonomic}
   size_t MaxHeapSize                              = 1073741824                                {product} {command line}
   size_t MaxNewSize                               = 643825664                                 {product} {ergonomic}
   size_t MinHeapDeltaBytes                        = 1048576                                   {product} {ergonomic}
   size_t MinHeapSize                              = 1073741824                                {product} {command line}
    uintx NonProfiledCodeHeapSize                  = 0                                      {pd product} {ergonomic}
    uintx ProfiledCodeHeapSize                     = 0                                      {pd product} {ergonomic}
    uintx ReservedCodeCacheSize                    = 134217728                              {pd product} {command line}
   size_t SoftMaxHeapSize                          = 1073741824                             {manageable} {ergonomic}
     intx ThreadStackSize                          = 4096                                   {pd product} {command line}
     bool UseCompressedClassPointers               = true                           {product lp64_product} {ergonomic}
     bool UseCompressedOops                        = true                           {product lp64_product} {ergonomic}
     bool UseG1GC                                  = true                                      {product} {ergonomic}
     bool UseLargePagesIndividualAllocation        = false                                  {pd product} {ergonomic}

Logging:
Log output configuration:
 #0: stdout all=warning uptime,level,tags
 #1: stderr all=off uptime,level,tags

Environment Variables:
PATH=C:\Program Files\Common Files\Oracle\Java\javapath;C:\Windows\system32;C:\Windows;C:\Windows\System32\Wbem;C:\Windows\System32\WindowsPowerShell\v1.0\;C:\Windows\System32\OpenSSH\;C:\Program Files\Git\cmd;C:\Program Files (x86)\sbt\bin;C:\Program Files\nodejs\;C:\Program Files\Microsoft VS Code\bin;C:\Users\Administrator\AppData\Local\Microsoft\WindowsApps;C:\Users\Administrator\AppData\Roaming\npm;C:\Podman\podman-5.4.2\usr\bin;
USERNAME=Administrator
OS=Windows_NT
PROCESSOR_IDENTIFIER=Intel64 Family 6 Model 60 Stepping 3, GenuineIntel



---------------  S Y S T E M  ---------------

OS:
 Windows 10 , 64 bit Build 19041 (10.0.19041.5794)
OS uptime: 3 days 5:10 hours
Hyper-V role detected

CPU: total 8 (initial active 8) (4 cores per cpu, 2 threads per core) family 6 model 60 stepping 3 microcode 0x27, cx8, cmov, fxsr, ht, mmx, sse, sse2, sse3, ssse3, sse4.1, sse4.2, popcnt, lzcnt, tsc, tscinvbit, avx, avx2, aes, erms, clmul, bmi1, bmi2, fma, vzeroupper, clflush, hv

Memory: 4k page, system-wide physical 16070M (538M free)
TotalPageFile size 30274M (AvailPageFile size 3M)
current process WorkingSet (physical memory assigned to process): 40M, peak: 40M
current process commit charge ("private bytes"): 1138M, peak: 1138M

vm_info: Java HotSpot(TM) 64-Bit Server VM (17.0.12+8-LTS-286) for windows-amd64 JRE (17.0.12+8-LTS-286), built on Jun  5 2024 06:46:59 by "mach5one" with MS VC++ 17.6 (VS2022)

END.
