JvmtiExport can_access_local_variables 0
JvmtiExport can_hotswap_or_post_breakpoint 0
JvmtiExport can_post_on_exceptions 0
# 445 ciObject found
ciInstanceKlass java/lang/Cloneable 1 0 7 100 1 100 1 1 1
instanceKlass sbt/internal/bsp/codec/PublishDiagnosticsParamsFormats$$anon$1
instanceKlass sbt/internal/bsp/PublishDiagnosticsParams
instanceKlass sbt/internal/bsp/TextDocumentIdentifier
instanceKlass sbt/internal/bsp/TextDocumentIdentifier$
instanceKlass sbt/internal/bsp/PublishDiagnosticsParams$
instanceKlass sbt/compiler/Eval$$anon$2
instanceKlass scala/reflect/internal/util/StringOps$
instanceKlass scala/tools/nsc/ast/parser/Scanners$Scanner$$anon$3
instanceKlass scala/tools/nsc/ast/parser/Parsers$Parser$noSeq$
instanceKlass scala/tools/nsc/ast/parser/Parsers$Parser$SeqContextSensitive
instanceKlass scala/tools/nsc/ast/parser/Parsers$Parser$PatternContextSensitive
instanceKlass com/typesafe/sbt/packager/graalvmnativeimage/GraalVMNativeImagePlugin$autoImport$
instanceKlass com/typesafe/sbt/packager/graalvmnativeimage/GraalVMNativeImageKeysEx
instanceKlass com/typesafe/sbt/packager/graalvmnativeimage/GraalVMNativeImageKeys
instanceKlass com/typesafe/sbt/packager/archetypes/systemloader/SystemloaderPlugin$autoImport$
instanceKlass com/typesafe/sbt/packager/archetypes/systemloader/SystemdPlugin$autoImport$
instanceKlass com/typesafe/sbt/packager/archetypes/scripts/BatStartScriptPlugin$autoImport$
instanceKlass com/typesafe/sbt/packager/archetypes/scripts/BashStartScriptPlugin$autoImport$
instanceKlass com/typesafe/sbt/packager/archetypes/jlink/JlinkPlugin$autoImport$
instanceKlass com/typesafe/sbt/packager/archetypes/jar/LauncherJarPlugin$autoImport$
instanceKlass com/typesafe/sbt/packager/archetypes/jar/ClasspathJarPlugin$autoImport$
instanceKlass com/typesafe/sbt/packager/archetypes/JavaServerAppPackaging$autoImport$
instanceKlass com/typesafe/sbt/packager/archetypes/JavaAppPackaging$autoImport$
instanceKlass com/typesafe/sbt/packager/archetypes/MaintainerScriptHelper
instanceKlass com/typesafe/sbt/SbtNativePackager$autoImport$
instanceKlass com/typesafe/sbt/web/incremental/OpInputHasher
instanceKlass com/typesafe/sbt/jse/JsTaskImport$JsTaskKeys$
instanceKlass com/typesafe/sbt/jse/JsTaskImport$
instanceKlass spray/json/JsonReader
instanceKlass spray/json/ParserInput
instanceKlass com/typesafe/sbt/jse/JsEngineImport$JsEngineKeys$
instanceKlass com/typesafe/sbt/jse/JsEngineImport$
instanceKlass com/typesafe/sbt/jse/engines/Engine
instanceKlass com/typesafe/sbt/web/pipeline/Pipeline$
instanceKlass com/typesafe/sbt/web/Import$WebKeys$
instanceKlass com/typesafe/sbt/web/Import$
instanceKlass com/typesafe/sbt/packager/jdkpackager/JDKPackagerPlugin$autoImport$FileAssociation
instanceKlass com/typesafe/sbt/packager/jdkpackager/JDKPackagerPlugin$autoImport$JDKPackagerToolkit
instanceKlass com/typesafe/sbt/packager/jdkpackager/JDKPackagerPlugin$autoImport$
instanceKlass com/typesafe/sbt/packager/jdkpackager/JDKPackagerKeys
instanceKlass com/typesafe/sbt/packager/debian/DebianNativePackaging
instanceKlass com/typesafe/sbt/packager/debian/DebianPluginLike
instanceKlass com/typesafe/sbt/packager/archetypes/scripts/CommonStartScriptGenerator$ScriptConfig
instanceKlass com/typesafe/sbt/packager/archetypes/scripts/CommonStartScriptGenerator
instanceKlass com/typesafe/sbt/packager/archetypes/scripts/ApplicationIniGenerator
instanceKlass com/typesafe/sbt/packager/validation/ValidationResult
instanceKlass com/typesafe/sbt/packager/Keys$
instanceKlass com/typesafe/sbt/packager/validation/ValidationKeys
instanceKlass com/typesafe/sbt/packager/archetypes/scripts/BatStartScriptKeys
instanceKlass com/typesafe/sbt/packager/archetypes/scripts/BashStartScriptKeys
instanceKlass com/typesafe/sbt/packager/archetypes/systemloader/SystemloaderKeys
instanceKlass com/typesafe/sbt/packager/archetypes/jlink/JlinkKeys
instanceKlass com/typesafe/sbt/packager/archetypes/JavaServerAppKeys
instanceKlass com/typesafe/sbt/packager/archetypes/JavaAppKeys2
instanceKlass com/typesafe/sbt/packager/archetypes/JavaAppKeys
instanceKlass com/typesafe/sbt/packager/NativePackagerKeys
instanceKlass com/typesafe/sbt/packager/docker/LayeredMapping
instanceKlass com/typesafe/sbt/packager/docker/DockerApiVersion
instanceKlass com/typesafe/sbt/packager/docker/CmdLike
instanceKlass com/typesafe/sbt/packager/docker/DockerVersion
instanceKlass com/typesafe/sbt/packager/docker/DockerAlias
instanceKlass com/typesafe/sbt/packager/docker/DockerPlugin$autoImport$
instanceKlass com/typesafe/sbt/packager/docker/DockerKeysEx
instanceKlass com/typesafe/sbt/packager/docker/DockerKeys
instanceKlass com/typesafe/sbt/packager/windows/WindowsFeature
instanceKlass com/typesafe/sbt/packager/windows/FeatureComponent
instanceKlass com/typesafe/sbt/packager/windows/WindowsProductInfo
instanceKlass com/typesafe/sbt/packager/windows/WindowsPlugin$autoImport$
instanceKlass com/typesafe/sbt/packager/windows/WindowsKeys
instanceKlass com/typesafe/sbt/packager/rpm/RpmPlugin$Names$
instanceKlass com/typesafe/sbt/packager/rpm/RpmScripts
instanceKlass com/typesafe/sbt/packager/rpm/RpmSpec
instanceKlass com/typesafe/sbt/packager/rpm/RpmDependencies
instanceKlass com/typesafe/sbt/packager/rpm/RpmDescription
instanceKlass com/typesafe/sbt/packager/rpm/RpmMetadata
instanceKlass com/typesafe/sbt/packager/rpm/RpmPlugin$autoImport$
instanceKlass com/typesafe/sbt/packager/rpm/RpmKeys
instanceKlass com/typesafe/sbt/packager/debian/DebianPlugin$Names$
instanceKlass com/typesafe/sbt/packager/debian/PackageMetaData
instanceKlass com/typesafe/sbt/packager/debian/PackageInfo
instanceKlass com/typesafe/sbt/packager/debian/DebianPlugin$autoImport$
instanceKlass com/typesafe/sbt/packager/debian/DebianKeys
instanceKlass com/typesafe/sbt/packager/linux/LinuxSymlink
instanceKlass com/typesafe/sbt/packager/linux/LinuxPackageMapping
instanceKlass com/typesafe/sbt/packager/linux/LinuxPlugin$autoImport$
instanceKlass com/typesafe/sbt/packager/linux/LinuxMappingDSL
instanceKlass com/typesafe/sbt/packager/linux/LinuxKeys
instanceKlass com/typesafe/sbt/packager/universal/UniversalPlugin$autoImport$
instanceKlass com/typesafe/sbt/packager/universal/UniversalKeys
instanceKlass play/twirl/sbt/Import$
instanceKlass giter8/ScaffoldPlugin$autoImport$
instanceKlass play/routes/compiler/Rule
instanceKlass scala/util/parsing/input/Positional
instanceKlass play/routes/compiler/InjectedRoutesGenerator$
instanceKlass play/sbt/routes/RoutesKeys$LazyProjectReference
instanceKlass play/routes/compiler/RoutesGenerator
instanceKlass play/routes/compiler/RoutesCompiler$RoutesCompilerTask
instanceKlass play/sbt/routes/RoutesKeys$
instanceKlass play/core/PlayVersion$
instanceKlass play/sbt/PlayImport$
instanceKlass sun/nio/fs/WindowsUriSupport
instanceKlass sbt/SessionVar$Key
instanceKlass sbt/internal/Aggregation$KeyValue
instanceKlass sbt/util/StampedFormat$$anon$1
instanceKlass sbt/util/StampedFormat$
instanceKlass java/util/IdentityHashMap$EntryIterator$Entry
instanceKlass sbt/internal/APIMappings$
instanceKlass sbt/Sync$$anon$1
instanceKlass sbt/Sync$
instanceKlass sbt/util/CacheStoreFactory$
instanceKlass xsbt/api/Discovery
instanceKlass xsbt/api/Discovery$
instanceKlass sbt/Tests$
instanceKlass sbt/internal/bsp/codec/TaskFinishParamsFormats$$anon$1
instanceKlass sbt/internal/bsp/TaskFinishParams
instanceKlass sbt/internal/bsp/codec/CompileReportFormats$$anon$1
instanceKlass sbt/internal/bsp/StatusCode$
instanceKlass sbt/internal/bsp/TaskFinishParams$
instanceKlass sbt/internal/bsp/CompileReport
instanceKlass sbt/internal/bsp/CompileReport$
instanceKlass scala/collection/convert/Wrappers$MapWrapper$$anon$2$$anon$3
instanceKlass scala/runtime/RichLong$
instanceKlass scala/runtime/RichLong
instanceKlass scala/runtime/IntegralProxy
instanceKlass scala/runtime/ScalaWholeNumberProxy
instanceKlass sbt/internal/inc/Relations$ClassDependencies
instanceKlass sbt/internal/inc/Incremental$$anon$1
instanceKlass sbt/internal/inc/InitialChanges
instanceKlass sbt/internal/inc/APIChange
instanceKlass xsbti/compile/APIChange
instanceKlass sbt/internal/inc/APIChanges
instanceKlass scala/collection/parallel/ParIterableLike$$anon$14
instanceKlass scala/collection/parallel/ParIterableLike$Filter
instanceKlass scala/collection/immutable/NewRedBlackTree$TreeIterator
instanceKlass sbt/internal/inc/WrappedSet
instanceKlass sbt/internal/inc/UnderlyingChanges
instanceKlass xsbti/compile/Changes
instanceKlass sbt/internal/inc/AnalysisCallback$Builder
instanceKlass sbt/internal/inc/MemberRefInvalidator
instanceKlass sbt/internal/DefaultRunProfiler
instanceKlass xsbti/compile/InitialChanges
instanceKlass sbt/internal/inc/InitialStamps
instanceKlass xsbti/AnalysisCallback
instanceKlass scala/collection/immutable/NewRedBlackTree$
instanceKlass scala/collection/immutable/SortedMap$Default
instanceKlass scala/collection/SortedMap$Default
instanceKlass xsbti/compile/WrappedClassFileManager
instanceKlass sbt/internal/inc/AbstractClassFileManager
instanceKlass xsbti/compile/ClassFileManager
instanceKlass sbt/internal/inc/ClassFileManager$
instanceKlass sbt/internal/inc/IncrementalCommon$
instanceKlass sbt/internal/inc/MiniSetupUtil$$anon$1
instanceKlass sbt/internal/inc/MiniSetupUtil$$anon$8
instanceKlass sbt/internal/inc/MiniSetupUtil$$anon$7
instanceKlass sbt/internal/inc/MiniSetupUtil$$anon$6
instanceKlass sbt/internal/inc/MiniSetupUtil$$anon$5
instanceKlass scala/math/Equiv$$anon$4
instanceKlass sbt/internal/inc/MiniSetupUtil$$anon$4
instanceKlass sbt/internal/inc/MiniSetupUtil$$anon$3
instanceKlass sbt/internal/inc/MiniSetupUtil$$anon$2
instanceKlass sbt/internal/inc/MiniSetupUtil$
instanceKlass sbt/internal/inc/Incremental$CompileCycle
instanceKlass xsbti/compile/DependencyChanges
instanceKlass sbt/internal/inc/IncrementalCommon
instanceKlass sbt/internal/inc/InvalidationProfilerUtils
instanceKlass xsbti/compile/RunProfiler$DelegatingRunProfiler
instanceKlass sbt/internal/inc/RunProfiler
instanceKlass sbt/internal/inc/Incremental$
instanceKlass sbt/internal/inc/LookupImpl
instanceKlass sbt/internal/inc/javac/ClassFinder
instanceKlass sbt/internal/inc/javac/AnalyzingJavaCompiler
instanceKlass sbt/internal/inc/MixedAnalyzingCompiler
instanceKlass sbt/internal/inc/Locate$
instanceKlass sbt/internal/inc/PlainVirtualFile$
instanceKlass sbt/internal/inc/CompilerArguments$
instanceKlass sbt/internal/inc/CompileConfiguration
instanceKlass xsbti/compile/MiniSetup
instanceKlass xsbti/compile/MiniOptions
instanceKlass scala/collection/parallel/mutable/ParArray$ParArrayIterator$
instanceKlass scala/collection/parallel/mutable/ParArray$ParArrayIterator
instanceKlass scala/collection/parallel/ParIterableLike$CopyToArray
instanceKlass java/nio/DirectByteBuffer$Deallocator
instanceKlass sun/nio/ch/Util$BufferCache
instanceKlass sun/nio/ch/Util
instanceKlass sun/nio/ch/IOStatus
instanceKlass java/nio/channels/Channels
instanceKlass sbt/internal/inc/FarmHash$
instanceKlass sbt/internal/inc/StampBase
instanceKlass scala/collection/parallel/mutable/ParArray$Map
instanceKlass xsbti/compile/FileHash
instanceKlass scala/collection/parallel/mutable/ResizableParArrayCombiner$$anon$1
instanceKlass scala/collection/parallel/mutable/ResizableParArrayCombiner
instanceKlass scala/collection/parallel/mutable/LazyCombiner
instanceKlass scala/collection/parallel/mutable/ResizableParArrayCombiner$
instanceKlass scala/collection/parallel/mutable/package$
instanceKlass scala/collection/parallel/mutable/ParArray
instanceKlass scala/collection/parallel/mutable/ParSeq
instanceKlass scala/collection/parallel/mutable/ParIterable
instanceKlass scala/collection/parallel/package$CollectionsHaveToParArray
instanceKlass sbt/internal/inc/caching/ClasspathCache$
instanceKlass sbt/internal/inc/JarUtils$OutputJarContent
instanceKlass sbt/internal/inc/IndexBasedZipOps
instanceKlass sbt/internal/inc/CreateZip
instanceKlass sbt/internal/inc/JarUtils$
instanceKlass sbt/internal/inc/MCompilations
instanceKlass sbt/internal/inc/Compilations
instanceKlass sbt/internal/inc/Compilations$
instanceKlass sbt/internal/inc/MSourceInfos
instanceKlass sbt/internal/inc/UnderlyingSourceInfo
instanceKlass xsbti/compile/analysis/SourceInfo
instanceKlass sbt/internal/inc/SourceInfos
instanceKlass sbt/internal/inc/SourceInfos$
instanceKlass sbt/internal/inc/UsedNames$
instanceKlass sbt/internal/inc/ExternalDependencies
instanceKlass sbt/internal/inc/ExternalDependencies$
instanceKlass sbt/internal/inc/InternalDependencies
instanceKlass sbt/internal/inc/InternalDependencies$
instanceKlass sbt/internal/inc/MRelationsNameHashing
instanceKlass sbt/internal/inc/Relations
instanceKlass sbt/internal/inc/Relations$
instanceKlass sbt/internal/inc/MAPIs
instanceKlass xsbti/api/AnalyzedClass
instanceKlass xsbti/api/NameHash
instanceKlass xsbti/api/SafeLazy$Thunky
instanceKlass xsbti/api/SafeLazyProxy$$anon$1
instanceKlass xsbti/api/Companions
instanceKlass xsbti/api/TypeParameter
instanceKlass xsbti/api/Annotation
instanceKlass xsbti/api/AbstractLazy
instanceKlass xsbti/api/SafeLazy
instanceKlass xsbti/api/SafeLazyProxy$
instanceKlass xsbt/api/APIUtil$
instanceKlass xsbti/api/Modifiers
instanceKlass sbt/internal/inc/APIs
instanceKlass sbt/internal/inc/APIs$
instanceKlass sbt/internal/inc/MStamps
instanceKlass xsbti/compile/analysis/ReadCompilations
instanceKlass xsbti/compile/analysis/ReadSourceInfos
instanceKlass sbt/internal/inc/MAnalysis
instanceKlass sbt/internal/inc/Analysis
instanceKlass sbt/internal/inc/Analysis$
instanceKlass sbt/internal/inc/JavaInterfaceUtil$EnrichSbtTuple
instanceKlass sbt/OptionSyntax$
instanceKlass sbt/OptionSyntax$RichOptional$
instanceKlass sbt/internal/server/BspCompileProgress
instanceKlass sbt/internal/bsp/codec/TaskStartParamsFormats$$anon$1
instanceKlass sbt/internal/bsp/TaskStartParams
instanceKlass sbt/internal/bsp/TaskStartParams$
instanceKlass sbt/internal/bsp/codec/BuildTargetIdentifierFormats$$anon$1
instanceKlass sbt/internal/bsp/codec/CompileTaskFormats$$anon$1
instanceKlass sbt/internal/bsp/codec/JsonProtocol$
instanceKlass sbt/internal/bsp/codec/JsonProtocol
instanceKlass sbt/internal/bsp/codec/JvmRunEnvironmentResultFormats
instanceKlass sbt/internal/bsp/codec/JvmRunEnvironmentParamsFormats
instanceKlass sbt/internal/bsp/codec/JvmTestEnvironmentResultFormats
instanceKlass sbt/internal/bsp/codec/JvmTestEnvironmentParamsFormats
instanceKlass sbt/internal/bsp/codec/JvmEnvironmentItemFormats
instanceKlass sbt/internal/bsp/codec/ResourcesResultFormats
instanceKlass sbt/internal/bsp/codec/ResourcesItemFormats
instanceKlass sbt/internal/bsp/codec/ResourcesParamsFormats
instanceKlass sbt/internal/bsp/codec/ScalaMainClassesResultFormats
instanceKlass sbt/internal/bsp/codec/ScalaMainClassesItemFormats
instanceKlass sbt/internal/bsp/codec/ScalaMainClassFormats
instanceKlass sbt/internal/bsp/codec/ScalaMainClassesParamsFormats
instanceKlass sbt/internal/bsp/codec/ScalaTestClassesResultFormats
instanceKlass sbt/internal/bsp/codec/ScalaTestClassesParamsFormats
instanceKlass sbt/internal/bsp/codec/ScalaTestParamsFormats
instanceKlass sbt/internal/bsp/codec/ScalaTestClassesItemFormats
instanceKlass sbt/internal/bsp/codec/MetalsMetadataFormats
instanceKlass sbt/internal/bsp/codec/BspConnectionDetailsFormats
instanceKlass sbt/internal/bsp/codec/SbtBuildTargetFormats
instanceKlass sbt/internal/bsp/codec/JavacOptionsResultFormats
instanceKlass sbt/internal/bsp/codec/JavacOptionsItemFormats
instanceKlass sbt/internal/bsp/codec/JavacOptionsParamsFormats
instanceKlass sbt/internal/bsp/codec/ScalacOptionsResultFormats
instanceKlass sbt/internal/bsp/codec/ScalacOptionsItemFormats
instanceKlass sbt/internal/bsp/codec/ScalacOptionsParamsFormats
instanceKlass sbt/internal/bsp/codec/ScalaBuildTargetFormats
instanceKlass sbt/internal/bsp/codec/JvmBuildTargetFormats
instanceKlass sbt/internal/bsp/codec/RunResultFormats
instanceKlass sbt/internal/bsp/codec/RunParamsFormats
instanceKlass sbt/internal/bsp/codec/TestResultFormats
instanceKlass sbt/internal/bsp/codec/TestParamsFormats
instanceKlass sbt/internal/bsp/codec/CompileReportFormats
instanceKlass sbt/internal/bsp/codec/CompileTaskFormats
instanceKlass sbt/internal/bsp/codec/CleanCacheResultFormats
instanceKlass sbt/internal/bsp/codec/CleanCacheParamsFormats
instanceKlass sbt/internal/bsp/codec/BspCompileResultFormats
instanceKlass sbt/internal/bsp/codec/CompileParamsFormats
instanceKlass sbt/internal/bsp/codec/TaskFinishParamsFormats
instanceKlass sbt/internal/bsp/codec/TaskProgressParamsFormats
instanceKlass sbt/internal/bsp/codec/TaskStartParamsFormats
instanceKlass sbt/internal/bsp/codec/DependencySourcesResultFormats
instanceKlass sbt/internal/bsp/codec/DependencySourcesItemFormats
instanceKlass sbt/internal/bsp/codec/DependencySourcesParamsFormats
instanceKlass sbt/internal/bsp/codec/OutputPathsResultFormats
instanceKlass sbt/internal/bsp/codec/OutputPathsItemFormats
instanceKlass sbt/internal/bsp/codec/OutputPathItemFormats
instanceKlass sbt/internal/bsp/codec/OutputPathsParamsFormats
instanceKlass sbt/internal/bsp/codec/SourcesResultFormats
instanceKlass sbt/internal/bsp/codec/SourcesItemFormats
instanceKlass sbt/internal/bsp/codec/SourceItemFormats
instanceKlass sbt/internal/bsp/codec/SourcesParamsFormats
instanceKlass sbt/internal/bsp/codec/WorkspaceBuildTargetsResultFormats
instanceKlass sbt/internal/bsp/codec/PublishDiagnosticsParamsFormats
instanceKlass sbt/internal/bsp/codec/InitializeBuildResultFormats
instanceKlass sbt/internal/bsp/codec/BuildServerCapabilitiesFormats
instanceKlass sbt/internal/bsp/codec/RunProviderFormats
instanceKlass sbt/internal/bsp/codec/TestProviderFormats
instanceKlass sbt/internal/bsp/codec/CompileProviderFormats
instanceKlass sbt/internal/bsp/codec/InitializeBuildParamsFormats
instanceKlass sbt/internal/bsp/codec/BuildClientCapabilitiesFormats
instanceKlass sbt/internal/bsp/codec/DiagnosticFormats
instanceKlass sbt/internal/bsp/codec/ScalaDiagnosticFormats
instanceKlass sbt/internal/bsp/codec/ScalaActionFormats
instanceKlass sbt/internal/bsp/codec/ScalaWorkspaceEditFormats
instanceKlass sbt/internal/bsp/codec/ScalaTextEditFormats
instanceKlass sbt/internal/bsp/codec/DiagnosticRelatedInformationFormats
instanceKlass sbt/internal/bsp/codec/LocationFormats
instanceKlass sbt/internal/bsp/codec/RangeFormats
instanceKlass sbt/internal/bsp/codec/PositionFormats
instanceKlass sbt/internal/bsp/codec/TextDocumentIdentifierFormats
instanceKlass sbt/internal/bsp/codec/TaskIdFormats
instanceKlass sbt/internal/bsp/codec/DebugSessionParamsFormats
instanceKlass sbt/internal/bsp/codec/DebugSessionAddressFormats
instanceKlass sbt/internal/bsp/codec/BuildTargetFormats
instanceKlass sbt/internal/bsp/codec/BuildTargetCapabilitiesFormats
instanceKlass sbt/internal/bsp/codec/BuildTargetIdentifierFormats
instanceKlass sbt/internal/bsp/CompileTask
instanceKlass sbt/internal/bsp/CompileTask$
instanceKlass sbt/internal/bsp/BuildTargetName$
instanceKlass sbt/internal/bsp/TaskId
instanceKlass sbt/internal/bsp/BuildServerTasks$
instanceKlass sbt/internal/bsp/TaskId$
instanceKlass sbt/internal/server/BspCompileTask
instanceKlass sbt/internal/server/BspCompileTask$
instanceKlass sbt/util/InterfaceUtil$$anon$2
instanceKlass sbt/util/InterfaceUtil$ConcreteT2
instanceKlass sbt/internal/inc/CompileOutput$ConcreteSingleOutput
instanceKlass xsbti/compile/SingleOutput
instanceKlass xsbti/compile/OutputGroup
instanceKlass xsbti/compile/Output
instanceKlass sbt/internal/inc/CompileOutput$
instanceKlass sbt/Defaults$$anon$6
instanceKlass sbt/internal/inc/classpath/NativeCopyLoader
instanceKlass sbt/internal/inc/classpath/RawResources
instanceKlass sbt/librarymanagement/DependencyFilter$$anon$5
instanceKlass sbt/internal/inc/classpath/FixedResources
instanceKlass sbt/librarymanagement/DependencyFilterExtra$$anon$2
instanceKlass sbt/io/NameFilter$FunctionFilter
instanceKlass sbt/internal/inc/classpath/ClasspathUtil$
instanceKlass sbt/BuildCommon$RichAttributed
instanceKlass sbt/librarymanagement/DependencyFilterExtra$$anon$3
instanceKlass sbt/librarymanagement/DependencyFilter$
instanceKlass sbt/librarymanagement/RichUpdateReport
instanceKlass sbt/librarymanagement/UpdateStats
instanceKlass sbt/librarymanagement/UpdateStatsFormats$$anon$1
instanceKlass sbt/librarymanagement/ConfigurationReportExtra
instanceKlass sbt/librarymanagement/OrganizationArtifactReportFormats$$anon$1
instanceKlass sbt/librarymanagement/ModuleReportExtra
instanceKlass sbt/librarymanagement/CallerFormats$$anon$1
instanceKlass sbt/librarymanagement/ModuleReportFormats$$anon$1
instanceKlass sbt/librarymanagement/ConfigurationReportFormats$$anon$1
instanceKlass sbt/librarymanagement/UpdateReportFormats$$anon$1
instanceKlass sbt/librarymanagement/ArtifactTypeFilterFormats$$anon$1
instanceKlass scala/xml/Utility$
instanceKlass scala/xml/parsing/TokenTests
instanceKlass scala/xml/MetaData$
instanceKlass scala/xml/Text$
instanceKlass scala/xml/ScalaVersionSpecificNodeBuffer
instanceKlass sbt/librarymanagement/ChecksumFormats$$anon$1
instanceKlass sjsonnew/HashUtil$
instanceKlass sjsonnew/TupleFormats$$anon$3
instanceKlass sjsonnew/FlatUnionFormats$$anon$3
instanceKlass sbt/librarymanagement/ModuleDescriptorConfigurationFormats$$anon$1
instanceKlass sbt/librarymanagement/PomConfigurationFormats$$anon$1
instanceKlass sbt/librarymanagement/IvyFileConfigurationFormats$$anon$1
instanceKlass sjsonnew/UnionFormats$$anon$2
instanceKlass sjsonnew/PrimitiveFormats$ByteJsonFormat$
instanceKlass sbt/util/PlainFileInfo$
instanceKlass sjsonnew/TupleFormats$$anon$6
instanceKlass sbt/librarymanagement/ivy/IvyPathsFormats$$anon$1
instanceKlass sbt/librarymanagement/ivy/formats/UpdateOptionsFormat$$anon$1
instanceKlass sbt/internal/librarymanagement/IvySbt$Module$AltLibraryManagementCodec$
instanceKlass sbt/librarymanagement/ivy/IvyLibraryManagementCodec
instanceKlass sbt/librarymanagement/ivy/IvyConfigurationFormats
instanceKlass sbt/librarymanagement/ivy/ExternalIvyConfigurationFormats
instanceKlass sbt/librarymanagement/ivy/InlineIvyConfigurationFormats
instanceKlass sbt/librarymanagement/ivy/IvyPathsFormats
instanceKlass sbt/librarymanagement/ivy/formats/UpdateOptionsFormat
instanceKlass sbt/internal/librarymanagement/formats/LoggerFormat
instanceKlass sbt/internal/librarymanagement/formats/GlobalLockFormat
instanceKlass sbt/librarymanagement/UnresolvedWarningConfiguration$
instanceKlass sjsonnew/shaded/scalajson/ast/unsafe/JNumber$
instanceKlass sjsonnew/LCons$
instanceKlass sjsonnew/support/scalajson/unsafe/JsonPrinter$
instanceKlass sjsonnew/support/scalajson/unsafe/Converter$FacadeImpl$$anon$2
instanceKlass sjsonnew/support/scalajson/unsafe/CompactPrinter$
instanceKlass sjsonnew/support/scalajson/unsafe/CompactPrinter
instanceKlass sjsonnew/support/scalajson/unsafe/JsonPrinter
instanceKlass sjsonnew/support/scalajson/unsafe/Converter$FacadeImpl$$anon$3
instanceKlass sbt/util/FileOutput
instanceKlass sjsonnew/UnbuilderPrecontext
instanceKlass sjsonnew/UnbuilderContext$ArrayContext
instanceKlass sjsonnew/UnbuilderState$InArray$
instanceKlass sjsonnew/package$
instanceKlass sjsonnew/UnbuilderState$InObject$
instanceKlass sjsonnew/UnbuilderContext$ObjectContext
instanceKlass sjsonnew/UnbuilderContext
instanceKlass sjsonnew/shaded/scalajson/ast/unsafe/JField
instanceKlass sjsonnew/support/scalajson/unsafe/Parser$$anon$1$$anon$3
instanceKlass lmcoursier/definitions/Info
instanceKlass sjsonnew/support/scalajson/unsafe/Parser$$anon$1$$anon$4
instanceKlass lmcoursier/definitions/Info$
instanceKlass lmcoursier/definitions/Project$
instanceKlass sbt/internal/inc/JavaInterfaceUtil$EnrichOptional
instanceKlass sjsonnew/UnionFormats$$anon$3
instanceKlass lmcoursier/internal/shaded/coursier/core/Configuration$
instanceKlass xsbti/compile/AnalysisStore$SyncedAnalysisStore
instanceKlass sjsonnew/AdditionalFormats$$anon$7
instanceKlass xsbti/compile/AnalysisStore$CachedAnalysisStore
instanceKlass sjsonnew/BuilderState$End$
instanceKlass lmcoursier/CoursierDependencyResolution
instanceKlass sbt/internal/inc/Schema$Version$1
instanceKlass sbt/internal/shaded/com/google/protobuf/Internal$EnumLiteMap
instanceKlass sbt/internal/shaded/com/google/protobuf/ProtocolMessageEnum
instanceKlass sbt/internal/shaded/com/google/protobuf/Internal$EnumLite
instanceKlass lmcoursier/internal/shaded/coursier/core/Configuration
instanceKlass lmcoursier/CoursierDependencyResolution$
instanceKlass xsbti/api/Qualifier
instanceKlass sbt/internal/inc/UsedNames
instanceKlass lmcoursier/syntax/package$CoursierConfigurationOp
instanceKlass xsbti/api/Lazy
instanceKlass xsbti/api/Access
instanceKlass xsbti/compile/analysis/Compilation
instanceKlass xsbti/api/PathComponent
instanceKlass lmcoursier/definitions/FromCoursier$
instanceKlass xsbti/api/Definition
instanceKlass lmcoursier/definitions/CachePolicy
instanceKlass xsbti/api/Type
instanceKlass sbt/internal/inc/binary/converters/ProtobufReaders
instanceKlass sjsonnew/BuilderState$InField$
instanceKlass sjsonnew/BuilderState$InObject$
instanceKlass lmcoursier/internal/shaded/coursier/ivy/IvyXml$
instanceKlass sjsonnew/SimpleBuilderFacade$$anon$3
instanceKlass sjsonnew/BuilderState$InArray$
instanceKlass sjsonnew/SimpleBuilderFacade$$anon$2
instanceKlass sjsonnew/BuilderState$Begin$
instanceKlass lmcoursier/internal/shaded/coursier/cache/CachePolicy
instanceKlass sjsonnew/BuilderState
instanceKlass sjsonnew/Builder
instanceKlass lmcoursier/internal/shaded/scala/cli/config/Key
instanceKlass lmcoursier/internal/shaded/coursier/cache/CacheDefaults$
instanceKlass sbt/internal/inc/binary/converters/ProtobufWriters
instanceKlass sjsonnew/ImplicitHashWriters$$anon$1
instanceKlass sjsonnew/support/murmurhash/Hasher$FacadeImpl$
instanceKlass lmcoursier/definitions/Dependency
instanceKlass lmcoursier/CoursierConfiguration$
instanceKlass sjsonnew/SimpleBuilderFacade
instanceKlass sbt/internal/inc/binary/BinaryAnalysisFormat
instanceKlass sbt/internal/inc/FileAnalysisStore$BinaryFileStore
instanceKlass sjsonnew/support/murmurhash/Hasher$
instanceKlass lmcoursier/definitions/Publication$
instanceKlass sbt/internal/inc/text/TextAnalysisFormat
instanceKlass sbt/internal/librarymanagement/ivyint/SbtDefaultDependencyDescriptor
instanceKlass sjsonnew/SupportHasher
instanceKlass sbt/internal/inc/text/RelationsTextFormat
instanceKlass sbt/internal/inc/text/FormatCommons
instanceKlass org/apache/ivy/core/cache/ResolutionCacheManager
instanceKlass lmcoursier/definitions/Dependency$
instanceKlass org/apache/ivy/core/cache/DefaultRepositoryCacheManager
instanceKlass org/apache/ivy/plugins/IvySettingsAware
instanceKlass org/apache/ivy/core/cache/RepositoryCacheManager
instanceKlass sbt/internal/librarymanagement/IvySbt$
instanceKlass lmcoursier/definitions/Module
instanceKlass lmcoursier/definitions/ModuleName
instanceKlass xsbti/compile/AnalysisStore
instanceKlass sbt/internal/server/BuildServerReporterImpl
instanceKlass sbt/internal/inc/FileAnalysisStore$
instanceKlass sjsonnew/UnbuilderState$End$
instanceKlass lmcoursier/definitions/Organization
instanceKlass xsbti/compile/analysis/WriteMapper$1
instanceKlass xsbti/compile/analysis/WriteMapper
instanceKlass sjsonnew/UnbuilderState$Begin$
instanceKlass xsbti/compile/analysis/ReadMapper$1
instanceKlass xsbti/compile/analysis/ReadMapper
instanceKlass xsbti/compile/analysis/GenericMapper
instanceKlass scala/collection/mutable/WrappedArrayBuilder
instanceKlass sjsonnew/UnbuilderState
instanceKlass xsbti/compile/analysis/ReadWriteMappers
instanceKlass sjsonnew/Unbuilder
instanceKlass sbt/internal/inc/MixedAnalyzingCompiler$
instanceKlass sbt/internal/util/SuccessEvent
instanceKlass org/apache/ivy/plugins/parser/ParserSettings
instanceKlass sbt/internal/util/codec/SuccessEventShowLines$
instanceKlass sbt/Defaults$$anon$1
instanceKlass sbt/internal/util/codec/SuccessEventShowLines
instanceKlass sbt/internal/AnalysisUtil$
instanceKlass sjsonnew/shaded/scalajson/ast/JValue
instanceKlass sjsonnew/support/scalajson/unsafe/Parser$$anon$1$$anon$2
instanceKlass sbt/internal/util/codec/TraceEventShowLines$
instanceKlass lmcoursier/definitions/Module$
instanceKlass sbt/internal/util/codec/TraceEventShowLines
instanceKlass org/jline/terminal/Size
instanceKlass sbt/coursierint/CoursierRepositoriesTasks$CResolvers$
instanceKlass xsbti/DiagnosticCode
instanceKlass xsbti/TextEdit
instanceKlass xsbti/WorkspaceEdit
instanceKlass sjsonnew/shaded/org/typelevel/jawn/ByteBasedParser
instanceKlass xsbti/DiagnosticRelatedInformation
instanceKlass xsbti/Problem
instanceKlass xsbti/T2
instanceKlass org/jline/nativ/Kernel32$SMALL_RECT
instanceKlass xsbti/Action
instanceKlass sbt/util/InterfaceUtil$
instanceKlass sjsonnew/shaded/org/typelevel/jawn/CharBasedParser
instanceKlass org/jline/nativ/Kernel32$COORD
instanceKlass scala/collection/package$
instanceKlass sbt/internal/util/codec/ThrowableShowLines$
instanceKlass sjsonnew/shaded/org/typelevel/jawn/Parser
instanceKlass org/jline/nativ/Kernel32$CONSOLE_SCREEN_BUFFER_INFO
instanceKlass sbt/internal/util/codec/ThrowableShowLines
instanceKlass scala/collection/parallel/ParIterableLike$FlatMap
instanceKlass sbt/internal/inc/JavaInterfaceUtil$EnrichOption
instanceKlass sjsonnew/shaded/org/typelevel/jawn/ChannelParser$
instanceKlass sbt/internal/librarymanagement/ProjectResolver$
instanceKlass sbt/util/LogExchange
instanceKlass xsbti/compile/ClassFileManagerType
instanceKlass sbt/internal/librarymanagement/ResolverAdapter
instanceKlass org/apache/ivy/plugins/resolver/DependencyResolver
instanceKlass scala/runtime/java8/JFunction0$mcB$sp
instanceKlass sbt/internal/inc/JavaInterfaceUtil$
instanceKlass sjsonnew/shaded/org/typelevel/jawn/FContext
instanceKlass sbt/internal/util/EscHelpers$
instanceKlass sjsonnew/support/scalajson/unsafe/Parser$$anon$1
instanceKlass lmcoursier/Inputs$
instanceKlass sbt/nio/file/AndPathFilter
instanceKlass sbt/librarymanagement/ivy/DirectCredentials
instanceKlass sbt/nio/file/NotPathFilter
instanceKlass sjsonnew/shaded/org/typelevel/jawn/Facade
instanceKlass sbt/internal/util/StringTypeTag
instanceKlass sbt/internal/util/ProgressItem$
instanceKlass sbt/Defaults$$anon$4
instanceKlass sjsonnew/support/scalajson/unsafe/Parser$
instanceKlass sbt/nio/file/IsNotHidden$
instanceKlass sbt/BuildCommon$RichPathFinder
instanceKlass sbt/internal/inc/ProblemStringFormats$$anon$1
instanceKlass sbt/nio/file/FileAttributes$FileAttributesImpl
instanceKlass sjsonnew/shaded/org/typelevel/jawn/SupportParser
instanceKlass sbt/nio/file/IsHidden$
instanceKlass sbt/io/NotFilter
instanceKlass sbt/internal/inc/LoggedReporter$$anon$2
instanceKlass lmcoursier/FromSbt$
instanceKlass sbt/nio/file/FileAttributes$
instanceKlass sbt/internal/inc/ProblemStringFormats
instanceKlass sbt/internal/util/codec/ProblemFormats
instanceKlass sbt/internal/inc/LoggedReporter$
instanceKlass sbt/io/AndFilter
instanceKlass com/swoval/files/TypedPaths$TypedPathImpl
instanceKlass sjsonnew/FContext
instanceKlass sjsonnew/support/scalajson/unsafe/Converter$FacadeImpl$
instanceKlass com/swoval/files/TypedPaths
instanceKlass com/swoval/files/NioDirectoryLister$1
instanceKlass com/swoval/files/SimpleFileTreeView$ListResults
instanceKlass com/swoval/files/SimpleFileTreeView$Lister
instanceKlass com/swoval/files/TypedPath
instanceKlass scala/concurrent/impl/Promise
instanceKlass com/swoval/functional/Filter
instanceKlass scala/concurrent/Future
instanceKlass sjsonnew/Facade
instanceKlass sjsonnew/ExtractorFacade
instanceKlass sbt/nio/file/FileTreeView$$anon$1
instanceKlass sjsonnew/BuilderFacade
instanceKlass sjsonnew/support/scalajson/unsafe/Converter$
instanceKlass sjsonnew/SupportConverter
instanceKlass sbt/util/FileInput
instanceKlass sbt/util/Tracked$CacheHelp
instanceKlass scala/concurrent/Promise
instanceKlass sbt/util/SingletonCache$$anon$1
instanceKlass scala/concurrent/Promise$
instanceKlass sbt/util/SingletonCache$
instanceKlass sbt/nio/file/Glob$RelativeGlobViewOption$Warn$
instanceKlass sbt/internal/util/ConsoleOut$NullConsoleOut$
instanceKlass sbt/nio/file/Glob$RelativeGlobViewOption
instanceKlass sbt/internal/io/ErrorHandling$
instanceKlass sbt/nio/file/Glob$RelativeGlobViewOption$
instanceKlass xsbti/compile/ExternalHooks$GetProvenance
instanceKlass xsbti/compile/InvalidationProfiler
instanceKlass xsbti/compile/DefaultExternalHooks
instanceKlass sbt/nio/file/FileTreeView$Ops$
instanceKlass sbt/std/Streams$$anon$2$$anon$3
instanceKlass jdk/internal/reflect/ClassDefiner$1
instanceKlass jdk/internal/reflect/ClassDefiner
instanceKlass sbt/ConcurrentRestrictions$Enqueue$1
instanceKlass jdk/internal/reflect/MethodAccessorGenerator$1
instanceKlass jdk/internal/reflect/Label$PatchInfo
instanceKlass jdk/internal/reflect/Label
instanceKlass jdk/internal/reflect/UTF8
instanceKlass jdk/internal/reflect/ClassFileAssembler
instanceKlass jdk/internal/reflect/ByteVectorImpl
instanceKlass jdk/internal/reflect/ByteVector
instanceKlass jdk/internal/reflect/ByteVectorFactory
instanceKlass jdk/internal/reflect/AccessorGenerator
instanceKlass jdk/internal/reflect/ClassFileConstants
instanceKlass sbt/internal/util/Prompt$Watch$
instanceKlass sbt/internal/util/Prompt$Running$
instanceKlass sbt/internal/util/ProgressState$
instanceKlass sbt/Execute$$anon$1
instanceKlass sbt/Inc
instanceKlass sbt/internal/util/AbstractEntry
instanceKlass sbt/Value
instanceKlass sbt/internal/util/ProgressEvent$
instanceKlass sbt/internal/util/ProgressItem
instanceKlass sbt/Result$$anon$1
instanceKlass sbt/Result$
instanceKlass sbt/internal/AbstractTaskExecuteProgress$Timer
instanceKlass sbt/CompletionService$$anon$2
instanceKlass sbt/CompletionService$
instanceKlass scala/runtime/java8/JFunction2$mcIII$sp
instanceKlass sbt/internal/TaskName$
instanceKlass sbt/internal/util/IDSet$$anon$1
instanceKlass sbt/std/Transform$$anon$4
instanceKlass sbt/Execute$$anon$2
instanceKlass sbt/Execute$Config
instanceKlass sbt/Completed
instanceKlass sbt/Execute$
instanceKlass sbt/Execute
instanceKlass sbt/internal/util/UnregisterNewHandler
instanceKlass sbt/internal/util/Signals$$anon$1
instanceKlass sbt/EvaluateTask$runningEngine$1$
instanceKlass java/util/concurrent/ExecutorCompletionService
instanceKlass java/util/concurrent/CompletionService
instanceKlass sbt/ConcurrentRestrictions$$anon$4
instanceKlass sbt/CancelSentiels
instanceKlass sbt/ConcurrentRestrictions$$anon$3
instanceKlass sbt/std/Transform$$anon$3
instanceKlass sbt/std/Transform$$anon$2
instanceKlass sbt/std/Transform$$anon$1
instanceKlass sbt/std/Transform$TaskAndValue
instanceKlass sbt/NodeView
instanceKlass sbt/Node
instanceKlass sbt/std/Transform$
instanceKlass sbt/std/Transform$DummyTaskMap
instanceKlass sbt/std/Streams$$anon$1
instanceKlass sbt/std/Streams$$anon$2
instanceKlass sbt/internal/InMemoryCacheStore$DirectoryFactory$
instanceKlass sbt/util/CacheStoreFactory
instanceKlass sbt/internal/InMemoryCacheStore$
instanceKlass sbt/std/CloseableStreams
instanceKlass sbt/std/Streams$
instanceKlass sbt/EvaluateTaskConfig$DefaultEvaluateTaskConfig
instanceKlass sbt/EvaluateTaskConfig
instanceKlass sbt/EvaluateTaskConfig$
instanceKlass sbt/ExecuteProgress2$$anon$1
instanceKlass sbt/ExecuteProgressAdapter
instanceKlass sbt/ExecuteProgress2$
instanceKlass sbt/TaskCancellationStrategy$Signal$
instanceKlass sbt/TaskCancellationStrategy$Null$
instanceKlass sbt/internal/BuildStreams$
instanceKlass sbt/Triggers
instanceKlass sbt/internal/IdentifiableConfig
instanceKlass sbt/internal/KeyIndex0
instanceKlass sbt/internal/BuildIndex
instanceKlass sbt/internal/ProjectIndex
instanceKlass sbt/internal/ConfigIndex
instanceKlass sbt/internal/util/MRelation
instanceKlass sbt/internal/AKeyIndex
instanceKlass sbt/internal/ExtendableKeyIndex
instanceKlass sbt/internal/KeyIndex$
instanceKlass sbt/internal/Index$
instanceKlass sbt/internal/BuildUtil
instanceKlass sbt/internal/StructureIndex
instanceKlass scala/runtime/AbstractFunction4
instanceKlass sbt/ScopeMask
instanceKlass sbt/internal/util/Init$$anon$13
instanceKlass scala/runtime/java8/JFunction0$mcD$sp
instanceKlass sbt/internal/util/Settings0
instanceKlass java/util/concurrent/LinkedBlockingQueue$Itr
instanceKlass sbt/internal/util/RMap$TPair
instanceKlass com/sun/management/internal/GarbageCollectionNotifInfoCompositeData$1
instanceKlass sbt/internal/server/VirtualTerminal$
instanceKlass javax/management/openmbean/CompositeDataSupport
instanceKlass javax/management/openmbean/TabularDataSupport
instanceKlass com/sun/management/internal/GcInfoCompositeData$2
instanceKlass com/sun/management/internal/GcInfoCompositeData$1
instanceKlass com/sun/management/GarbageCollectionNotificationInfo
instanceKlass java/lang/reflect/WildcardType
instanceKlass sbt/internal/server/ServerIntent
instanceKlass sun/reflect/generics/tree/Wildcard
instanceKlass sun/reflect/generics/tree/BottomSignature
instanceKlass sbt/internal/server/ServerCallback
instanceKlass sun/management/MappedMXBeanType$CompositeDataMXBeanType$2
instanceKlass sun/management/MappedMXBeanType$CompositeDataMXBeanType$1
instanceKlass sbt/internal/server/ServerHandler$
instanceKlass sjsonnew/AdditionalFormats$$anon$5
instanceKlass javax/management/openmbean/TabularData
instanceKlass sun/management/MappedMXBeanType
instanceKlass sjsonnew/AdditionalFormats$$anon$1
instanceKlass sun/reflect/generics/reflectiveObjects/LazyReflectiveObjectGenerator
instanceKlass sbt/internal/util/codec/JValueFormats$$anon$3
instanceKlass sun/reflect/generics/tree/ClassSignature
instanceKlass sun/reflect/generics/reflectiveObjects/ParameterizedTypeImpl
instanceKlass java/lang/reflect/ParameterizedType
instanceKlass sun/reflect/generics/tree/MethodTypeSignature
instanceKlass sun/reflect/generics/tree/Signature
instanceKlass sun/reflect/generics/tree/FormalTypeParameter
instanceKlass sun/reflect/generics/repository/AbstractRepository
instanceKlass sbt/internal/util/codec/JValueFormats$$anon$4
instanceKlass javax/management/openmbean/OpenType
instanceKlass sun/management/LazyCompositeData
instanceKlass java/util/stream/Nodes$ArrayNode
instanceKlass java/util/stream/Node$Builder
instanceKlass java/util/stream/Node$OfDouble
instanceKlass java/util/stream/Node$OfLong
instanceKlass java/util/stream/Node$OfInt
instanceKlass java/util/stream/Node$OfPrimitive
instanceKlass sjsonnew/shaded/scalajson/ast/unsafe/JValue
instanceKlass java/util/stream/Nodes$EmptyNode
instanceKlass java/util/stream/Node
instanceKlass sbt/internal/util/codec/JValueFormats$$anon$1
instanceKlass java/util/stream/Nodes
instanceKlass java/util/function/IntFunction
instanceKlass com/sun/management/internal/GcInfoBuilder
instanceKlass sbt/internal/server/LanguageServerProtocol$$anon$1
instanceKlass com/sun/management/GcInfo
instanceKlass javax/management/openmbean/CompositeDataView
instanceKlass javax/management/openmbean/CompositeData
instanceKlass sbt/protocol/codec/JsonProtocol
instanceKlass sbt/protocol/codec/ExecutionEventFormats
instanceKlass sbt/nio/file/RelativeGlob$PathComponent$
instanceKlass sbt/protocol/codec/CompletionResponseFormats
instanceKlass sbt/protocol/codec/SettingQueryResponseFormats
instanceKlass sbt/protocol/codec/EventMessageFormats
instanceKlass sbt/protocol/codec/TerminalSetRawModeResponseFormats
instanceKlass sbt/protocol/codec/TerminalSetEchoResponseFormats
instanceKlass sbt/protocol/codec/TerminalSetSizeResponseFormats
instanceKlass sbt/protocol/codec/TerminalGetSizeResponseFormats
instanceKlass sbt/protocol/codec/TerminalAttributesResponseFormats
instanceKlass sbt/protocol/codec/TerminalSetAttributesResponseFormats
instanceKlass sbt/protocol/codec/TerminalCapabilitiesResponseFormats
instanceKlass scala/collection/SeqViewLike$Mapped
instanceKlass sbt/protocol/codec/TerminalPropertiesResponseFormats
instanceKlass sbt/protocol/codec/SettingQueryFailureFormats
instanceKlass sbt/protocol/codec/SettingQuerySuccessFormats
instanceKlass sbt/protocol/codec/ExecStatusEventFormats
instanceKlass sbt/protocol/codec/LogEventFormats
instanceKlass sbt/protocol/codec/ChannelAcceptedEventFormats
instanceKlass sbt/protocol/codec/CompletionParamsFormats
instanceKlass sbt/protocol/codec/CommandMessageFormats
instanceKlass sbt/protocol/codec/TerminalSetRawModeCommandFormats
instanceKlass sbt/protocol/codec/TerminalSetEchoCommandFormats
instanceKlass sbt/protocol/codec/TerminalSetSizeCommandFormats
instanceKlass sbt/protocol/codec/TerminalGetSizeQueryFormats
instanceKlass sbt/protocol/codec/TerminalAttributesQueryFormats
instanceKlass sbt/protocol/codec/TerminalSetAttributesCommandFormats
instanceKlass sbt/protocol/codec/TerminalCapabilitiesQueryFormats
instanceKlass sbt/protocol/codec/AttachFormats
instanceKlass sbt/protocol/codec/SettingQueryFormats
instanceKlass sbt/protocol/codec/ExecCommandFormats
instanceKlass sbt/protocol/codec/InitCommandFormats
instanceKlass sbt/internal/protocol/codec/InitializeOptionFormats
instanceKlass scala/collection/IterableViewLike$Mapped
instanceKlass scala/collection/TraversableViewLike$Mapped
instanceKlass sbt/internal/langserver/codec/JsonProtocol
instanceKlass scala/collection/SeqView$$anon$1
instanceKlass scala/collection/SeqView$
instanceKlass sbt/internal/langserver/codec/TextDocumentPositionParamsInterfaceFormats
instanceKlass sbt/internal/langserver/codec/TextDocumentPositionParamsFormats
instanceKlass sbt/internal/langserver/codec/TextDocumentIdentifierFormats
instanceKlass sbt/internal/langserver/codec/CancelRequestParamsFormats
instanceKlass sbt/internal/langserver/codec/SbtExecParamsFormats
instanceKlass sbt/internal/langserver/codec/PublishDiagnosticsParamsFormats
instanceKlass sbt/internal/langserver/codec/LogMessageParamsFormats
instanceKlass scala/collection/SeqViewLike$AbstractTransformed
instanceKlass sbt/internal/langserver/codec/InitializeResultFormats
instanceKlass sbt/internal/langserver/codec/ServerCapabilitiesFormats
instanceKlass sbt/internal/langserver/codec/TextDocumentSyncOptionsFormats
instanceKlass sbt/internal/langserver/codec/SaveOptionsFormats
instanceKlass sbt/internal/langserver/codec/InitializeParamsFormats
instanceKlass sbt/internal/langserver/codec/ClientCapabilitiesFormats
instanceKlass sbt/internal/util/codec/JValueFormats
instanceKlass scala/collection/SeqViewLike$Filtered
instanceKlass sbt/internal/langserver/codec/DiagnosticFormats
instanceKlass scala/collection/IterableViewLike$Filtered
instanceKlass sbt/internal/langserver/codec/LocationFormats
instanceKlass sbt/internal/langserver/codec/RangeFormats
instanceKlass scala/collection/TraversableViewLike$Filtered
instanceKlass sbt/internal/langserver/codec/PositionFormats
instanceKlass scala/math/Ordering$$anon$4
instanceKlass sbt/internal/server/LanguageServerProtocol$
instanceKlass scala/collection/SeqViewLike$Transformed
instanceKlass sbt/JavaVersion
instanceKlass scala/runtime/Tuple3Zipped$
instanceKlass scala/collection/IterableViewLike$Transformed
instanceKlass scala/collection/TraversableViewLike$Transformed
instanceKlass sbt/JavaVersion$
instanceKlass scala/collection/SeqLike$$anon$2
instanceKlass sbt/internal/CrossJava$JavaDiscoverConfig$JavaHomeDir$
instanceKlass sbt/DependsOn
instanceKlass scala/runtime/Tuple3Zipped$Ops$
instanceKlass sbt/Defaults$$anon$5
instanceKlass scala/runtime/Tuple3Zipped
instanceKlass scala/runtime/ZippedTraversable3$
instanceKlass sbt/internal/CrossJava$JavaDiscoverConfig$WindowsDiscoverConfig
instanceKlass sbt/internal/CrossJava$JavaDiscoverConfig$JavaHomeDiscoverConfig
instanceKlass sbt/internal/CrossJava$JavaDiscoverConfig$MacOsDiscoverConfig
instanceKlass sbt/internal/CrossJava$JavaDiscoverConfig$LinuxDiscoverConfig
instanceKlass sbt/internal/CrossJava$JavaDiscoverConfig$SdkmanDiscoverConfig
instanceKlass sbt/internal/CrossJava$JavaDiscoverConfig$JabbaDiscoverConfig
instanceKlass sbt/internal/CrossJava$JavaDiscoverConf
instanceKlass sbt/internal/CrossJava$JavaDiscoverConfig$
instanceKlass sbt/nio/file/Glob$PathOps$
instanceKlass sbt/nio/Keys$IgnoreSourceChanges$
instanceKlass sbt/nio/file/syntax/package$
instanceKlass sbt/nio/file/Glob$FileOps$
instanceKlass sbt/std/ParserInstance$$anon$1
instanceKlass sbt/nio/file/RelativeGlob$PathComponent
instanceKlass sbt/std/ParserInstance$
instanceKlass sbt/nio/file/Glob$Pattern
instanceKlass sbt/nio/file/Glob$Root
instanceKlass sbt/nio/file/Glob$GlobOps$
instanceKlass sun/nio/fs/WindowsFileSystem$2
instanceKlass java/nio/file/PathMatcher
instanceKlass sbt/internal/inc/TimeWrapBinaryStamps
instanceKlass sun/nio/fs/Globs
instanceKlass sbt/nio/file/RelativeGlob$GlobMatcher
instanceKlass sbt/nio/file/RelativeGlob$RelativeGlobImpl
instanceKlass sbt/internal/nio/Globs$
instanceKlass sbt/internal/BackgroundThreadPool$$anon$3
instanceKlass sbt/internal/BackgroundJob
instanceKlass sbt/Previous$Referenced
instanceKlass sbt/internal/BackgroundThreadPool
instanceKlass sbt/Previous$Key
instanceKlass sbt/internal/inc/VirtualFileUtil$
instanceKlass sbt/Previous$Key$
instanceKlass scala/collection/generic/SortedMapFactory
instanceKlass xsbti/BasicVirtualFileRef
instanceKlass sbt/internal/VirtualFileValueCache0
instanceKlass sbt/ClassLoaderLayeringStrategy$ScalaLibrary$
instanceKlass sbt/internal/inc/UncachedStamps
instanceKlass xsbti/PathBasedFile
instanceKlass sbt/ClassLoaderLayeringStrategy$ScalaLibrary
instanceKlass sbt/internal/inc/MappedVirtualFile$
instanceKlass xsbti/compile/analysis/Stamp
instanceKlass sbt/internal/inc/Stamper$
instanceKlass sbt/Join
instanceKlass sbt/Reference$$anonfun$3
instanceKlass sbt/internal/inc/Stamps
instanceKlass sbt/internal/inc/Stamps$
instanceKlass sbt/ScopeFilter$SettingKeyAll
instanceKlass sbt/Reference$$anonfun$2
instanceKlass sbt/std/TaskExtra$$anon$3
instanceKlass sbt/librarymanagement/LogicalClock$$anon$1
instanceKlass sbt/internal/VirtualFileValueCache$
instanceKlass sbt/librarymanagement/UpdateConfiguration$
instanceKlass sbt/Reference$$anonfun$1
instanceKlass scala/collection/package$WrappedCanBuildFrom
instanceKlass sbt/Reference$
instanceKlass sbt/FlatMapped
instanceKlass sbt/Selected
instanceKlass sbt/internal/BuildDependencies$
instanceKlass sbt/internal/inc/MappedFileConverter$
instanceKlass sbt/std/TaskExtra$$anon$4
instanceKlass sbt/internal/bsp/BuildTargetIdentifier$
instanceKlass sbt/Mapped
instanceKlass sbt/internal/util/AttributeEntry
instanceKlass sbt/std/TaskExtra$$anon$5
instanceKlass sbt/internal/util/EvaluateSettings$$anon$3
instanceKlass sbt/internal/util/EvaluateSettings$$anon$2
instanceKlass sbt/internal/util/EvaluateSettings$$anon$1
instanceKlass sbt/internal/util/EvaluateSettings$INode
instanceKlass sbt/internal/util/Init$Compiled
instanceKlass sbt/internal/util/Init$$anon$9
instanceKlass scala/util/Either$RightProjection
instanceKlass sbt/internal/util/Init$Apply$$anon$14
instanceKlass sbt/internal/util/Init$Undefined
instanceKlass sbt/internal/util/Init$$anon$10
instanceKlass scala/collection/parallel/ParIterableLike$Foreach
instanceKlass sbt/internal/util/WrappedMap
instanceKlass sbt/internal/util/Init$$anon$5
instanceKlass sbt/internal/util/Init$Deriveds$1
instanceKlass sbt/std/ManagedStreams
instanceKlass scala/runtime/java8/JFunction1$mcVI$sp
instanceKlass scala/util/control/Breaks$$anon$1
instanceKlass jdk/internal/util/random/RandomSupport
instanceKlass java/util/concurrent/ForkJoinTask$Aux
instanceKlass java/util/concurrent/ForkJoinTask
instanceKlass scala/collection/parallel/ParIterableLike$Composite
instanceKlass scala/collection/parallel/ParIterableLike$ResultMapping
instanceKlass scala/collection/parallel/ParIterableLike$$anon$1
instanceKlass scala/collection/generic/DefaultSignalling
instanceKlass scala/collection/generic/VolatileAbort
instanceKlass scala/collection/parallel/IterableSplitter$Zipped
instanceKlass scala/collection/parallel/IterableSplitter$ZippedAll
instanceKlass scala/collection/parallel/IterableSplitter$Mapped
instanceKlass scala/collection/parallel/IterableSplitter$Taken
instanceKlass scala/collection/parallel/ParIterableLike$$anon$16
instanceKlass scala/collection/parallel/ParIterableLike$Map
instanceKlass scala/collection/parallel/ParIterableLike$Transformer
instanceKlass scala/collection/parallel/ParIterableLike$Accessor
instanceKlass scala/collection/parallel/ParIterableLike$BuilderOps$Otherwise
instanceKlass scala/collection/parallel/ParIterableLike$$anon$7
instanceKlass scala/collection/parallel/SeqSplitter
instanceKlass scala/collection/parallel/AugmentedSeqIterator
instanceKlass scala/collection/parallel/PreciseSplitter
instanceKlass scala/collection/parallel/CombinerFactory
instanceKlass scala/collection/parallel/ParIterableLike$BuilderOps
instanceKlass scala/collection/parallel/ParIterableLike$TaskOps
instanceKlass scala/collection/parallel/ParIterableLike$SignallingOps
instanceKlass scala/collection/generic/AtomicIndexFlag
instanceKlass scala/collection/parallel/IterableSplitter
instanceKlass scala/collection/parallel/AugmentedIterableIterator
instanceKlass scala/collection/parallel/RemainsIterator
instanceKlass scala/collection/parallel/Splitter
instanceKlass scala/collection/parallel/ParIterableLike$NonDivisible
instanceKlass scala/collection/parallel/ParIterableLike$NonDivisibleTask
instanceKlass scala/collection/generic/DelegatedSignalling
instanceKlass scala/collection/generic/Signalling
instanceKlass scala/collection/parallel/ParIterableLike$StrictSplitterCheckTask
instanceKlass scala/collection/parallel/Task
instanceKlass scala/collection/parallel/immutable/ParVector
instanceKlass scala/collection/parallel/immutable/ParSeq
instanceKlass scala/collection/parallel/immutable/ParIterable
instanceKlass scala/collection/parallel/ParSeq
instanceKlass scala/collection/parallel/ParSeqLike
instanceKlass scala/collection/parallel/ParIterable
instanceKlass scala/collection/parallel/ParIterableLike
instanceKlass scala/collection/generic/GenericParTemplate
instanceKlass scala/collection/generic/HasNewCombiner
instanceKlass scala/collection/parallel/AdaptiveWorkStealingTasks$WrappedTask
instanceKlass scala/collection/parallel/ForkJoinTasks$WrappedTask
instanceKlass scala/collection/parallel/Tasks$WrappedTask
instanceKlass scala/collection/parallel/ForkJoinTaskSupport
instanceKlass scala/collection/parallel/AdaptiveWorkStealingForkJoinTasks
instanceKlass scala/collection/parallel/AdaptiveWorkStealingTasks
instanceKlass scala/collection/parallel/ForkJoinTasks
instanceKlass scala/collection/parallel/HavingForkJoinPool
instanceKlass scala/concurrent/BlockContext
instanceKlass scala/concurrent/impl/ExecutionContextImpl$DefaultThreadFactory
instanceKlass scala/concurrent/impl/ExecutionContextImpl$$anon$3
instanceKlass scala/concurrent/impl/ExecutionContextImpl
instanceKlass scala/concurrent/impl/ExecutionContextImpl$
instanceKlass scala/concurrent/ExecutionContext$Implicits$
instanceKlass scala/concurrent/ExecutionContextExecutorService
instanceKlass scala/concurrent/ExecutionContextExecutor
instanceKlass scala/concurrent/ExecutionContext$
instanceKlass scala/collection/parallel/ExecutionContextTaskSupport$
instanceKlass scala/collection/parallel/ExecutionContextTaskSupport
instanceKlass scala/collection/parallel/ExecutionContextTasks
instanceKlass scala/collection/parallel/TaskSupport
instanceKlass scala/collection/parallel/Tasks
instanceKlass scala/collection/parallel/package$
instanceKlass scala/collection/parallel/immutable/LazyParVectorCombiner
instanceKlass scala/collection/parallel/Combiner
instanceKlass scala/collection/generic/Sizing
instanceKlass scala/collection/generic/CanCombineFrom
instanceKlass scala/collection/generic/GenericParCompanion
instanceKlass sbt/internal/util/Par$
instanceKlass sbt/internal/util/Init$Derived$1
instanceKlass sbt/DelegateIndex0
instanceKlass sbt/ProjectDelegates
instanceKlass sbt/internal/util/Init$$anon$12
instanceKlass sbt/internal/Load$$anon$1
instanceKlass sbt/internal/Load$$anon$2
instanceKlass sbt/internal/Clean$
instanceKlass sbt/internal/util/Init$ValidationCapture
instanceKlass sbt/internal/Clean$ToSeqPath
instanceKlass sbt/internal/Clean$ToSeqPath$
instanceKlass sbt/nio/Settings$
instanceKlass sbt/LocalProject
instanceKlass sbt/internal/inc/MappedFileConverter
instanceKlass sbt/internal/GroupedAutoPlugins
instanceKlass scala/collection/immutable/Stream$ConsWrapper
instanceKlass scala/collection/immutable/Stream$cons$
instanceKlass sbt/internal/GroupedAutoPlugins$
instanceKlass sbt/ResolvedClasspathDependency
instanceKlass sbt/internal/LoadedBuildUnit
instanceKlass scala/math/LowPriorityOrderingImplicits$$anon$2
instanceKlass sbt/RootProject
instanceKlass sbt/internal/DefaultBackgroundJobService$
instanceKlass sbt/internal/LintUnused$
instanceKlass sbt/internal/InstallSbtn$
instanceKlass sbt/CommandLineUIService
instanceKlass sbt/internal/GCUtil$
instanceKlass java/util/Date
instanceKlass java/text/DigitList
instanceKlass java/text/FieldPosition
instanceKlass java/lang/StringUTF16$CharsSpliterator
instanceKlass java/util/stream/Sink$ChainedInt
instanceKlass java/util/OptionalInt
instanceKlass java/util/stream/Sink$OfInt
instanceKlass java/util/function/IntConsumer
instanceKlass java/util/function/IntPredicate
instanceKlass java/util/stream/IntStream
instanceKlass java/lang/StringLatin1$CharsSpliterator
instanceKlass java/text/DecimalFormatSymbols
instanceKlass java/text/DateFormatSymbols
instanceKlass sun/util/calendar/CalendarUtils
instanceKlass sun/util/calendar/CalendarDate
instanceKlass sun/util/locale/provider/CalendarDataUtility$CalendarWeekParameterGetter
instanceKlass sun/util/calendar/CalendarSystem$GregorianHolder
instanceKlass sun/util/calendar/CalendarSystem
instanceKlass java/util/Calendar$Builder
instanceKlass java/text/AttributedCharacterIterator$Attribute
instanceKlass java/util/Locale$Builder
instanceKlass sun/util/locale/provider/CalendarDataUtility
instanceKlass sun/util/locale/provider/AvailableLanguageTags
instanceKlass sbt/internal/Aggregation$
instanceKlass com/swoval/files/FileTreeViews$1
instanceKlass java/util/RegularEnumSet$EnumSetIterator
instanceKlass com/swoval/files/SimpleFileTreeView
instanceKlass com/swoval/runtime/NativeLoader$1
instanceKlass com/swoval/files/NioDirectoryLister
instanceKlass com/swoval/runtime/NativeLoader$2
instanceKlass sun/nio/ch/FileChannelImpl$Closer
instanceKlass sun/nio/fs/WindowsChannelFactory$2
instanceKlass sun/nio/fs/WindowsChannelFactory$Flags
instanceKlass sun/nio/fs/WindowsChannelFactory$1
instanceKlass sun/nio/fs/WindowsChannelFactory
instanceKlass java/nio/file/TempFileHelper
instanceKlass com/swoval/runtime/Platform
instanceKlass com/swoval/runtime/NativeLoader
instanceKlass com/swoval/files/NativeDirectoryLister
instanceKlass com/swoval/files/DirectoryListers
instanceKlass com/swoval/files/DirectoryView
instanceKlass com/swoval/files/FileTreeDataViews$Converter
instanceKlass com/swoval/files/FileTreeView
instanceKlass com/swoval/files/DirectoryLister
instanceKlass com/swoval/files/FileTreeViews
instanceKlass sbt/internal/nio/SwovalFileTreeView$
instanceKlass sbt/nio/file/FileTreeView$
instanceKlass sbt/Previous
instanceKlass sbt/Previous$References
instanceKlass sbt/Previous$
instanceKlass sbt/internal/LabeledFunctions$LabeledFunction1
instanceKlass sbt/internal/LabeledFunctions$Function1Ops$
instanceKlass sbt/internal/io/EventMonitor
instanceKlass sbt/Watched$
instanceKlass sbt/Package$
instanceKlass lmcoursier/syntax/package$ModuleMatchersModule
instanceKlass lmcoursier/definitions/ModuleMatchers$
instanceKlass lmcoursier/syntax/package$
instanceKlass org/apache/ivy/plugins/repository/Resource
instanceKlass org/apache/ivy/plugins/parser/m2/PomDependencyMgt
instanceKlass org/apache/ivy/plugins/parser/m2/PomModuleDescriptorParser
instanceKlass sbt/internal/librarymanagement/CustomPomParser
instanceKlass sbt/internal/librarymanagement/mavenint/PomExtraDependencyAttributes$
instanceKlass org/apache/ivy/plugins/parser/m2/PomModuleDescriptorBuilder$5
instanceKlass org/apache/ivy/plugins/parser/m2/PomModuleDescriptorBuilder$4
instanceKlass org/apache/ivy/plugins/parser/m2/PomModuleDescriptorBuilder$3
instanceKlass org/apache/ivy/plugins/parser/m2/PomModuleDescriptorBuilder$2
instanceKlass org/apache/ivy/plugins/parser/m2/PomModuleDescriptorBuilder$1
instanceKlass org/apache/ivy/core/module/descriptor/Configuration$Visibility
instanceKlass org/apache/ivy/core/module/descriptor/ExcludeRule
instanceKlass org/apache/ivy/plugins/matcher/PatternMatcher
instanceKlass org/apache/ivy/core/module/descriptor/DependencyArtifactDescriptor
instanceKlass org/apache/ivy/core/module/descriptor/DefaultDependencyDescriptor
instanceKlass org/apache/ivy/plugins/parser/m2/PomModuleDescriptorBuilder
instanceKlass org/apache/ivy/plugins/parser/m2/ReplaceMavenConfigurationMappings$$anon$5
instanceKlass org/apache/ivy/plugins/parser/m2/ReplaceMavenConfigurationMappings$$anon$4
instanceKlass org/apache/ivy/plugins/parser/m2/ReplaceMavenConfigurationMappings$$anon$3
instanceKlass org/apache/ivy/plugins/parser/m2/ReplaceMavenConfigurationMappings$$anon$2
instanceKlass org/apache/ivy/plugins/parser/m2/ReplaceMavenConfigurationMappings$$anon$1
instanceKlass org/apache/ivy/plugins/parser/m2/PomModuleDescriptorBuilder$ConfMapper
instanceKlass org/apache/ivy/plugins/parser/m2/ReplaceMavenConfigurationMappings$
instanceKlass org/apache/ivy/core/module/descriptor/ExtendsDescriptor
instanceKlass org/apache/ivy/plugins/namespace/NamespaceTransformer
instanceKlass org/apache/ivy/core/module/descriptor/Artifact
instanceKlass org/apache/ivy/core/module/descriptor/DependencyDescriptor
instanceKlass org/apache/ivy/core/module/descriptor/InheritableItem
instanceKlass org/apache/ivy/plugins/parser/ModuleDescriptorParser
instanceKlass sbt/internal/librarymanagement/CustomPomParser$
instanceKlass sbt/librarymanagement/ivy/FileCredentials
instanceKlass sbt/nio/Keys$WarnOnSourceChanges$
instanceKlass sbt/nio/FileStamper$LastModified$
instanceKlass sbt/nio/file/OrPathFilter
instanceKlass sbt/nio/file/NoPass$
instanceKlass sbt/nio/file/IsDirectory$
instanceKlass sbt/nio/file/PathFilter$Ops$
instanceKlass sbt/nio/file/AllPass$
instanceKlass sbt/io/NotHiddenFileFilter$
instanceKlass sbt/io/FileFilter$FileFilterOps$
instanceKlass sbt/BuildRef
instanceKlass sbt/internal/PartBuildUnit
instanceKlass sbt/internal/BuildUnitBase
instanceKlass sbt/ClasspathDependency
instanceKlass sbt/ClasspathDep
instanceKlass sbt/internal/LoadedDefinitions
instanceKlass java/nio/file/Files$3
instanceKlass java/nio/file/FileTreeWalker$Event
instanceKlass java/nio/file/FileTreeWalker$DirectoryNode
instanceKlass java/nio/file/FileTreeWalker$1
instanceKlass scala/collection/convert/Wrappers$SetWrapper$$anon$1
instanceKlass java/nio/file/FileTreeWalker
instanceKlass sbt/io/DescendantOrSelfPathFinder$$anon$4
instanceKlass scala/collection/convert/Decorators$AsJava
instanceKlass java/nio/file/FileVisitor
instanceKlass sbt/io/DescendantOrSelfPathFinder$
instanceKlass sbt/Remove$$anon$1
instanceKlass sbt/Remove$Sequence
instanceKlass sbt/Remove$Value
instanceKlass sbt/Remove$
instanceKlass sjsonnew/IsoFormats$$anon$1
instanceKlass sjsonnew/IsoLList$$anon$1
instanceKlass sjsonnew/IsoLList
instanceKlass sjsonnew/IsoLList$
instanceKlass sjsonnew/LListFormats$$anon$3
instanceKlass sbt/internal/graph/GraphModuleId
instanceKlass sbt/internal/graph/GraphModuleId$
instanceKlass sbt/internal/graph/Module
instanceKlass sbt/internal/graph/Module$
instanceKlass sjsonnew/LCons
instanceKlass sjsonnew/LList$$anon$1
instanceKlass sjsonnew/package$$colon$times$colon$
instanceKlass sjsonnew/LListFormats$$anon$2
instanceKlass sjsonnew/LList$LNil0
instanceKlass sjsonnew/LList
instanceKlass sjsonnew/LList$
instanceKlass sjsonnew/LListFormats
instanceKlass scala/collection/mutable/MultiMap
instanceKlass sbt/internal/graph/ModuleGraph$
instanceKlass sjsonnew/BasicJsonProtocol$
instanceKlass sbt/plugins/DependencyTreeKeys
instanceKlass sbt/internal/graph/ModuleGraph
instanceKlass sbt/plugins/MiniDependencyTreeKeys$
instanceKlass sbt/internal/util/complete/FileExamples$
instanceKlass sbt/internal/util/complete/FileExamples
instanceKlass sbt/internal/graph/rendering/DOT$HTMLLabelRendering
instanceKlass sbt/plugins/DependencyTreeSettings$
instanceKlass sbt/JUnitXmlTestsListener
instanceKlass sbt/TestsListener
instanceKlass sbt/internal/util/logic/Logic$Matched$
instanceKlass sbt/internal/util/logic/Logic$Matched
instanceKlass sbt/internal/util/logic/Logic$Atoms
instanceKlass sbt/internal/util/Dag$DirectedSignedGraph
instanceKlass sbt/internal/util/logic/Logic$
instanceKlass sbt/internal/util/logic/Clauses
instanceKlass sbt/internal/util/logic/Clause
instanceKlass scala/collection/immutable/TreeMap
instanceKlass scala/collection/immutable/SortedMap
instanceKlass scala/collection/SortedMap
instanceKlass scala/collection/SortedMapLike
instanceKlass sbt/Plugins$And
instanceKlass sbt/GeneratedRootProject
instanceKlass sbt/Project$ProjectDef
instanceKlass sbt/Plugins$Empty$
instanceKlass sbt/internal/Load$DiscoveredProjects
instanceKlass sbt/internal/LoadedSbtFile$
instanceKlass sbt/internal/DslEntry$ProjectSettings$
instanceKlass $a319f14c7c2fdefd6478$
instanceKlass sbt/internal/util/Init$SettingList
instanceKlass sbt/internal/DslEntry$DslSetting
instanceKlass sbt/internal/DslEntry$ProjectSettings
instanceKlass sbt/librarymanagement/DependencyBuilders$OrganizationArtifactName
instanceKlass sbt/librarymanagement/DependencyBuilders$Organization
instanceKlass sbt/internal/librarymanagement/StringUtilities$
instanceKlass sbt/nio/FileStamp$Formats$$anon$7
instanceKlass sbt/nio/FileStamp$Formats$$anon$6
instanceKlass sbt/nio/FileStamp$Formats$$anon$5
instanceKlass sbt/nio/FileStamp$Formats$$anon$4
instanceKlass sbt/nio/FileStamp$Formats$$anon$3
instanceKlass sbt/nio/FileStamp$Formats$$anon$2
instanceKlass sbt/nio/FileStamp$Formats$$anon$1
instanceKlass sbt/nio/FileStamp$Formats$
instanceKlass sbt/librarymanagement/UpdateStats$
instanceKlass sbt/librarymanagement/UpdateReport$
instanceKlass sbt/librarymanagement/UpdateLogging$
instanceKlass sbt/librarymanagement/TrackLevel$
instanceKlass sbt/librarymanagement/SshRepository$
instanceKlass sbt/librarymanagement/SftpRepository$
instanceKlass sbt/librarymanagement/ScmInfo$
instanceKlass sbt/librarymanagement/SbtArtifacts$
instanceKlass sbt/librarymanagement/PublishConfiguration$
instanceKlass sbt/librarymanagement/OrganizationArtifactReport$
instanceKlass sbt/librarymanagement/ModuleSettings$
instanceKlass sbt/librarymanagement/ModuleReport$
instanceKlass sbt/librarymanagement/ModuleInfo$
instanceKlass sbt/librarymanagement/ModuleConfiguration$
instanceKlass sbt/librarymanagement/MavenCache$
instanceKlass sbt/librarymanagement/MakePomConfigurationFunctions
instanceKlass sbt/librarymanagement/LogicalClock
instanceKlass sbt/librarymanagement/LogicalClock$
instanceKlass sbt/librarymanagement/License$
instanceKlass sbt/librarymanagement/ScalaModuleInfo$
instanceKlass sbt/librarymanagement/InlineConfigurationFunctions
instanceKlass sbt/librarymanagement/EvictionWarningOptions$
instanceKlass sbt/librarymanagement/EvictionWarning$
instanceKlass sbt/util/ShowLines$$anon$1
instanceKlass sbt/librarymanagement/EvictionPair
instanceKlass sbt/librarymanagement/EvictionPair$
instanceKlass sbt/librarymanagement/Developer$
instanceKlass sbt/librarymanagement/Patch$
instanceKlass sbt/librarymanagement/Full$
instanceKlass sbt/librarymanagement/Constant$
instanceKlass sbt/librarymanagement/CrossVersionFunctions
instanceKlass sbt/librarymanagement/ivy/Credentials$
instanceKlass sbt/librarymanagement/ConflictManagerFunctions
instanceKlass sbt/librarymanagement/ConfigurationReport$
instanceKlass sbt/librarymanagement/ConfigRefFunctions
instanceKlass sbt/librarymanagement/ChainedResolver$
instanceKlass sbt/librarymanagement/Caller$
instanceKlass sbt/librarymanagement/Binary$
instanceKlass sbt/internal/util/$tilde$greater$
instanceKlass sbt/internal/util/StackTrace$
instanceKlass sbt/internal/util/Signals0
instanceKlass jline/console/history/PersistentHistory
instanceKlass jline/console/history/MemoryHistory
instanceKlass jline/console/history/History
instanceKlass org/jline/reader/Completer
instanceKlass sbt/internal/util/LineReader$
instanceKlass sbt/internal/util/JLine
instanceKlass sbt/internal/util/LineReader
instanceKlass sbt/internal/util/Signals$Registration
instanceKlass sbt/internal/util/Signals$
instanceKlass sbt/internal/util/ScalaKeywords$
instanceKlass sbt/internal/util/Relation
instanceKlass sbt/internal/util/Relation$
instanceKlass sbt/internal/util/PMap
instanceKlass sbt/internal/util/PMap$
instanceKlass sbt/internal/util/NoPosition$
instanceKlass sbt/internal/util/LoggerWriter$
instanceKlass sbt/internal/util/IDSet
instanceKlass sbt/internal/util/IDSet$
instanceKlass sbt/internal/util/HNil$
instanceKlass sbt/internal/util/HNil
instanceKlass sbt/internal/util/HList
instanceKlass sbt/internal/util/HList$
instanceKlass sbt/internal/util/FullReader$
instanceKlass sbt/internal/util/FullLogger$
instanceKlass sbt/internal/util/ExitHooks$
instanceKlass sbt/internal/util/ExitHook
instanceKlass sbt/internal/util/ExitHook$
instanceKlass sbt/internal/util/Dag$
instanceKlass sbt/internal/util/ConsoleLogger$
instanceKlass sbt/internal/util/Classes$$anon$2
instanceKlass sbt/internal/util/Classes$$anon$1
instanceKlass sbt/internal/util/Classes$Monad
instanceKlass sbt/internal/util/Classes$Applicative
instanceKlass sbt/internal/util/Classes$
instanceKlass sbt/internal/util/AttributeEntry$
instanceKlass sbt/util/Tracked$
instanceKlass sbt/util/ShowLines
instanceKlass sbt/util/ShowLines$
instanceKlass sbt/util/FilesInfo$
instanceKlass sbt/util/FileInfo$$anon$1
instanceKlass sbt/util/FileInfo$
instanceKlass sbt/util/FileInfo$exists$$anon$5
instanceKlass sbt/util/PlainFileInfo
instanceKlass sbt/util/FileInfo$exists$
instanceKlass sbt/util/FileInfo$lastModified$$anon$4
instanceKlass sbt/util/ModifiedFileInfo
instanceKlass sbt/util/FileInfo
instanceKlass sbt/util/FileInfo$lastModified$
instanceKlass sbt/util/FileFunction$
instanceKlass sbt/util/Difference
instanceKlass sbt/util/Tracked
instanceKlass sbt/util/FileInfo$Style
instanceKlass sbt/util/CacheStore
instanceKlass sbt/util/Output
instanceKlass sbt/util/Input
instanceKlass sbt/util/Difference$
instanceKlass sbt/util/ChangeReport
instanceKlass sbt/util/ChangeReport$
instanceKlass sbt/util/Cache$
instanceKlass sbt/internal/LabeledFunctions$LabeledFunction4
instanceKlass sbt/internal/LabeledFunctions$Function4Ops$
instanceKlass sbt/internal/LabeledFunctions$LabeledFunction0
instanceKlass sbt/internal/LabeledFunctions$Function0Ops$
instanceKlass sbt/internal/LabeledFunctions$LabeledFunction3
instanceKlass sbt/internal/LabeledFunctions$Function3Ops$
instanceKlass sbt/nio/Watch$ShowOptions$
instanceKlass sbt/nio/Watch$Ignore
instanceKlass sbt/nio/Watch$Run
instanceKlass sbt/nio/Watch$Run$
instanceKlass sbt/nio/Watch$Prompt$
instanceKlass sbt/nio/Watch$Reload$
instanceKlass sbt/nio/Watch$InputOption$impl
instanceKlass sbt/nio/Watch$CancelWatch$
instanceKlass sbt/nio/Watch$CancelWatch
instanceKlass sbt/nio/Watch$InputOption$
instanceKlass sbt/internal/LabeledFunctions$LabeledFunction2
instanceKlass sbt/nio/Watch$Trigger$
instanceKlass sbt/nio/Watch$ContinueWatch
instanceKlass sbt/internal/LabeledFunctions$
instanceKlass sbt/internal/LabeledFunctions$Function2Ops$
instanceKlass sun/util/cldr/CLDRBaseLocaleDataMetaInfo$TZCanonicalIDMapHolder
instanceKlass sun/util/resources/Bundles$CacheKeyReference
instanceKlass java/util/ResourceBundle$ResourceBundleProviderHelper
instanceKlass sun/util/resources/Bundles$CacheKey
instanceKlass java/util/ResourceBundle$1
instanceKlass jdk/internal/access/JavaUtilResourceBundleAccess
instanceKlass sun/util/resources/Bundles
instanceKlass sun/util/resources/LocaleData$LocaleDataStrategy
instanceKlass sun/util/resources/Bundles$Strategy
instanceKlass sun/util/resources/LocaleData$1
instanceKlass sun/util/resources/LocaleData
instanceKlass sun/util/locale/provider/LocaleResources
instanceKlass sun/util/resources/provider/NonBaseLocaleDataMetaInfo
instanceKlass sun/util/locale/provider/BaseLocaleDataMetaInfo
instanceKlass sun/util/resources/cldr/provider/CLDRLocaleDataMetaInfo
instanceKlass sun/util/locale/BaseLocale$Key
instanceKlass sun/util/locale/InternalLocaleBuilder$CaseInsensitiveChar
instanceKlass sun/util/locale/InternalLocaleBuilder
instanceKlass sun/util/locale/StringTokenIterator
instanceKlass sun/util/locale/ParseStatus
instanceKlass sun/util/locale/LanguageTag
instanceKlass sun/util/cldr/CLDRBaseLocaleDataMetaInfo
instanceKlass sun/util/locale/provider/LocaleDataMetaInfo
instanceKlass sun/util/locale/provider/ResourceBundleBasedAdapter
instanceKlass sun/util/locale/provider/LocaleProviderAdapter$1
instanceKlass sun/util/locale/provider/LocaleProviderAdapter
instanceKlass sun/util/locale/LocaleObjectCache
instanceKlass java/util/ResourceBundle
instanceKlass java/util/ResourceBundle$Control
instanceKlass sun/util/locale/provider/TimeZoneNameUtility$TimeZoneNameGetter
instanceKlass sun/util/locale/provider/LocaleServiceProviderPool$LocalizedObjectGetter
instanceKlass sun/util/locale/provider/LocaleServiceProviderPool
instanceKlass java/util/spi/LocaleServiceProvider
instanceKlass sun/util/locale/provider/TimeZoneNameUtility
instanceKlass java/time/format/DateTimePrintContext
instanceKlass java/time/ZoneId$1
instanceKlass java/time/temporal/TemporalQueries$7
instanceKlass java/time/temporal/TemporalQueries$6
instanceKlass java/time/temporal/TemporalQueries$5
instanceKlass java/time/temporal/TemporalQueries$4
instanceKlass java/time/temporal/TemporalQueries$3
instanceKlass java/time/temporal/TemporalQueries$2
instanceKlass java/time/temporal/TemporalQueries$1
instanceKlass java/time/temporal/TemporalQueries
instanceKlass java/time/Period
instanceKlass java/time/chrono/ChronoPeriod
instanceKlass java/time/format/DateTimeFormatterBuilder$TextPrinterParser
instanceKlass java/time/format/DateTimeTextProvider$1
instanceKlass java/time/format/DateTimeTextProvider
instanceKlass java/util/AbstractMap$SimpleImmutableEntry
instanceKlass java/time/format/DateTimeTextProvider$LocaleStore
instanceKlass java/time/format/DateTimeFormatterBuilder$InstantPrinterParser
instanceKlass java/time/format/DateTimeFormatterBuilder$StringLiteralPrinterParser
instanceKlass java/time/format/DateTimeFormatterBuilder$ZoneIdPrinterParser
instanceKlass java/time/format/DateTimeFormatterBuilder$OffsetIdPrinterParser
instanceKlass java/time/format/DecimalStyle
instanceKlass java/time/format/DateTimeFormatterBuilder$CompositePrinterParser
instanceKlass java/time/chrono/AbstractChronology
instanceKlass java/time/chrono/Chronology
instanceKlass java/time/format/DateTimeFormatterBuilder$CharLiteralPrinterParser
instanceKlass java/time/format/DateTimeFormatterBuilder$NumberPrinterParser
instanceKlass java/time/format/DateTimeFormatterBuilder$DateTimePrinterParser
instanceKlass java/time/temporal/JulianFields
instanceKlass java/time/temporal/IsoFields
instanceKlass java/time/temporal/TemporalQuery
instanceKlass java/time/format/DateTimeFormatterBuilder
instanceKlass java/time/format/DateTimeFormatter
instanceKlass sbt/nio/Watch$
instanceKlass sbt/nio/file/PathFilter$
instanceKlass sbt/nio/file/LowPriorityPathFilter
instanceKlass sbt/nio/file/Glob$
instanceKlass sbt/nio/FileChanges$
instanceKlass scala/math/Ordering$$anon$5
instanceKlass sbt/nio/file/RelativeGlob$Matcher$$anon$1
instanceKlass sbt/nio/file/RelativeGlob$Matcher$
instanceKlass sbt/nio/file/AnyPath$
instanceKlass sbt/nio/file/RecursiveGlob$
instanceKlass sbt/nio/file/RelativeGlob$SingleComponentMatcher
instanceKlass sbt/nio/file/RelativeGlob$Matcher
instanceKlass sbt/nio/file/RelativeGlob$
instanceKlass sbt/nio/file/package$
instanceKlass sbt/internal/io/Source$
instanceKlass sbt/io/NothingFilter$
instanceKlass sbt/io/NameFilter$
instanceKlass sbt/io/HiddenFileFilter$
instanceKlass sbt/io/ExistsFileFilter$
instanceKlass sbt/io/CopyOptions$
instanceKlass sbt/io/AllPassFilter$
instanceKlass sbt/protocol/testing/TestResult$
instanceKlass sbt/OutputStrategy$CustomOutput$
instanceKlass sbt/OutputStrategy$LoggedOutput$
instanceKlass sbt/OutputStrategy$BufferedOutput$
instanceKlass sbt/DefExtra$$anon$8
instanceKlass sbt/UpperStateOps
instanceKlass sbt/internal/TaskSequential
instanceKlass sbt/Alternative
instanceKlass sbt/package$
instanceKlass sbt/Import
instanceKlass sbt/OptionSyntax
instanceKlass sbt/BuildSyntax
instanceKlass sbt/BuildExtra
instanceKlass sbt/DefExtra
instanceKlass sbt/IOSyntax0
instanceKlass sbt/IOSyntax1
instanceKlass sbt/nio/file/syntax0
instanceKlass sbt/io/IOSyntax
instanceKlass sbt/internal/DslEntry$
instanceKlass $8a14ec733dd64cdd38ff$
instanceKlass sbt/internal/util/RangePosition
instanceKlass sbt/CompositeProject$
instanceKlass sbt/compiler/EvalDefinitions
instanceKlass sbt/compiler/EvalResult
instanceKlass sbt/compiler/Eval$EvalIntermediate
instanceKlass sbt/compiler/Eval$$anon$4
instanceKlass sbt/compiler/EvalReporter$
instanceKlass sbt/io/OrFilter
instanceKlass sbt/io/AbstractOrFilter
instanceKlass sbt/io/DirectoryFilter$
instanceKlass sbt/compiler/Eval$
instanceKlass sbt/compiler/Eval$$anon$1
instanceKlass sbt/compiler/EvalImports
instanceKlass sbt/internal/EvaluateConfigurations$TrackedEvalResult
instanceKlass sbt/internal/DefinedSbtValues
instanceKlass sbt/internal/DefinedSbtValues$
instanceKlass sbt/internal/EvaluateConfigurations$ParsedFile
instanceKlass sbt/internal/util/LineRange
instanceKlass scala/util/Try$
instanceKlass scala/reflect/internal/StdAttachments$InfixAttachment$
instanceKlass scala/reflect/internal/StdAttachments$PlainAttachment
instanceKlass scala/reflect/internal/StdAttachments$ImportableAttachment
instanceKlass scala/runtime/RichInt
instanceKlass scala/runtime/RangedProxy
instanceKlass scala/runtime/ScalaNumberProxy
instanceKlass scala/runtime/OrderedProxy
instanceKlass scala/Proxy$Typed
instanceKlass scala/reflect/internal/Precedence
instanceKlass scala/runtime/java8/JFunction1$mcZI$sp
instanceKlass scala/tools/nsc/ast/parser/Parsers$OpInfo
instanceKlass scala/reflect/internal/Precedence$
instanceKlass scala/reflect/internal/util/Position$
instanceKlass scala/tools/nsc/ast/parser/Cbuf$
instanceKlass scala/tools/nsc/ast/parser/Cbuf$StringBuilderOps$
instanceKlass scala/reflect/internal/Chars$
instanceKlass scala/reflect/internal/Chars
instanceKlass scala/tools/nsc/ast/parser/Scanners$ScannerData$$anon$2
instanceKlass scala/tools/nsc/ast/parser/Scanners$ScannerData$$anon$1
instanceKlass scala/tools/nsc/util/CharArrayReader
instanceKlass scala/tools/nsc/ast/parser/ScannersCommon$DocScanner
instanceKlass scala/tools/nsc/ast/parser/ScannersCommon$ScannerCommon
instanceKlass scala/tools/nsc/ast/parser/Scanners$ScannerData
instanceKlass scala/tools/nsc/util/CharArrayReaderData
instanceKlass scala/tools/nsc/ast/parser/Scanners$TokenData
instanceKlass scala/tools/nsc/ast/parser/ScannersCommon$CommonTokenData
instanceKlass scala/tools/nsc/ast/parser/ParsersCommon$ParserCommon
instanceKlass scala/collection/mutable/ArrayOps$ofChar$
instanceKlass scala/util/Random
instanceKlass scala/collection/mutable/ArrayOps$ofChar
instanceKlass scala/collection/mutable/SynchronizedMap
instanceKlass scala/reflect/internal/util/Statistics$TimerStack
instanceKlass scala/reflect/internal/util/Statistics$View
instanceKlass scala/reflect/internal/util/Statistics$Timer
instanceKlass scala/reflect/internal/Definitions$DefinitionsClass$RunDefinitions
instanceKlass scala/tools/nsc/plugins/OutputFileWriter
instanceKlass scala/tools/nsc/symtab/package$
instanceKlass scala/reflect/internal/tpe/TypeConstraints$UndoLog
instanceKlass scala/reflect/api/Trees$Traverser
instanceKlass scala/runtime/LazyInt
instanceKlass scala/math/Ordering$Tuple2Ordering
instanceKlass scala/tools/nsc/PhaseAssembly$DependencyGraph$Edge
instanceKlass scala/tools/nsc/PhaseAssembly$DependencyGraph$Node
instanceKlass scala/tools/nsc/PhaseAssembly$DependencyGraph
instanceKlass scala/collection/TraversableLike$WithFilter
instanceKlass scala/collection/mutable/FlatHashTable$NullSentinel$
instanceKlass scala/tools/nsc/plugins/Plugin
instanceKlass scala/tools/nsc/plugins/Plugin$
instanceKlass scala/tools/nsc/backend/jvm/BackendReporting$MissingBytecodeWarning
instanceKlass scala/tools/nsc/backend/jvm/BackendReporting$OptimizerWarning
instanceKlass scala/tools/nsc/backend/jvm/opt/Inliner$UndoLog
instanceKlass scala/tools/asm/tree/analysis/Interpreter
instanceKlass scala/tools/nsc/backend/jvm/opt/RemovePairDependency
instanceKlass scala/tools/nsc/backend/jvm/opt/BoxUnbox$BoxConsumer
instanceKlass scala/tools/asm/tree/analysis/Analyzer
instanceKlass scala/tools/asm/Opcodes
instanceKlass scala/tools/nsc/backend/jvm/opt/LocalOptImpls$RemoveHandlersResult
instanceKlass scala/tools/nsc/backend/jvm/opt/CopyProp
instanceKlass scala/tools/nsc/backend/jvm/opt/BoxUnbox
instanceKlass scala/tools/nsc/backend/jvm/opt/LruMap$
instanceKlass scala/collection/concurrent/TrieMap$MangledHashing
instanceKlass java/util/concurrent/atomic/AtomicIntegerFieldUpdater$AtomicIntegerFieldUpdaterImpl$1
instanceKlass java/util/concurrent/atomic/AtomicIntegerFieldUpdater
instanceKlass scala/collection/concurrent/KVNode
instanceKlass scala/collection/concurrent/INode$
instanceKlass scala/math/Equiv$$anon$2
instanceKlass scala/util/hashing/Hashing$Default
instanceKlass scala/util/hashing/Hashing$
instanceKlass scala/collection/concurrent/TrieMap
instanceKlass sun/reflect/misc/ReflectUtil
instanceKlass scala/collection/concurrent/Gen
instanceKlass java/util/concurrent/atomic/AtomicReferenceFieldUpdater$AtomicReferenceFieldUpdaterImpl$1
instanceKlass java/util/concurrent/atomic/AtomicReferenceFieldUpdater
instanceKlass scala/collection/concurrent/BasicNode
instanceKlass scala/tools/asm/tree/AbstractInsnNode
instanceKlass scala/tools/asm/ClassVisitor
instanceKlass scala/tools/nsc/backend/jvm/ClassfileWriters
instanceKlass scala/tools/nsc/backend/jvm/BTypesFromClassfile
instanceKlass scala/tools/nsc/backend/jvm/opt/CallGraph
instanceKlass scala/tools/nsc/backend/jvm/opt/ClosureOptimizer
instanceKlass scala/tools/nsc/backend/jvm/opt/InlinerHeuristics
instanceKlass scala/tools/nsc/backend/jvm/opt/Inliner
instanceKlass scala/tools/nsc/backend/jvm/opt/LocalOpt
instanceKlass scala/tools/nsc/backend/jvm/opt/ByteCodeRepository
instanceKlass scala/tools/nsc/backend/jvm/analysis/BackendUtils
instanceKlass scala/tools/nsc/backend/jvm/BCodeIdiomatic
instanceKlass scala/reflect/internal/util/JavaClearable$
instanceKlass scala/tools/nsc/backend/jvm/BTypes$Lazy
instanceKlass scala/tools/nsc/backend/jvm/BTypes$BType
instanceKlass scala/tools/nsc/backend/jvm/CoreBTypes
instanceKlass scala/collection/mutable/GrowingBuilder
instanceKlass scala/tools/nsc/backend/jvm/PostProcessorFrontendAccess$CompilerSettings
instanceKlass scala/tools/nsc/backend/jvm/PostProcessorFrontendAccess$BackendReporting
instanceKlass scala/tools/nsc/backend/jvm/PostProcessorFrontendAccess$BackendClassPath
instanceKlass scala/tools/nsc/backend/jvm/PostProcessor
instanceKlass scala/tools/nsc/backend/jvm/CodeGen
instanceKlass scala/tools/nsc/backend/jvm/BTypes
instanceKlass scala/tools/nsc/backend/jvm/PerRunInit
instanceKlass scala/tools/nsc/backend/jvm/PostProcessorFrontendAccess
instanceKlass scala/collection/mutable/MapBuilder
instanceKlass scala/tools/nsc/transform/Statics$StaticsTransformer
instanceKlass scala/tools/nsc/transform/async/AnfTransform$Tracing
instanceKlass scala/tools/nsc/transform/async/AsyncNames$NameCache
instanceKlass scala/tools/nsc/transform/async/AsyncNames
instanceKlass scala/tools/nsc/transform/async/ExprBuilder$AsyncBlock
instanceKlass scala/tools/nsc/transform/async/ExprBuilder$StateTransitionStyle
instanceKlass scala/tools/nsc/transform/async/LiveVariables
instanceKlass scala/tools/nsc/transform/async/Lifter
instanceKlass scala/tools/nsc/transform/async/ExprBuilder
instanceKlass scala/tools/nsc/transform/async/AsyncAnalysis
instanceKlass scala/tools/nsc/transform/async/AnfTransform
instanceKlass scala/tools/nsc/transform/async/TransformUtils
instanceKlass scala/tools/nsc/transform/async/AsyncTransformStates
instanceKlass scala/tools/nsc/transform/PostErasure
instanceKlass scala/tools/nsc/transform/TypeAdaptingTransformer
instanceKlass scala/reflect/internal/Trees$UnderConstructionTransformer
instanceKlass scala/tools/nsc/transform/SpecializeTypes$SpecializedInfo
instanceKlass scala/tools/nsc/transform/AccessorSynthesis$CheckedAccessorTreeSynthesis
instanceKlass scala/tools/nsc/transform/AccessorSynthesis$AccessorTreeSynthesis
instanceKlass scala/tools/nsc/transform/AccessorSynthesis
instanceKlass scala/tools/nsc/transform/InfoTransform
instanceKlass scala/reflect/api/Trees$Transformer
instanceKlass scala/tools/nsc/transform/patmat/PatternMatching
instanceKlass scala/tools/nsc/transform/patmat/PatternExpansion
instanceKlass scala/tools/nsc/transform/patmat/MatchWarnings
instanceKlass scala/tools/nsc/transform/patmat/MatchOptimization
instanceKlass scala/tools/nsc/transform/patmat/MatchAnalysis
instanceKlass scala/tools/nsc/transform/patmat/MatchApproximation
instanceKlass scala/tools/nsc/transform/patmat/MatchTreeMaking
instanceKlass scala/tools/nsc/transform/patmat/MatchCodeGen
instanceKlass scala/tools/nsc/transform/patmat/ScalaLogic
instanceKlass scala/tools/nsc/transform/patmat/TreeAndTypeAnalysis
instanceKlass scala/tools/nsc/transform/patmat/Interface
instanceKlass scala/tools/nsc/transform/patmat/Solving
instanceKlass scala/tools/nsc/transform/patmat/Logic
instanceKlass scala/tools/nsc/transform/patmat/Debugging
instanceKlass scala/tools/nsc/transform/patmat/MatchCps
instanceKlass scala/tools/nsc/transform/patmat/MatchTranslation
instanceKlass scala/tools/nsc/transform/Transform
instanceKlass scala/reflect/internal/StdNames$TermNames$raw$
instanceKlass scala/reflect/internal/util/package$
instanceKlass sbt/internal/parser/SbtParser
instanceKlass sbt/internal/parser/ParsedSbtFileExpressions
instanceKlass sbt/internal/BuildUtil$
instanceKlass sbt/compiler/Eval$EvalType
instanceKlass scala/reflect/internal/util/ThreeValues$
instanceKlass sbt/internal/DslEntry
instanceKlass sbt/internal/EvaluateConfigurations$
instanceKlass scala/compat/Platform$
instanceKlass sbt/internal/LoadedSbtFile
instanceKlass sbt/internal/AddSettings
instanceKlass sbt/internal/AddSettings$
instanceKlass sbt/compiler/Eval
instanceKlass scala/runtime/java8/JFunction1$mcZJ$sp
instanceKlass scala/runtime/java8/JFunction1$mcJJ$sp
instanceKlass scala/runtime/java8/JFunction1$mcJI$sp
instanceKlass scala/collection/mutable/ArrayOps$ofLong$
instanceKlass sbt/internal/Load$LoadedProjects
instanceKlass scala/runtime/java8/JFunction2$mcJJJ$sp
instanceKlass scala/collection/mutable/ArrayOps$ofLong
instanceKlass sbt/internal/DetectedPlugins
instanceKlass scala/reflect/internal/Flags$MapFlags
instanceKlass scala/Function1$mcJJ$sp
instanceKlass sbt/plugins/MiniDependencyTreePlugin$autoImport$
instanceKlass sbt/plugins/MiniDependencyTreeKeys
instanceKlass scala/reflect/internal/ModifierFlags
instanceKlass sbt/plugins/JUnitXmlReportPlugin$autoImport$
instanceKlass sun/nio/cs/ThreadLocalCoders$Cache
instanceKlass sbt/ScriptedPlugin$autoImport$
instanceKlass sun/nio/cs/ThreadLocalCoders
instanceKlass scala/reflect/internal/pickling/PickleFormat$
instanceKlass scala/reflect/internal/pickling/PickleBuffer
instanceKlass scala/util/control/Exception$Catch$$anon$2
instanceKlass scala/reflect/internal/pickling/UnPickler
instanceKlass scala/util/control/Exception$Catch$
instanceKlass scala/reflect/internal/pickling/ByteCodecs$
instanceKlass scala/util/control/Exception$Catch
instanceKlass scala/util/control/Exception$Described
instanceKlass scala/reflect/ScalaLongSignature
instanceKlass scala/util/control/Exception$$anon$1
instanceKlass scala/util/control/Exception$
instanceKlass scala/reflect/ScalaSignature
instanceKlass sbt/internal/util/logic/Formula
instanceKlass sbt/Plugins$
instanceKlass sbt/internal/DetectedAutoPlugin
instanceKlass sbt/internal/DetectedModules
instanceKlass sbt/internal/inc/ModuleUtilities$
instanceKlass sbt/internal/BuildDef$$anon$2
instanceKlass sbt/internal/BuildDef$$anon$1
instanceKlass sbt/internal/BuildDef
instanceKlass sbt/internal/BuildDef$
instanceKlass scala/collection/mutable/LazyBuilder
instanceKlass scala/collection/immutable/StreamView
instanceKlass scala/collection/immutable/StreamViewLike
instanceKlass scala/annotation/Annotation
instanceKlass scala/annotation/StaticAnnotation
instanceKlass scala/reflect/internal/AnnotationInfos$AnnotationInfo$
instanceKlass scala/runtime/BooleanRef
instanceKlass scala/reflect/internal/Types$GenPolyType$
instanceKlass scala/tools/nsc/symtab/classfile/ClassfileParser$InnerClassEntry
instanceKlass scala/math/Ordering$Ops
instanceKlass scala/math/Ordering$BigDecimal$
instanceKlass scala/math/Numeric$BigDecimalAsIfIntegral$
instanceKlass scala/math/Ordering$BigDecimalOrdering
instanceKlass scala/math/Numeric$BigDecimalAsIfIntegral
instanceKlass scala/math/Numeric$BigDecimalIsConflicted
instanceKlass scala/math/Ordering$Double$
instanceKlass scala/math/Numeric$DoubleAsIfIntegral$
instanceKlass scala/math/Ordering$DoubleOrdering
instanceKlass scala/math/Numeric$DoubleAsIfIntegral
instanceKlass scala/math/Numeric$DoubleIsConflicted
instanceKlass scala/math/Ordering$Float$
instanceKlass scala/math/Numeric$FloatAsIfIntegral$
instanceKlass java/net/URLClassLoader$3$1
instanceKlass scala/math/Ordering$FloatOrdering
instanceKlass scala/math/Numeric$FloatAsIfIntegral
instanceKlass scala/math/Numeric$FloatIsConflicted
instanceKlass java/net/URLClassLoader$3
instanceKlass scala/math/Numeric$LongIsIntegral$
instanceKlass scala/math/Numeric$LongIsIntegral
instanceKlass sbt/Remove$Values
instanceKlass scala/math/Ordering$Char$
instanceKlass scala/math/Numeric$CharIsIntegral$
instanceKlass scala/math/Ordering$CharOrdering
instanceKlass scala/math/Numeric$CharIsIntegral
instanceKlass scala/math/Ordering$Byte$
instanceKlass scala/math/Numeric$ByteIsIntegral$
instanceKlass scala/math/Ordering$ByteOrdering
instanceKlass scala/math/Numeric$ByteIsIntegral
instanceKlass scala/math/Ordering$Short$
instanceKlass scala/math/Numeric$ShortIsIntegral$
instanceKlass sbt/internal/PluginDiscovery$
instanceKlass scala/math/Ordering$ShortOrdering
instanceKlass scala/math/Numeric$ShortIsIntegral
instanceKlass scala/math/Ordering$BigInt$
instanceKlass scala/math/Numeric$BigIntIsIntegral$
instanceKlass scala/math/Ordering$BigIntOrdering
instanceKlass scala/math/Numeric$BigIntIsIntegral
instanceKlass scala/collection/immutable/NumericRange$
instanceKlass scala/math/Numeric$Ops
instanceKlass scala/math/Numeric$IntIsIntegral$
instanceKlass scala/math/Numeric$IntIsIntegral
instanceKlass scala/reflect/internal/ClassfileConstants$FlagTranslation
instanceKlass scala/tools/nsc/symtab/classfile/ClassfileParser$innerClasses$
instanceKlass scala/reflect/internal/JavaAccFlags$
instanceKlass scala/tools/nsc/symtab/classfile/ClassfileParser$NameOrString
instanceKlass scala/tools/nsc/symtab/classfile/ClassfileParser$ConstantPool
instanceKlass sbt/PluginData$
instanceKlass scala/tools/nsc/symtab/classfile/ReusableDataReader
instanceKlass scala/math/Integral
instanceKlass scala/tools/nsc/symtab/classfile/DataReader
instanceKlass sbt/internal/LoadedPlugins
instanceKlass scala/tools/nsc/symtab/classfile/ClassfileParser
instanceKlass sbt/io/Hash$
instanceKlass sbt/Resolvers$DistributedVCS
instanceKlass sbt/Resolvers$
instanceKlass sbt/RichURI
instanceKlass sbt/RichURI$
instanceKlass sbt/internal/RetrieveUnit$Path$
instanceKlass sbt/internal/RetrieveUnit$Scheme$
instanceKlass sbt/internal/RetrieveUnit$
instanceKlass sbt/internal/MultiHandler
instanceKlass sbt/internal/BuildLoader
instanceKlass sbt/internal/BuildLoader$Components
instanceKlass sbt/internal/BuildUnit
instanceKlass sbt/internal/BuildLoader$TransformInfo
instanceKlass sbt/internal/BuildLoader$LoadInfo
instanceKlass sbt/internal/BuildLoader$
instanceKlass sbt/internal/BuildLoader$BuildInfo
instanceKlass sbt/internal/BuildLoader$ResolveInfo
instanceKlass sbt/internal/BuildLoader$Info
instanceKlass sbt/internal/PartBuild
instanceKlass jdk/internal/math/FDBigInteger
instanceKlass sbt/io/NotNameFilter
instanceKlass sbt/io/AbstractNotFilter
instanceKlass sbt/io/AndNameFilter
instanceKlass sbt/io/AbstractAndFilter
instanceKlass sbt/io/ExactFilter
instanceKlass sbt/io/FileFilter$$anon$2
instanceKlass sbt/io/FileFilter$$anon$1
instanceKlass sbt/io/FileFilter$
instanceKlass sbt/io/ExtensionFilter
instanceKlass sbt/io/GlobFilter$
instanceKlass scala/ref/ReferenceWithWrapper
instanceKlass scala/ref/WeakReference
instanceKlass scala/ref/ReferenceWrapper
instanceKlass scala/Proxy
instanceKlass scala/ref/Reference
instanceKlass sbt/io/PathFinder
instanceKlass sbt/io/PathFinderDefaults
instanceKlass sbt/io/PathFinder$Combinator
instanceKlass scala/reflect/internal/Scopes$ScopeEntry
instanceKlass sbt/io/PathLister
instanceKlass sbt/io/PathFinder$
instanceKlass sbt/internal/LoadBuildConfiguration
instanceKlass sbt/internal/inc/HashUtil$
instanceKlass sbt/RunningTaskEngine
instanceKlass sbt/EvaluateTask$
instanceKlass java/time/zone/ZoneOffsetTransition
instanceKlass sbt/internal/LogManager$
instanceKlass java/time/zone/Ser
instanceKlass java/io/Externalizable
instanceKlass sbt/internal/Load$InjectSettings
instanceKlass java/time/zone/ZoneRulesProvider$1
instanceKlass java/time/zone/ZoneRulesProvider
instanceKlass sun/util/calendar/ZoneInfoFile$ZoneOffsetTransitionRule
instanceKlass sbt/internal/PluginManagement
instanceKlass sbt/internal/PluginManagement$Context
instanceKlass scala/runtime/AbstractFunction2
instanceKlass sbt/internal/PluginManagement$
instanceKlass sun/util/calendar/ZoneInfoFile$1
instanceKlass sun/util/calendar/ZoneInfoFile
instanceKlass sbt/internal/inc/javac/JavaTools$$anon$1
instanceKlass java/util/TimeZone
instanceKlass java/time/LocalTime
instanceKlass java/time/temporal/ValueRange
instanceKlass java/time/temporal/TemporalField
instanceKlass scala/tools/nsc/classpath/ClassFileEntryImpl
instanceKlass scala/tools/nsc/classpath/ClassFileEntry
instanceKlass sbt/internal/inc/javac/LocalJavadoc
instanceKlass javax/tools/DocumentationTool$DocumentationTask
instanceKlass jdk/javadoc/internal/api/JavadocTool
instanceKlass javax/tools/DocumentationTool
instanceKlass scala/reflect/io/FileZipArchive$zipFilePool$
instanceKlass javax/tools/JavaFileObject
instanceKlass javax/tools/FileObject
instanceKlass sbt/internal/inc/javac/LocalJava$
instanceKlass xsbti/compile/Javadoc
instanceKlass sbt/internal/inc/javac/Javadoc$
instanceKlass javax/tools/ForwardingJavaFileManager
instanceKlass sbt/internal/inc/javac/LocalJavaCompiler
instanceKlass com/sun/tools/javac/file/BaseFileManager
instanceKlass com/sun/tools/javac/util/Context
instanceKlass javax/tools/DiagnosticListener
instanceKlass javax/tools/StandardJavaFileManager
instanceKlass com/sun/source/util/JavacTask
instanceKlass javax/tools/JavaFileManager
instanceKlass javax/tools/JavaCompiler$CompilationTask
instanceKlass com/sun/tools/javac/api/JavacTool
instanceKlass javax/tools/JavaCompiler
instanceKlass javax/tools/OptionChecker
instanceKlass javax/tools/Tool
instanceKlass javax/tools/ToolProvider
instanceKlass xsbti/compile/JavaCompiler
instanceKlass xsbti/compile/JavaTool
instanceKlass sbt/internal/inc/javac/JavaCompiler$
instanceKlass xsbti/compile/JavaTools
instanceKlass sbt/internal/inc/javac/JavaTools$
instanceKlass sbt/internal/inc/CompilerArguments
instanceKlass sbt/internal/inc/AnalyzingCompiler
instanceKlass sbt/internal/inc/ZincComponentCompiler$ZincCompilerBridgeProvider
instanceKlass scala/sys/process/ProcessLogger
instanceKlass sbt/util/Logger$
instanceKlass sbt/internal/inc/ZincComponentManager
instanceKlass sbt/internal/inc/ZincComponentCompiler$$anon$1
instanceKlass sbt/internal/librarymanagement/JsonUtil$
instanceKlass xsbti/compile/CompilerBridgeProvider
instanceKlass sbt/internal/inc/ZincComponentCompiler$
instanceKlass sbt/internal/inc/ResourceLoader$
instanceKlass sbt/internal/inc/ZincComponentManager$
instanceKlass sbt/librarymanagement/ModuleIDFunctions
instanceKlass scala/math/Ordering$Tuple3Ordering
instanceKlass scala/math/Ordering$Long$
instanceKlass scala/math/Ordering$LongOrdering
instanceKlass sbt/librarymanagement/SemanticSelector
instanceKlass sbt/internal/librarymanagement/SemComparatorFunctions
instanceKlass sbt/internal/librarymanagement/SemComparatorExtra
instanceKlass sbt/internal/librarymanagement/SemSelOperator
instanceKlass sbt/internal/librarymanagement/SemSelAndChunkFunctions
instanceKlass sbt/internal/librarymanagement/SemSelAndChunk
instanceKlass sbt/librarymanagement/SemanticSelector$
instanceKlass sbt/librarymanagement/VersionNumber
instanceKlass sbt/librarymanagement/VersionNumber$
instanceKlass sbt/librarymanagement/ScalaArtifacts$
instanceKlass sbt/internal/inc/ZincLmUtil$
instanceKlass java/lang/invoke/DirectMethodHandle$1
instanceKlass scala/runtime/MethodCache
instanceKlass scala/runtime/StructuralCallSite
instanceKlass sbt/internal/inc/ScalaInstance$
instanceKlass org/apache/ivy/Ivy
instanceKlass org/apache/ivy/util/url/URLHandler
instanceKlass org/apache/ivy/util/MessageLogger
instanceKlass sbt/librarymanagement/ivy/IvyDependencyResolution
instanceKlass sbt/librarymanagement/DependencyResolution$
instanceKlass sbt/librarymanagement/DependencyResolutionInterface
instanceKlass sbt/librarymanagement/ivy/IvyDependencyResolution$
instanceKlass sbt/librarymanagement/FileConfiguration
instanceKlass sbt/librarymanagement/FileConfiguration$
instanceKlass sbt/librarymanagement/FileRepository$
instanceKlass sbt/librarymanagement/ivy/IvyPaths$
instanceKlass sbt/librarymanagement/ivy/IvyDefaults$
instanceKlass sbt/librarymanagement/ivy/CircularDependencyLevel$$anon$3
instanceKlass sbt/librarymanagement/ivy/CircularDependencyLevel$$anon$2
instanceKlass sbt/librarymanagement/ivy/CircularDependencyLevel$$anon$1
instanceKlass sbt/librarymanagement/ivy/CircularDependencyLevel
instanceKlass sbt/librarymanagement/ivy/CircularDependencyLevel$
instanceKlass sbt/librarymanagement/ivy/UpdateOptions$
instanceKlass sbt/librarymanagement/ivy/InlineIvyConfiguration$
instanceKlass sbt/internal/util/Attributed$
instanceKlass sbt/internal/librarymanagement/cross/CrossVersionUtil$
instanceKlass java/util/zip/ZipFile$ZipEntryIterator
instanceKlass sbt/internal/KeyIndex
instanceKlass sbt/internal/Load$
instanceKlass sbt/internal/inc/FreshCompilerCache
instanceKlass xsbti/compile/CompilerCache
instanceKlass scala/tools/nsc/classpath/ClassPathEntries$
instanceKlass sbt/internal/util/AbstractRMap
instanceKlass scala/tools/nsc/classpath/PackageNameUtils$
instanceKlass sbt/internal/util/IMap
instanceKlass sbt/internal/util/RMap
instanceKlass scala/tools/nsc/classpath/PackageEntryImpl
instanceKlass sbt/internal/util/IMap$
instanceKlass sbt/SessionVar$
instanceKlass scala/tools/nsc/classpath/ClassPathEntries
instanceKlass scala/tools/nsc/classpath/PackageEntry
instanceKlass scala/tools/nsc/classpath/PackageName
instanceKlass sbt/internal/util/Prompt$AskUser
instanceKlass scala/reflect/internal/Types$AbstractTypeRef
instanceKlass scala/reflect/internal/Types$AliasTypeRef
instanceKlass scala/reflect/internal/Types$NonClassTypeRef
instanceKlass scala/collection/mutable/ArrayOps$ofByte$
instanceKlass scala/collection/mutable/ArrayOps$ofByte
instanceKlass scala/tools/nsc/util/ClassRepresentation
instanceKlass scala/tools/nsc/classpath/ZipAndJarClassPathFactory$ZipArchiveClassPath
instanceKlass scala/tools/nsc/classpath/ZipArchiveFileLookup
instanceKlass scala/tools/nsc/util/EfficientClassPath
instanceKlass scala/tools/nsc/classpath/FileBasedCache$Stamp
instanceKlass scala/tools/nsc/io/Jar$
instanceKlass scala/tools/nsc/classpath/ZipAndJarFileLookupFactory$ZipSettings
instanceKlass scala/tools/nsc/classpath/ZipAndJarClassPathFactory$
instanceKlass scala/tools/nsc/classpath/ZipAndJarFileLookupFactory
instanceKlass scala/tools/nsc/classpath/FileUtils$
instanceKlass scala/tools/nsc/classpath/FileUtils$AbstractFileOps$
instanceKlass scala/tools/nsc/classpath/ClassPathFactory$
instanceKlass scala/reflect/io/ZipArchive$
instanceKlass java/util/TimerTask
instanceKlass scala/tools/nsc/classpath/FileBasedCache$$anon$1
instanceKlass scala/Function$
instanceKlass scala/tools/nsc/classpath/FileBasedCache$Entry
instanceKlass sbt/CommandUtil$
instanceKlass sbt/internal/util/complete/Not
instanceKlass sbt/internal/util/complete/And
instanceKlass sbt/internal/Act$ActAction
instanceKlass sbt/internal/Act$ParsedAxis
instanceKlass sbt/internal/Act$
instanceKlass jdk/internal/jrtfs/JrtFileAttributes
instanceKlass java/nio/file/Files$2
instanceKlass java/util/function/BooleanSupplier
instanceKlass java/util/stream/StreamSpliterators
instanceKlass java/util/stream/AbstractSpinedBuffer
instanceKlass jdk/internal/jrtfs/JrtDirectoryStream$1
instanceKlass java/util/stream/StreamSpliterators$AbstractWrappingSpliterator
instanceKlass sbt/internal/server/NetworkChannel$
instanceKlass jdk/internal/access/foreign/MemorySegmentProxy
instanceKlass jdk/internal/jimage/ImageReader$SharedImageReader$LocationVisitor
instanceKlass jdk/internal/jrtfs/JrtDirectoryStream
instanceKlass sbt/PluginCross$
instanceKlass sbt/internal/CrossJava$CrossArgs
instanceKlass scala/tools/nsc/classpath/JrtClassPath
instanceKlass scala/tools/nsc/classpath/NoSourcePaths
instanceKlass sbt/internal/CrossJava$SwitchJavaHome
instanceKlass jdk/internal/jimage/ImageReader$Node
instanceKlass jdk/internal/jrtfs/SystemImage$2
instanceKlass jdk/internal/jrtfs/SystemImage
instanceKlass sbt/internal/CrossJava$
instanceKlass jdk/internal/jrtfs/JrtPath
instanceKlass java/util/AbstractMap$SimpleEntry
instanceKlass jdk/internal/jimage/ImageBufferCache$2
instanceKlass jdk/internal/jimage/ImageBufferCache
instanceKlass sbt/Cross$Switch
instanceKlass sbt/Cross$CrossArgs
instanceKlass java/nio/file/FileStore
instanceKlass java/nio/channels/AsynchronousFileChannel
instanceKlass java/nio/channels/AsynchronousChannel
instanceKlass sbt/Cross$
instanceKlass sun/nio/fs/ExtendedFileSystemProvider
instanceKlass java/nio/file/spi/FileSystemProvider$1
instanceKlass scala/reflect/internal/JDK9Reflectors
instanceKlass scala/tools/nsc/classpath/FileBasedCache
instanceKlass sbt/internal/Inspect$DefinitionsMode$
instanceKlass scala/tools/nsc/classpath/JrtClassPath$
instanceKlass sbt/internal/Inspect$UsesMode$
instanceKlass sbt/internal/Inspect$DependencyTreeMode$
instanceKlass scala/tools/util/PathResolver$Calculated$
instanceKlass sbt/internal/Inspect$Mode
instanceKlass sbt/internal/Inspect$
instanceKlass scala/tools/nsc/classpath/AggregateClassPath
instanceKlass scala/tools/nsc/classpath/ClassPathFactory
instanceKlass sbt/internal/SessionSettings$
instanceKlass scala/tools/nsc/CloseableRegistry
instanceKlass scala/tools/util/PathResolver
instanceKlass scala/tools/nsc/Global$GlobalPlatform
instanceKlass sbt/TemplateCommandUtil$
instanceKlass sun/invoke/util/ValueConversions$WrapperCache
instanceKlass scala/reflect/internal/util/AlmostFinalValue
instanceKlass scala/reflect/internal/util/StatisticsStatics
instanceKlass scala/reflect/internal/settings/MutableSettings$SettingsOps$
instanceKlass scala/reflect/internal/Mirrors$Roots$RootSymbol
instanceKlass scala/reflect/internal/Mirrors$RootSymbol
instanceKlass scala/reflect/internal/Mirrors$Roots$WellKnownSymbol
instanceKlass sbt/MainLoop$ExitCode$
instanceKlass scala/reflect/api/StandardDefinitions$DefinitionsApi$VarArityClassApi
instanceKlass scala/util/Either$LeftProjection
instanceKlass sbt/internal/util/complete/SoftInvalid
instanceKlass scala/tools/nsc/Global$Run$SyncedCompilationBuffer
instanceKlass scala/tools/nsc/profile/ProfileSnap
instanceKlass sbt/internal/util/Init$$anon$2
instanceKlass scala/tools/nsc/profile/ProfileReporter
instanceKlass scala/tools/nsc/profile/Profiler
instanceKlass scala/tools/nsc/profile/Profiler$
instanceKlass scala/tools/nsc/Parsing$PerRunParsing
instanceKlass scala/reflect/io/Streamable$
instanceKlass scala/reflect/io/File$
instanceKlass scala/tools/nsc/io/package$
instanceKlass scala/tools/nsc/util/ClassPath$
instanceKlass scala/tools/nsc/Reporting$Message
instanceKlass scala/tools/nsc/Reporting$Action
instanceKlass scala/reflect/internal/Types$FlagAssigningCompleter
instanceKlass sbt/protocol/testing/TestResult
instanceKlass sbt/TestResultLogger$Defaults$
instanceKlass scala/reflect/internal/Definitions$DefinitionsClass
instanceKlass scala/runtime/AbstractFunction5
instanceKlass scala/Function5
instanceKlass scala/reflect/internal/Definitions$ValueClassDefinitions
instanceKlass sbt/TestResultLogger$Defaults$Main
instanceKlass sbt/TestResultLogger$$anonfun$apply$2
instanceKlass sbt/TestResultLogger$
instanceKlass sbt/TestFunction
instanceKlass sbt/TestFramework$
instanceKlass scala/tools/nsc/Global$Run
instanceKlass scala/reflect/macros/Universe$RunContextApi
instanceKlass sbt/TestFrameworks$
instanceKlass scala/LowPriorityImplicits$$anon$4
instanceKlass scala/tools/nsc/typechecker/ContextMode
instanceKlass scala/tools/nsc/typechecker/ContextMode$
instanceKlass scala/tools/nsc/typechecker/Contexts$ContextReporter$
instanceKlass scala/tools/nsc/typechecker/Contexts$Context$
instanceKlass sbt/Append$$anon$6
instanceKlass sbt/internal/Continuous$ContinuousState
instanceKlass sbt/internal/server/ClientJob$
instanceKlass sbt/internal/ContinuousCommands$
instanceKlass sbt/internal/server/BuildServerProtocol$BspCompileState
instanceKlass sbt/internal/FastTrackCommands$
instanceKlass scala/tools/nsc/typechecker/Contexts$ContextReporter
instanceKlass scala/runtime/ObjectRef
instanceKlass sbt/Terminal$$anon$1
instanceKlass sbt/Terminal$
instanceKlass scala/runtime/RichDouble$
instanceKlass sbt/Extracted
instanceKlass scala/reflect/internal/util/WeakHashSet$
instanceKlass sbt/internal/nio/CheckBuildSources
instanceKlass sbt/internal/nio/CheckBuildSources$
instanceKlass sbt/InputTask$
instanceKlass sbt/protocol/ExecStatusEvent$
instanceKlass sbt/Result
instanceKlass scala/reflect/internal/util/Set
instanceKlass sbt/internal/ui/UserThread
instanceKlass java/util/concurrent/ConcurrentLinkedQueue$Node
instanceKlass scala/reflect/internal/util/TriState$
instanceKlass sbt/internal/ui/UITask
instanceKlass scala/reflect/internal/Symbols$TypeHistory
instanceKlass scala/util/Try
instanceKlass sbt/internal/ConsoleChannel$
instanceKlass sbt/internal/CommandExchange$$anon$1
instanceKlass sbt/internal/nio/Observer
instanceKlass sbt/internal/server/BuildServerProtocol$Method$
instanceKlass sbt/internal/bsp/BuildServerCapabilities
instanceKlass sbt/internal/bsp/RunProvider
instanceKlass sbt/internal/bsp/RunProvider$
instanceKlass sbt/internal/bsp/TestProvider
instanceKlass sbt/internal/bsp/TestProvider$
instanceKlass sbt/internal/bsp/CompileProvider
instanceKlass sbt/internal/bsp/BuildServerConnection$
instanceKlass sbt/internal/CommandChannel
instanceKlass sbt/internal/bsp/CompileProvider$
instanceKlass sbt/internal/bsp/BuildServerCapabilities$
instanceKlass scala/runtime/ZippedTraversable3
instanceKlass sbt/protocol/EventMessage
instanceKlass scala/runtime/java8/JFunction0$mcI$sp
instanceKlass sbt/internal/CommandExchange
instanceKlass sbt/internal/server/BuildServerProtocol$
instanceKlass sbt/CommandSource
instanceKlass scala/reflect/internal/Scopes$NameLookup
instanceKlass scala/tools/nsc/typechecker/Contexts$SymbolLookup
instanceKlass scala/reflect/internal/util/ReusableInstance$
instanceKlass scala/tools/nsc/typechecker/AnalyzerPlugins$NonCumulativeOp
instanceKlass sbt/internal/util/ErrorHandling$
instanceKlass sun/management/NotificationEmitterSupport$ListenerInfo
instanceKlass scala/tools/nsc/typechecker/AnalyzerPlugins$CumulativeOp
instanceKlass java/util/EventObject
instanceKlass javax/management/NotificationListener
instanceKlass java/util/EventListener
instanceKlass com/sun/management/GarbageCollectorMXBean
instanceKlass java/lang/management/GarbageCollectorMXBean
instanceKlass java/lang/management/MemoryManagerMXBean
instanceKlass scala/tools/nsc/typechecker/ContextErrors$AbsTypeError
instanceKlass sbt/internal/GCMonitor
instanceKlass sbt/internal/GCMonitorBase
instanceKlass sbt/nio/FileStamper$Hash$
instanceKlass java/util/concurrent/RunnableScheduledFuture
instanceKlass java/util/concurrent/ScheduledFuture
instanceKlass java/util/concurrent/Delayed
instanceKlass scala/reflect/macros/contexts/Context
instanceKlass scala/reflect/macros/contexts/Internals
instanceKlass scala/tools/nsc/transform/TypingTransformers
instanceKlass java/util/concurrent/ScheduledExecutorService
instanceKlass scala/reflect/macros/contexts/Traces
instanceKlass scala/reflect/macros/contexts/ExprUtils
instanceKlass sbt/util/Show
instanceKlass scala/reflect/macros/contexts/Evals
instanceKlass sbt/util/Show$
instanceKlass scala/reflect/macros/contexts/Parsers
instanceKlass scala/reflect/macros/contexts/Typers
instanceKlass sbt/internal/NativeLoader
instanceKlass scala/reflect/macros/contexts/Infrastructure
instanceKlass scala/concurrent/duration/package$DurationLong$
instanceKlass scala/reflect/macros/contexts/FrontEnds
instanceKlass scala/concurrent/duration/package$DurationLong
instanceKlass scala/reflect/macros/contexts/Reifiers
instanceKlass sbt/internal/ClassLoaders$
instanceKlass scala/reflect/macros/contexts/Names
instanceKlass scala/reflect/macros/contexts/Enclosures
instanceKlass scala/reflect/macros/contexts/Aliases
instanceKlass sbt/internal/util/MainAppender$MainAppenderConfig
instanceKlass scala/reflect/macros/whitebox/Context
instanceKlass scala/reflect/macros/blackbox/Context
instanceKlass sbt/internal/util/ConsoleOut$$anon$6
instanceKlass scala/reflect/macros/Internals
instanceKlass scala/reflect/macros/ExprUtils
instanceKlass scala/reflect/macros/Evals
instanceKlass scala/reflect/macros/Parsers
instanceKlass scala/reflect/macros/Typers
instanceKlass scala/reflect/macros/Infrastructure
instanceKlass scala/reflect/macros/FrontEnds
instanceKlass sun/nio/fs/WindowsSecurityDescriptor
instanceKlass scala/reflect/macros/Reifiers
instanceKlass scala/reflect/macros/Names
instanceKlass scala/reflect/macros/Enclosures
instanceKlass scala/reflect/macros/Aliases
instanceKlass sbt/internal/util/complete/Finite
instanceKlass sbt/internal/util/complete/UpperBound$
instanceKlass scala/tools/nsc/typechecker/Macros$MacroStatus
instanceKlass sbt/io/OpenFile
instanceKlass scala/reflect/macros/compiler/DefaultMacroCompiler
instanceKlass scala/reflect/macros/compiler/Errors
instanceKlass sbt/io/Using
instanceKlass scala/reflect/macros/compiler/Validators
instanceKlass sbt/internal/util/complete/Filter
instanceKlass scala/reflect/macros/compiler/Resolvers
instanceKlass sbt/io/Using$
instanceKlass sbt/MainLoop$RunNext
instanceKlass sbt/MainLoop$
instanceKlass scala/tools/nsc/typechecker/Implicits$SearchResult
instanceKlass scala/tools/nsc/typechecker/Implicits$ImplicitInfo
instanceKlass sbt/internal/ShutdownHooks$
instanceKlass scala/tools/nsc/typechecker/Typers$Typer
instanceKlass sbt/util/SingletonCache
instanceKlass sbt/util/Cache
instanceKlass sbt/util/CacheImplicits$
instanceKlass scala/tools/nsc/typechecker/ContextErrors$TyperContextErrors
instanceKlass scala/tools/nsc/typechecker/PatternTypers$PatternTyper
instanceKlass scala/tools/nsc/typechecker/Tags$Tag
instanceKlass sbt/util/CacheImplicits
instanceKlass scala/tools/nsc/typechecker/Adaptations$Adaptation
instanceKlass sbt/util/BasicCacheImplicits
instanceKlass scala/tools/nsc/typechecker/TypeDiagnostics$TyperDiagnostics
instanceKlass sbt/internal/io/Milli
instanceKlass sbt/internal/io/Milli$
instanceKlass sbt/Project$RichTaskSessionVar
instanceKlass sbt/internal/server/Definition$
instanceKlass sbt/internal/classpath/ClassLoaderCache$
instanceKlass java/lang/management/MemoryUsage
instanceKlass scala/collection/convert/Wrappers$IterableWrapperTrait
instanceKlass scala/tools/nsc/typechecker/Namers$LockingTypeCompleter
instanceKlass scala/tools/nsc/typechecker/Namers$Namer
instanceKlass sbt/internal/InternalDependencies$
instanceKlass java/util/ComparableTimSort
instanceKlass scala/tools/nsc/typechecker/ContextErrors$NamerContextErrors
instanceKlass com/sun/jmx/mbeanserver/Util
instanceKlass scala/tools/nsc/typechecker/MethodSynthesis$MethodSynth
instanceKlass javax/management/ObjectName$Property
instanceKlass com/sun/jmx/mbeanserver/GetPropertyAction
instanceKlass javax/management/ObjectName
instanceKlass javax/management/QueryExp
instanceKlass java/lang/invoke/LambdaFormEditor$1
instanceKlass java/lang/invoke/MethodHandles$1
instanceKlass scala/tools/nsc/Global$$anon$5
instanceKlass sun/management/Util
instanceKlass sun/management/Sensor
instanceKlass sun/management/MemoryPoolImpl
instanceKlass java/lang/management/MemoryMXBean
instanceKlass java/util/HashMap$HashMapSpliterator
instanceKlass sbt/internal/inc/LoggedReporter
instanceKlass jdk/management/jfr/internal/FlightRecorderMXBeanProvider$SingleMBeanComponent
instanceKlass jdk/management/jfr/FlightRecorderMXBean
instanceKlass java/lang/management/DefaultPlatformMBeanProvider$11
instanceKlass java/lang/management/DefaultPlatformMBeanProvider$10
instanceKlass java/lang/management/DefaultPlatformMBeanProvider$9
instanceKlass sun/management/ManagementFactoryHelper$LoggingMXBeanAccess$1
instanceKlass sun/management/ManagementFactoryHelper$LoggingMXBeanAccess
instanceKlass java/lang/management/DefaultPlatformMBeanProvider$8
instanceKlass java/lang/management/DefaultPlatformMBeanProvider$7
instanceKlass java/lang/management/DefaultPlatformMBeanProvider$6
instanceKlass scala/tools/nsc/io/SourceReader
instanceKlass java/lang/management/DefaultPlatformMBeanProvider$5
instanceKlass java/lang/management/DefaultPlatformMBeanProvider$4
instanceKlass java/lang/management/DefaultPlatformMBeanProvider$3
instanceKlass java/lang/management/DefaultPlatformMBeanProvider$2
instanceKlass java/lang/management/DefaultPlatformMBeanProvider$1
instanceKlass scala/tools/nsc/ast/TreeBrowsers$SwingBrowser
instanceKlass com/sun/management/internal/PlatformMBeanProviderImpl$5
instanceKlass sun/management/VMManagementImpl
instanceKlass sun/management/VMManagement
instanceKlass scala/tools/nsc/ast/TreeBrowsers
instanceKlass sun/management/ManagementFactoryHelper
instanceKlass sun/management/NotificationEmitterSupport
instanceKlass javax/management/NotificationEmitter
instanceKlass javax/management/NotificationBroadcaster
instanceKlass com/sun/management/DiagnosticCommandMBean
instanceKlass javax/management/DynamicMBean
instanceKlass com/sun/management/internal/PlatformMBeanProviderImpl$4
instanceKlass com/sun/management/internal/PlatformMBeanProviderImpl$3
instanceKlass com/sun/management/internal/PlatformMBeanProviderImpl$2
instanceKlass scala/concurrent/Awaitable
instanceKlass scala/tools/nsc/ast/NodePrinters$nodeToRegularString$
instanceKlass sbt/Project$RichTaskPromise
instanceKlass com/sun/management/internal/PlatformMBeanProviderImpl$1
instanceKlass sun/management/spi/PlatformMBeanProvider$PlatformComponent
instanceKlass scala/tools/nsc/ast/NodePrinters$DefaultPrintAST
instanceKlass scala/tools/nsc/ast/NodePrinters$PrintAST
instanceKlass sun/management/spi/PlatformMBeanProvider
instanceKlass java/lang/management/ManagementFactory$PlatformMBeanFinder$1
instanceKlass java/lang/management/ManagementFactory$PlatformMBeanFinder
instanceKlass java/lang/management/MemoryPoolMXBean
instanceKlass java/lang/management/PlatformManagedObject
instanceKlass scala/reflect/internal/MissingRequirementError$
instanceKlass sbt/Taskable$$anon$2
instanceKlass scala/reflect/internal/Mode
instanceKlass sbt/Taskable$
instanceKlass sbt/TaskableImplicits
instanceKlass java/lang/management/ManagementFactory
instanceKlass scala/reflect/internal/Mode$
instanceKlass scala/util/control/NonFatal$
instanceKlass scala/tools/nsc/package$
instanceKlass sbt/internal/classpath/ClassLoaderCache$Key
instanceKlass scala/tools/nsc/ast/NodePrinters
instanceKlass sbt/State$Continue$
instanceKlass scala/reflect/internal/settings/MutableSettings$
instanceKlass sbt/librarymanagement/TrackLevel$NoTracking$
instanceKlass sbt/librarymanagement/TrackLevel$TrackIfMissing$
instanceKlass sbt/internal/io/Retry$
instanceKlass sbt/librarymanagement/TrackLevel$TrackAlways$
instanceKlass scala/reflect/internal/util/package$StringContextStripMarginOps
instanceKlass scala/reflect/internal/util/StripMarginInterpolator
instanceKlass scala/StringContext
instanceKlass sbt/internal/util/GlobalLogBacking$
instanceKlass scala/collection/mutable/ArrayBuilder$
instanceKlass java/util/function/UnaryOperator
instanceKlass sbt/internal/ClasspathImpl$
instanceKlass sbt/internal/util/ConsoleAppender$Properties$$anon$1
instanceKlass sbt/internal/util/ConsoleAppender$Properties
instanceKlass sbt/internal/util/ConsoleAppender$Properties$
instanceKlass sbt/internal/util/ConsoleAppender
instanceKlass sbt/internal/util/Terminal$ProxyTerminal$
instanceKlass sbt/util/LoggerContext$LoggerContextImpl$Log
instanceKlass sbt/internal/util/MiniLogger
instanceKlass sbt/util/LoggerContext$LoggerContextImpl
instanceKlass sbt/util/LoggerContext$
instanceKlass scala/reflect/internal/util/FreshNameCreator$
instanceKlass sbt/internal/util/GlobalLogging
instanceKlass scala/reflect/api/Internals$ReificationSupportApi$SyntacticMatchExtractor
instanceKlass scala/reflect/api/Internals$ReificationSupportApi$SyntacticTypeIdentExtractor
instanceKlass scala/reflect/api/Internals$ReificationSupportApi$SyntacticTermIdentExtractor
instanceKlass sbt/internal/util/GlobalLogBacking
instanceKlass scala/reflect/api/Internals$ReificationSupportApi$SyntacticTryExtractor
instanceKlass scala/reflect/api/Internals$ReificationSupportApi$SyntacticImportExtractor
instanceKlass scala/reflect/api/Internals$ReificationSupportApi$ScalaDotExtractor
instanceKlass scala/reflect/api/Internals$ReificationSupportApi$SyntacticAssignExtractor
instanceKlass sbt/internal/util/MainAppender$
instanceKlass scala/reflect/api/Internals$ReificationSupportApi$SyntacticNewExtractor
instanceKlass scala/reflect/api/Internals$ReificationSupportApi$FlagsReprExtractor
instanceKlass scala/reflect/api/Internals$ReificationSupportApi$SyntacticValEqExtractor
instanceKlass scala/reflect/api/Internals$ReificationSupportApi$SyntacticFunctionExtractor
instanceKlass scala/reflect/api/Internals$ReificationSupportApi$SyntacticTupleExtractor
instanceKlass scala/reflect/api/Internals$ReificationSupportApi$SyntacticValDefExtractor
instanceKlass scala/reflect/api/Internals$ReificationSupportApi$SyntacticObjectDefExtractor
instanceKlass scala/reflect/api/Internals$ReificationSupportApi$SyntacticForExtractor
instanceKlass scala/reflect/api/Internals$ReificationSupportApi$SyntacticPatDefExtractor
instanceKlass scala/reflect/api/Internals$ReificationSupportApi$SyntacticFilterExtractor
instanceKlass scala/reflect/api/Internals$ReificationSupportApi$SyntacticAppliedExtractor
instanceKlass scala/reflect/api/Internals$ReificationSupportApi$SyntacticValFromExtractor
instanceKlass sbt/internal/util/GlobalLogging$
instanceKlass scala/reflect/api/Internals$ReificationSupportApi$SyntacticDefDefExtractor
instanceKlass scala/reflect/api/Internals$ReificationSupportApi$ImplicitParamsExtractor
instanceKlass scala/reflect/api/Internals$ReificationSupportApi$SyntacticClassDefExtractor
instanceKlass scala/reflect/api/Internals$ReificationSupportApi$SyntacticTraitDefExtractor
instanceKlass scala/reflect/api/Internals$ReificationSupportApi$SyntacticCompoundTypeExtractor
instanceKlass sbt/io/IOSyntax1
instanceKlass sbt/io/BaseSyntax
instanceKlass scala/reflect/api/Internals$ReificationSupportApi$SyntacticTypeProjectionExtractor
instanceKlass scala/reflect/api/Internals$ReificationSupportApi$SyntacticPackageObjectDefExtractor
instanceKlass scala/reflect/api/Internals$ReificationSupportApi$SyntacticEmptyTypeTreeExtractor
instanceKlass scala/reflect/api/Internals$ReificationSupportApi$SyntacticFunctionTypeExtractor
instanceKlass scala/reflect/api/Internals$ReificationSupportApi$UnliftListElementwise
instanceKlass scala/reflect/api/Internals$ReificationSupportApi$SyntacticSelectTypeExtractor
instanceKlass scala/reflect/api/Internals$ReificationSupportApi$SyntacticSelectTermExtractor
instanceKlass scala/reflect/api/Internals$ReificationSupportApi$UnliftListOfListsElementwise
instanceKlass scala/reflect/api/Internals$ReificationSupportApi$SyntacticExistentialTypeExtractor
instanceKlass sbt/io/RichFile$
instanceKlass scala/reflect/api/Internals$ReificationSupportApi$SyntacitcSingletonTypeExtractor
instanceKlass scala/reflect/api/Internals$ReificationSupportApi$SyntacticTypeAppliedExtractor
instanceKlass scala/reflect/api/Internals$ReificationSupportApi$SyntacticAnnotatedTypeExtractor
instanceKlass scala/reflect/api/Internals$ReificationSupportApi$SyntacticPartialFunctionExtractor
instanceKlass scala/reflect/api/Internals$ReificationSupportApi$SyntacticBlockExtractor
instanceKlass sbt/BuildPaths$
instanceKlass scala/reflect/internal/ReificationSupport$ReificationSupportImpl
instanceKlass xsbti/compile/ClasspathOptionsUtil
instanceKlass sbt/internal/util/complete/TokenCompletions$Fixed
instanceKlass sbt/internal/util/complete/BindParser
instanceKlass scala/reflect/internal/Positions$WrappingPosAccumulator
instanceKlass scala/reflect/internal/Positions$SetChildrenPosAccumulator
instanceKlass sbt/internal/util/complete/ParserMain$$anon$3
instanceKlass scala/reflect/internal/Positions$$anon$1
instanceKlass sbt/internal/util/complete/MatchedString
instanceKlass sbt/internal/util/complete/History
instanceKlass sbt/internal/util/complete/Parsers$
instanceKlass sbt/internal/util/complete/HistoryCommands$
instanceKlass sbt/State$History
instanceKlass sbt/Exec$
instanceKlass sbt/internal/nio/FileEventMonitor
instanceKlass sbt/internal/nio/TimeSource
instanceKlass sbt/internal/Continuous$
instanceKlass sbt/internal/DeprecatedContinuous
instanceKlass scala/reflect/internal/Trees$ImportSelector
instanceKlass sbt/ArbitraryCommand
instanceKlass sbt/internal/DeprecatedContinuous$
instanceKlass sbt/BasicCommands$
instanceKlass sbt/internal/WatchTransitiveDependencies$Arguments
instanceKlass scala/reflect/internal/Trees$OnlyChildAccumulator
instanceKlass sbt/internal/util/complete/ParserMain$$tilde$
instanceKlass sbt/internal/WatchTransitiveDependencies$
instanceKlass sbt/internal/util/complete/ParserMain$$anon$2
instanceKlass sbt/librarymanagement/URLRepository$
instanceKlass scala/reflect/internal/Names$NameOps
instanceKlass sbt/librarymanagement/Patterns
instanceKlass scala/reflect/NameTransformer$OpCodes
instanceKlass sbt/librarymanagement/PatternsFunctions
instanceKlass scala/reflect/NameTransformer$
instanceKlass sbt/SimpleCommand
instanceKlass sbt/librarymanagement/ResolverFunctions$url$
instanceKlass sbt/Classpaths$$anon$7
instanceKlass sbt/Help0
instanceKlass scala/reflect/internal/StdNames$JavaKeywords
instanceKlass sbt/Help
instanceKlass sbt/Help$
instanceKlass sbt/internal/CommandStrings$
instanceKlass scala/reflect/internal/StdNames$KeywordSetBuilder
instanceKlass sbt/coursierint/CoursierArtifactsTasks$
instanceKlass sbt/Command$
instanceKlass scala/reflect/internal/StdNames$CommonNames
instanceKlass sbt/internal/util/Init$SettingsDefinition$
instanceKlass sbt/BuiltinCommands$
instanceKlass scala/reflect/internal/transform/Transforms$$anon$3
instanceKlass scala/xml/Attribute
instanceKlass scala/reflect/internal/transform/Transforms$$anon$2
instanceKlass sbt/internal/librarymanagement/IvyXml$
instanceKlass scala/reflect/internal/transform/Transforms$$anon$1
instanceKlass scala/reflect/internal/transform/Transforms$Lazy
instanceKlass scala/reflect/internal/Kinds$KindErrors
instanceKlass sbt/internal/util/ConsoleOut$$anon$2
instanceKlass scala/reflect/internal/Variance$Extractor
instanceKlass sbt/internal/util/ConsoleOut$Proxy$
instanceKlass sbt/internal/util/ConsoleOut$$anon$1
instanceKlass scala/reflect/internal/Variances$varianceInType
instanceKlass sbt/internal/util/ConsoleOut
instanceKlass sbt/internal/util/ConsoleOut$
instanceKlass scala/reflect/api/Types$ThisTypeApi
instanceKlass scala/reflect/api/Types$SuperTypeApi
instanceKlass scala/concurrent/ExecutionContext
instanceKlass scala/reflect/api/Types$SingleTypeApi
instanceKlass sbt/StandardMain$
instanceKlass sbt/StateOps
instanceKlass sbt/State$
instanceKlass scala/reflect/internal/Variance$
instanceKlass sbt/internal/LibraryManagement$$anon$1
instanceKlass sbt/dsl/LinterLevelLowPriority$Ignore$
instanceKlass sbt/dsl/LinterLevel
instanceKlass sbt/State$Next
instanceKlass sbt/dsl/LinterLevel$
instanceKlass sbt/dsl/LinterLevelLowPriority
instanceKlass scala/reflect/internal/AnnotationInfos$AnnotationInfo
instanceKlass sbt/State$StateOpsImpl$
instanceKlass scala/reflect/api/Types$BoundedWildcardTypeApi
instanceKlass sbt/internal/LibraryManagement$
instanceKlass scala/collection/mutable/ArrayOps$ofInt$
instanceKlass scala/collection/immutable/HashSet$HashSetBuilder
instanceKlass scala/collection/mutable/ArrayOps$ofInt
instanceKlass sbt/internal/util/WindowsSupport$
instanceKlass java/time/Duration
instanceKlass java/time/temporal/TemporalAmount
instanceKlass java/time/temporal/TemporalUnit
instanceKlass java/util/concurrent/TimeUnit$1
instanceKlass scala/reflect/internal/tpe/FindMembers$FindMemberBase
instanceKlass scala/concurrent/duration/Deadline
instanceKlass scala/concurrent/duration/Deadline$
instanceKlass scala/reflect/internal/util/ReusableInstance
instanceKlass scala/reflect/internal/Depth$
instanceKlass scala/collection/mutable/FlatHashTable$
instanceKlass scala/collection/DefaultMap
instanceKlass scala/collection/mutable/FlatHashTable
instanceKlass sbt/internal/util/Init$Bind
instanceKlass scala/collection/mutable/FlatHashTable$HashUtils
instanceKlass sbt/ScopeFilter$TaskKeyAll
instanceKlass scala/reflect/internal/Symbols$SymbolOps
instanceKlass scala/collection/immutable/DefaultMap
instanceKlass scala/reflect/api/Internals$FreeTypeSymbolApi
instanceKlass scala/reflect/api/Internals$FreeTermSymbolApi
instanceKlass scala/reflect/internal/Symbols$FreeSymbol
instanceKlass scala/reflect/internal/util/JavaClearable
instanceKlass sbt/ThisProject$
instanceKlass sbt/ScopeFilter$Data
instanceKlass scala/concurrent/duration/Duration$
instanceKlass sbt/internal/util/Init$StaticScopes$
instanceKlass sbt/ScopeFilter$$anon$4
instanceKlass scala/concurrent/duration/package$DurationInt$
instanceKlass scala/concurrent/duration/package$
instanceKlass scala/collection/mutable/AnyRefMap$$anon$2
instanceKlass scala/concurrent/duration/package$DurationInt
instanceKlass scala/collection/mutable/AnyRefMap$ExceptionDefault
instanceKlass sbt/ScopeFilter$Base
instanceKlass scala/concurrent/duration/DurationConversions
instanceKlass sbt/ScopeFilter$Make
instanceKlass scala/collection/mutable/AnyRefMap$
instanceKlass scala/reflect/internal/SymbolTable$perRunCaches$
instanceKlass sbt/ScopeFilter$
instanceKlass java/util/concurrent/Executors$DelegatedExecutorService
instanceKlass sbt/ThisBuild$
instanceKlass sbt/SlashSyntax$RichReference
instanceKlass sbt/LocalRootProject$
instanceKlass scala/reflect/api/Trees$TypeApplyApi
instanceKlass scala/reflect/api/Trees$TypedApi
instanceKlass scala/reflect/api/Trees$UnApplyApi
instanceKlass scala/reflect/api/Trees$ReturnApi
instanceKlass scala/reflect/api/Trees$StarApi
instanceKlass sbt/internal/util/Terminal$TerminalImpl
instanceKlass sbt/internal/util/AList$$anon$15
instanceKlass scala/reflect/api/Trees$SingletonTypeTreeApi
instanceKlass scala/reflect/api/Trees$ThisApi
instanceKlass scala/reflect/api/Trees$SelectFromTypeTreeApi
instanceKlass scala/Tuple11
instanceKlass scala/reflect/api/Trees$PackageDefApi
instanceKlass scala/Product11
instanceKlass scala/reflect/api/Trees$LabelDefApi
instanceKlass scala/reflect/api/Trees$CompoundTypeTreeApi
instanceKlass scala/reflect/api/Trees$FunctionApi
instanceKlass sbt/internal/util/AList$$anon$11
instanceKlass org/jline/utils/ShutdownHooks
instanceKlass scala/reflect/api/Trees$ImportApi
instanceKlass scala/reflect/api/Trees$AppliedTypeTreeApi
instanceKlass org/jline/utils/ShutdownHooks$Task
instanceKlass scala/reflect/api/Trees$AssignApi
instanceKlass scala/Tuple7
instanceKlass scala/Product7
instanceKlass scala/reflect/api/Trees$AssignOrNamedArgApi
instanceKlass scala/reflect/api/Trees$AnnotatedApi
instanceKlass scala/reflect/api/Trees$AlternativeApi
instanceKlass sun/misc/Signal$InternalMiscHandler
instanceKlass sun/misc/Signal
instanceKlass scala/reflect/api/Trees$ExistentialTypeTreeApi
instanceKlass scala/reflect/api/Trees$ClassDefApi
instanceKlass scala/reflect/api/Trees$IfApi
instanceKlass sun/misc/Signal$SunMiscHandler
instanceKlass scala/reflect/api/Trees$MatchApi
instanceKlass sun/misc/SignalHandler
instanceKlass org/jline/utils/Signals
instanceKlass scala/reflect/api/Trees$TreeCopierOps
instanceKlass scala/reflect/internal/Types$FlagAgnosticCompleter
instanceKlass scala/tools/nsc/typechecker/Analyzer
instanceKlass scala/tools/nsc/typechecker/AnalyzerPlugins
instanceKlass sbt/Scoped$RichInitialize
instanceKlass scala/tools/nsc/typechecker/StdAttachments
instanceKlass scala/tools/nsc/typechecker/ContextErrors
instanceKlass scala/tools/nsc/typechecker/TypeDiagnostics
instanceKlass scala/tools/nsc/typechecker/NamesDefaults
instanceKlass scala/tools/nsc/typechecker/Macros
instanceKlass scala/reflect/macros/util/Helpers
instanceKlass scala/reflect/macros/util/Traces
instanceKlass scala/reflect/macros/runtime/MacroRuntimes
instanceKlass scala/reflect/macros/runtime/JavaReflectionRuntimes
instanceKlass sbt/coursierint/CoursierRepositoriesTasks$
instanceKlass scala/tools/nsc/typechecker/Unapplies
instanceKlass scala/tools/nsc/typechecker/SyntheticMethods
instanceKlass sbt/internal/util/AList$$anon$14
instanceKlass scala/Tuple10
instanceKlass scala/Product10
instanceKlass scala/tools/nsc/typechecker/EtaExpansion
instanceKlass scala/tools/nsc/typechecker/Implicits
instanceKlass java/util/stream/ForEachOps$ForEachOp
instanceKlass java/util/stream/ForEachOps
instanceKlass scala/tools/nsc/typechecker/Infer
instanceKlass scala/tools/nsc/typechecker/Checkable
instanceKlass scala/tools/nsc/typechecker/Typers
instanceKlass scala/tools/nsc/typechecker/PatternTypers
instanceKlass scala/tools/nsc/typechecker/TypersTracking
instanceKlass scala/tools/nsc/typechecker/Tags
instanceKlass scala/tools/nsc/typechecker/Adaptations
instanceKlass sbt/internal/ui/UITask$NoShellPrompt$
instanceKlass scala/tools/nsc/typechecker/Namers
instanceKlass scala/tools/nsc/typechecker/MethodSynthesis
instanceKlass sbt/librarymanagement/ArtifactTypeFilterExtra
instanceKlass scala/tools/nsc/typechecker/Contexts
instanceKlass java/util/Spliterators$IteratorSpliterator
instanceKlass java/io/BufferedReader$1
instanceKlass sbt/librarymanagement/ArtifactTypeFilterFunctions
instanceKlass scala/tools/nsc/javac/JavaParsers
instanceKlass scala/tools/nsc/javac/JavaScanners
instanceKlass org/jline/utils/InfoCmp
instanceKlass scala/collection/immutable/TreeSet
instanceKlass scala/tools/nsc/ast/parser/TreeBuilder
instanceKlass scala/tools/nsc/backend/JavaPlatform
instanceKlass scala/tools/nsc/backend/Platform
instanceKlass org/jline/utils/NonBlocking
instanceKlass scala/tools/nsc/CompilationUnits$CompilationUnit
instanceKlass scala/reflect/macros/Universe$CompilationUnitContextApi
instanceKlass org/jline/terminal/Attributes
instanceKlass org/jline/utils/Colors$Distance
instanceKlass sbt/librarymanagement/ArtifactFunctions
instanceKlass scala/tools/nsc/symtab/SymbolLoaders
instanceKlass org/jline/utils/Colors
instanceKlass org/jline/utils/ColorPalette
instanceKlass scala/tools/nsc/util/ClassPath
instanceKlass sbt/librarymanagement/MavenRepo$
instanceKlass sbt/librarymanagement/MavenRepositoryFunctions
instanceKlass scala/tools/nsc/Parsing$RunParsing
instanceKlass scala/reflect/internal/Reporting$RunReporting
instanceKlass org/jline/terminal/MouseEvent
instanceKlass scala/reflect/internal/TreeInfo
instanceKlass sbt/internal/librarymanagement/LMSysProp$
instanceKlass java/util/stream/MatchOps$BooleanTerminalSink
instanceKlass scala/reflect/internal/transform/Erasure
instanceKlass java/util/stream/MatchOps$MatchOp
instanceKlass java/util/stream/MatchOps
instanceKlass sbt/librarymanagement/ResolverFunctions
instanceKlass scala/reflect/internal/transform/PostErasure
instanceKlass scala/reflect/internal/transform/UnCurry
instanceKlass scala/tools/nsc/Global$GlobalStats
instanceKlass scala/tools/nsc/transform/patmat/PatternMatchingStats
instanceKlass scala/tools/nsc/backend/jvm/BackendStats
instanceKlass scala/tools/nsc/typechecker/MacrosStats
instanceKlass scala/tools/nsc/typechecker/ImplicitsStats
instanceKlass scala/tools/nsc/typechecker/TypersStats
instanceKlass scala/reflect/internal/SymbolTable$ReflectStats
instanceKlass scala/reflect/internal/ScopeStats
instanceKlass scala/reflect/internal/SymbolsStats
instanceKlass scala/reflect/internal/TreesStats
instanceKlass scala/reflect/internal/SymbolTableStats
instanceKlass scala/reflect/internal/TypesStats
instanceKlass scala/reflect/internal/BaseTypeSeqsStats
instanceKlass scala/xml/NodeSeq$
instanceKlass org/jline/nativ/JLineLibrary
instanceKlass org/jline/terminal/impl/exec/ExecTerminalProvider$NativeRedirectPipeCreator
instanceKlass sbt/VersionScheme$
instanceKlass java/util/stream/ReduceOps$AccumulatingSink
instanceKlass java/util/stream/ReduceOps$Box
instanceKlass java/util/stream/ReduceOps$ReduceOp
instanceKlass java/util/stream/ReduceOps
instanceKlass java/util/function/BinaryOperator
instanceKlass java/util/function/BiConsumer
instanceKlass scala/reflect/internal/util/Statistics
instanceKlass java/util/stream/Collectors$CollectorImpl
instanceKlass java/util/stream/Collector
instanceKlass sbt/internal/librarymanagement/CompatibilityWarningOptions$
instanceKlass java/util/stream/Collectors
instanceKlass sbt/librarymanagement/ConflictWarning$
instanceKlass org/jline/terminal/impl/exec/ExecTerminalProvider$ReflectionRedirectPipeCreator
instanceKlass scala/reflect/api/Mirror
instanceKlass scala/reflect/internal/Reporting$PerRunReportingBase
instanceKlass scala/tools/nsc/ast/TreeDSL
instanceKlass java/lang/Process
instanceKlass java/lang/ProcessBuilder$Redirect
instanceKlass java/lang/ProcessBuilder
instanceKlass org/jline/terminal/impl/exec/ExecTerminalProvider$RedirectPipeCreator
instanceKlass scala/tools/nsc/typechecker/Contexts$Context
instanceKlass org/jline/terminal/impl/exec/ExecTerminalProvider
instanceKlass java/util/IdentityHashMap$IdentityHashMapIterator
instanceKlass org/jline/terminal/impl/jni/win/NativeWinSysTerminal$1
instanceKlass sbt/internal/util/$tilde$greater$$anon$7
instanceKlass scala/tools/nsc/ast/Trees$TreeCopier
instanceKlass scala/tools/nsc/SubComponent
instanceKlass org/jline/nativ/OSInfo
instanceKlass org/jline/nativ/JLineNativeLoader$1
instanceKlass scala/reflect/internal/util/HasClassPath
instanceKlass scala/reflect/internal/util/ScalaClassLoader
instanceKlass sbt/Tags$
instanceKlass org/jline/nativ/JLineNativeLoader
instanceKlass scala/reflect/internal/util/FreshNameCreator
instanceKlass org/jline/nativ/Kernel32
instanceKlass org/jline/terminal/impl/AbstractTerminal
instanceKlass scala/reflect/api/FlagSets$FlagValues
instanceKlass org/jline/terminal/spi/TerminalExt
instanceKlass scala/reflect/api/Annotations$AnnotationExtractor
instanceKlass sbt/internal/util/AList$$anon$3
instanceKlass scala/reflect/api/Types$BoundedWildcardTypeExtractor
instanceKlass scala/reflect/api/Annotations$AnnotationApi
instanceKlass sbt/internal/util/KNil
instanceKlass scala/reflect/api/Annotations$NestedArgumentExtractor
instanceKlass scala/reflect/api/Annotations$ArrayArgumentExtractor
instanceKlass scala/reflect/api/Annotations$LiteralArgumentExtractor
instanceKlass scala/reflect/api/Types$SuperTypeExtractor
instanceKlass sbt/coursierint/CoursierInputsTasks$
instanceKlass scala/reflect/api/Types$ThisTypeExtractor
instanceKlass scala/reflect/api/Types$TypeRefExtractor
instanceKlass scala/reflect/api/Types$NullaryMethodTypeExtractor
instanceKlass org/jline/utils/OSUtils
instanceKlass scala/reflect/api/Types$MethodTypeExtractor
instanceKlass sbt/internal/util/KCons
instanceKlass scala/reflect/api/Types$SingleTypeExtractor
instanceKlass org/jline/terminal/spi/Pty
instanceKlass org/jline/terminal/impl/jni/JniTerminalProvider
instanceKlass scala/reflect/api/Types$PolyTypeExtractor
instanceKlass scala/reflect/api/Types$RefinedTypeExtractor
instanceKlass scala/reflect/api/Types$ConstantTypeExtractor
instanceKlass sbt/coursierint/LMCoursier$
instanceKlass scala/reflect/api/Types$ClassInfoTypeExtractor
instanceKlass scala/reflect/api/Types$AnnotatedTypeExtractor
instanceKlass java/util/logging/LogRecord
instanceKlass scala/reflect/api/Types$ExistentialTypeExtractor
instanceKlass scala/reflect/api/StandardNames$TypeNamesApi
instanceKlass scala/reflect/api/StandardNames$TermNamesApi
instanceKlass scala/reflect/api/StandardNames$NamesApi
instanceKlass org/jline/utils/Log
instanceKlass org/jline/terminal/spi/TerminalProvider
instanceKlass scala/reflect/api/Types$TypeBoundsExtractor
instanceKlass scala/reflect/api/Trees$TypeApplyExtractor
instanceKlass scala/reflect/api/Trees$TypeBoundsTreeExtractor
instanceKlass sbt/internal/util/Init$$anon$11
instanceKlass scala/reflect/api/Trees$TryApi
instanceKlass scala/reflect/api/Trees$TryExtractor
instanceKlass scala/reflect/api/Trees$TypeDefExtractor
instanceKlass sbt/internal/util/Init$DefaultSetting
instanceKlass sbt/internal/util/AList$$anon$13
instanceKlass sbt/internal/util/Init$DefaultSetting$
instanceKlass scala/reflect/api/Trees$TypedExtractor
instanceKlass scala/reflect/api/Trees$UnApplyExtractor
instanceKlass scala/reflect/api/Trees$ThrowApi
instanceKlass scala/reflect/api/Trees$ThrowExtractor
instanceKlass scala/runtime/java8/JFunction0$mcJ$sp
instanceKlass scala/reflect/api/Trees$ReturnExtractor
instanceKlass scala/Tuple9
instanceKlass scala/reflect/api/Trees$StarExtractor
instanceKlass java/nio/charset/Charset$1
instanceKlass scala/Product9
instanceKlass java/nio/charset/Charset$2
instanceKlass scala/reflect/api/Trees$SingletonTypeTreeExtractor
instanceKlass scala/reflect/api/Trees$SuperExtractor
instanceKlass sbt/Project$$anon$4
instanceKlass scala/reflect/api/Trees$ThisExtractor
instanceKlass scala/reflect/api/Trees$SelectFromTypeTreeExtractor
instanceKlass scala/reflect/api/Internals$ReferenceToBoxedExtractor
instanceKlass scala/reflect/api/Trees$RefTreeExtractor
instanceKlass scala/reflect/api/Trees$LiteralExtractor
instanceKlass sbt/internal/util/complete/Optional
instanceKlass scala/reflect/api/Trees$ModuleDefExtractor
instanceKlass sbt/internal/util/complete/TokenStart
instanceKlass scala/reflect/api/Trees$NewExtractor
instanceKlass scala/reflect/api/Trees$PackageDefExtractor
instanceKlass sbt/internal/util/complete/TokenCompletions$Delegating
instanceKlass scala/reflect/api/Trees$LabelDefExtractor
instanceKlass scala/reflect/api/Trees$CompoundTypeTreeExtractor
instanceKlass scala/reflect/api/Trees$IdentExtractor
instanceKlass sbt/internal/util/complete/Completion
instanceKlass scala/reflect/api/Trees$DefDefExtractor
instanceKlass scala/reflect/api/Trees$FunctionExtractor
instanceKlass scala/reflect/api/Trees$ImportSelectorExtractor
instanceKlass sbt/internal/util/complete/TokenCompletions
instanceKlass scala/reflect/api/Trees$ImportExtractor
instanceKlass sbt/internal/util/complete/TokenCompletions$
instanceKlass scala/reflect/api/Trees$AppliedTypeTreeExtractor
instanceKlass scala/reflect/api/Trees$CaseDefExtractor
instanceKlass scala/reflect/api/Trees$CaseDefApi
instanceKlass jdk/internal/module/ModulePatcher$PatchedModuleReader
instanceKlass scala/reflect/api/Trees$BlockExtractor
instanceKlass sbt/internal/util/complete/SeqParser
instanceKlass scala/reflect/api/Trees$BlockApi
instanceKlass java/nio/charset/Charset$ExtendedProviderHolder$1
instanceKlass java/nio/charset/Charset$ExtendedProviderHolder
instanceKlass scala/reflect/api/Trees$AssignExtractor
instanceKlass org/jline/terminal/impl/NativeSignalHandler
instanceKlass org/jline/terminal/Terminal$SignalHandler
instanceKlass scala/reflect/api/Trees$AssignOrNamedArgExtractor
instanceKlass scala/reflect/api/Trees$BindApi
instanceKlass sbt/internal/util/AList$$anon$8
instanceKlass sbt/internal/util/complete/HomParser
instanceKlass scala/reflect/api/Trees$BindExtractor
instanceKlass org/jline/terminal/TerminalBuilder
instanceKlass sbt/internal/util/complete/MapParser
instanceKlass scala/Tuple4
instanceKlass scala/reflect/api/Trees$AnnotatedExtractor
instanceKlass scala/Product4
instanceKlass scala/reflect/api/Names$TypeNameExtractor
instanceKlass scala/reflect/api/Constants$ConstantExtractor
instanceKlass scala/reflect/api/Trees$AlternativeExtractor
instanceKlass sbt/internal/util/complete/StringLiteral
instanceKlass scala/reflect/api/Trees$TemplateExtractor
instanceKlass sbt/internal/util/complete/ParserWithExamples
instanceKlass scala/reflect/api/Trees$ApplyExtractor
instanceKlass sbt/internal/util/complete/FixedSetExamples
instanceKlass scala/reflect/api/Trees$TypeTreeExtractor
instanceKlass scala/collection/immutable/Set$SetBuilderImpl
instanceKlass scala/reflect/api/Trees$SelectExtractor
instanceKlass scala/reflect/api/Trees$ExistentialTypeTreeExtractor
instanceKlass scala/reflect/api/StandardDefinitions$DefinitionsApi
instanceKlass scala/reflect/api/StandardDefinitions$StandardTypes
instanceKlass sbt/internal/util/complete/Repeat
instanceKlass scala/reflect/api/Trees$ClassDefExtractor
instanceKlass org/jline/terminal/Terminal
instanceKlass sbt/librarymanagement/InclExclRuleFunctions
instanceKlass sbt/internal/util/complete/Invalid
instanceKlass scala/reflect/api/Trees$ModifiersExtractor
instanceKlass sbt/internal/util/JLine3$
instanceKlass scala/reflect/api/Trees$ValDefExtractor
instanceKlass sbt/librarymanagement/ModuleFilter
instanceKlass scala/reflect/api/Names$TermNameExtractor
instanceKlass sbt/librarymanagement/ConfigurationFilter
instanceKlass sbt/librarymanagement/ArtifactFilter
instanceKlass scala/reflect/api/Trees$IfExtractor
instanceKlass sbt/librarymanagement/SubDepFilter
instanceKlass scala/reflect/api/Trees$MatchExtractor
instanceKlass scala/reflect/api/Internals$ReificationSupportApi
instanceKlass sbt/internal/util/SuppressedTraceContext
instanceKlass sbt/librarymanagement/syntax$
instanceKlass sbt/internal/util/complete/Infinite$
instanceKlass scala/reflect/internal/InfoTransformers$InfoTransformer
instanceKlass sbt/librarymanagement/LibraryManagementSyntax
instanceKlass scala/reflect/internal/Phase
instanceKlass sbt/librarymanagement/DependencyFilterExtra
instanceKlass scala/reflect/internal/TreeGen
instanceKlass sbt/internal/util/complete/ParserMain$$anon$1
instanceKlass sbt/internal/util/LogOption
instanceKlass sbt/librarymanagement/DependencyBuilders
instanceKlass sbt/internal/util/ConsoleAppender$
instanceKlass sbt/librarymanagement/LibraryManagementSyntax0
instanceKlass sbt/internal/util/complete/Parser$Result
instanceKlass scala/reflect/macros/Universe$TreeGen
instanceKlass scala/reflect/macros/Universe$MacroInternalApi
instanceKlass sbt/internal/util/complete/CharacterClass
instanceKlass scala/reflect/api/Internals$InternalApi
instanceKlass sbt/internal/util/complete/ValidParser
instanceKlass scala/reflect/macros/Universe$MacroCompatApi
instanceKlass sbt/internal/util/complete/Parser$
instanceKlass scala/reflect/api/Internals$CompatApi
instanceKlass sbt/internal/util/AList$$anon$7
instanceKlass scala/reflect/api/Internals$ReferenceToBoxedApi
instanceKlass sbt/internal/util/TypeFunctions$$anon$4
instanceKlass sbt/internal/util/complete/RichParser
instanceKlass sbt/internal/util/Init$TransformCapture
instanceKlass scala/reflect/internal/Positions$PosAssigner
instanceKlass sbt/internal/util/complete/ExampleSource
instanceKlass sbt/internal/util/complete/UpperBound
instanceKlass sbt/internal/util/complete/DefaultParsers$
instanceKlass scala/reflect/internal/Printers$TreePrinter
instanceKlass sbt/internal/RemoteCache$
instanceKlass scala/reflect/api/Printers$TreePrinter
instanceKlass sbt/internal/util/complete/ParserMain
instanceKlass scala/reflect/api/Trees$ModuleDefApi
instanceKlass scala/reflect/api/Trees$ImplDefApi
instanceKlass sbt/internal/util/Terminal$Props
instanceKlass sbt/internal/util/complete/Parsers
instanceKlass scala/reflect/api/Trees$DefDefApi
instanceKlass sbt/Append$$anon$8
instanceKlass sbt/Append$$anon$1
instanceKlass sbt/Append$Sequence
instanceKlass scala/reflect/api/Trees$TypeDefApi
instanceKlass sbt/Append$
instanceKlass scala/reflect/api/Trees$TypeBoundsTreeApi
instanceKlass sbt/internal/util/Prompt$Batch$
instanceKlass scala/reflect/api/Trees$SuperApi
instanceKlass sbt/internal/util/Prompt$NoPrompt
instanceKlass sbt/nio/FileStamp$Cache
instanceKlass sbt/internal/util/Prompt
instanceKlass sbt/internal/DynamicInput
instanceKlass scala/reflect/api/Trees$LiteralApi
instanceKlass sbt/internal/util/AList$$anon$9
instanceKlass sbt/internal/nio/FileTreeRepository
instanceKlass sbt/internal/nio/Observable
instanceKlass sbt/internal/util/Terminal$DefaultTerminal
instanceKlass sbt/internal/nio/Registerable
instanceKlass sbt/nio/Watch$Event
instanceKlass sbt/internal/util/complete/Parser
instanceKlass scala/reflect/api/TreeCreator
instanceKlass java/io/Console$2
instanceKlass jdk/internal/access/JavaIOAccess
instanceKlass scala/reflect/api/TypeCreator
instanceKlass java/io/Console
instanceKlass scala/reflect/api/Trees$ImportSelectorApi
instanceKlass sbt/ProjectOrigin
instanceKlass sbt/Project
instanceKlass scala/reflect/api/Constants$ConstantApi
instanceKlass sbt/CompositeProject
instanceKlass scala/reflect/api/Trees$ValDefApi
instanceKlass jline/internal/Urls
instanceKlass scala/reflect/api/Trees$ValOrDefDefApi
instanceKlass sbt/nio/Watch$InputOption
instanceKlass scala/reflect/api/Trees$MemberDefApi
instanceKlass scala/reflect/api/Trees$DefTreeApi
instanceKlass sbt/nio/Watch$Action
instanceKlass jline/internal/Preconditions
instanceKlass sbt/StateTransform
instanceKlass sbt/Scoped$RichInitTaskBase
instanceKlass jline/internal/Configuration
instanceKlass scala/reflect/api/Trees$TemplateApi
instanceKlass sbt/nio/file/FileAttributes
instanceKlass sbt/Project$
instanceKlass sbt/nio/file/FileTreeView
instanceKlass jline/internal/Log
instanceKlass sbt/nio/FileStamper
instanceKlass sbt/Scoped$syntax$
instanceKlass sbt/nio/FileChanges
instanceKlass scala/reflect/api/Trees$ModifiersApi
instanceKlass sbt/ProjectExtra
instanceKlass scala/reflect/api/Annotations$NestedArgumentApi
instanceKlass org/scalasbt/ipcsocket/JNAWin32NamedPipeLibraryProvider$JNAOverlapped
instanceKlass sbt/nio/Keys$
instanceKlass scala/reflect/api/Annotations$ArrayArgumentApi
instanceKlass java/lang/Long$LongCache
instanceKlass jline/console/ConsoleReader
instanceKlass scala/reflect/api/Annotations$LiteralArgumentApi
instanceKlass jline/Terminal
instanceKlass scala/Tuple5
instanceKlass scala/reflect/internal/AnnotationInfos$ClassfileAnnotArg
instanceKlass scala/reflect/api/Annotations$JavaArgumentApi
instanceKlass sbt/internal/util/Init$Value
instanceKlass sbt/internal/BootServerSocket$ClientSocket
instanceKlass sbt/internal/util/Terminal$SimpleInputStream
instanceKlass scala/Product5
instanceKlass scala/reflect/internal/Trees$CannotHaveAttrs
instanceKlass sbt/internal/util/Terminal
instanceKlass java/net/SocketAddress
instanceKlass sbt/internal/util/Init$Optional
instanceKlass scala/reflect/api/Trees$ApplyApi
instanceKlass jdk/net/ExtendedSocketOptions$PlatformSocketOptions$1
instanceKlass jdk/net/ExtendedSocketOptions$PlatformSocketOptions
instanceKlass scala/reflect/api/Trees$GenericApplyApi
instanceKlass sbt/internal/util/Init$GetValue
instanceKlass sbt/SlashSyntax$RichScope
instanceKlass jdk/net/ExtendedSocketOptions$ExtSocketOption
instanceKlass java/net/SocketOption
instanceKlass jdk/net/ExtendedSocketOptions
instanceKlass sun/net/ext/ExtendedSocketOptions
instanceKlass sbt/internal/util/Terminal$
instanceKlass sun/nio/ch/Net$1
instanceKlass scala/reflect/api/Trees$IdentApi
instanceKlass java/net/ProtocolFamily
instanceKlass sun/nio/ch/Net
instanceKlass sbt/internal/util/AList$$anon$6
instanceKlass sbt/internal/util/AList$$anon$10
instanceKlass scala/reflect/api/Types$ConstantTypeApi
instanceKlass org/scalasbt/ipcsocket/JNAWin32NamedPipeLibraryProvider$JNAHandle
instanceKlass scala/Tuple6
instanceKlass scala/Product6
instanceKlass scala/reflect/api/Trees$SelectApi
instanceKlass sbt/internal/util/AList$$anon$2
instanceKlass com/sun/jna/NativeString
instanceKlass scala/reflect/internal/Trees$RefTree
instanceKlass sbt/internal/util/LinePosition
instanceKlass sbt/internal/util/FilePosition
instanceKlass scala/reflect/api/Trees$RefTreeApi
instanceKlass sbt/internal/util/Init$Initialize$JoinInitSeq
instanceKlass scala/reflect/api/Trees$SymTreeApi
instanceKlass scala/reflect/internal/Trees$NameTree
instanceKlass scala/reflect/api/Trees$NameTreeApi
instanceKlass sbt/internal/util/Init$Initialize$
instanceKlass sbt/internal/util/AList$$anon$5
instanceKlass sbt/Select
instanceKlass scala/reflect/api/Trees$NewApi
instanceKlass sbt/SlashSyntax$RichConfiguration
instanceKlass sbt/SlashSyntax$HasSlashKeyOrAttrKey
instanceKlass sbt/internal/util/AList$$anon$12
instanceKlass sbt/SlashSyntax$HasSlashKey
instanceKlass scala/reflect/internal/Trees$TermTree
instanceKlass scala/reflect/api/Trees$TermTreeApi
instanceKlass sbt/internal/util/AList$$anon$4
instanceKlass sbt/ConfigKey$
instanceKlass sbt/internal/util/AList$$anon$1
instanceKlass scala/reflect/api/Trees$TypeTreeApi
instanceKlass sbt/internal/util/AList
instanceKlass com/sun/jna/platform/win32/Advapi32Util
instanceKlass sbt/SlashSyntax0$
instanceKlass sbt/SlashSyntax
instanceKlass scala/reflect/internal/Trees$TypTree
instanceKlass sbt/internal/util/AList$
instanceKlass scala/reflect/api/Trees$TypTreeApi
instanceKlass sbt/internal/util/Init$Apply
instanceKlass scala/reflect/internal/Trees$TreeContextApiImpl
instanceKlass scala/reflect/api/Trees$TreeApi
instanceKlass scala/Tuple8
instanceKlass scala/Product8
instanceKlass sbt/internal/InMemoryCacheStore$CacheStoreFactoryFactory
instanceKlass scala/reflect/internal/StdNames$SymbolNames
instanceKlass sbt/PluginData
instanceKlass java/lang/Short$ShortCache
instanceKlass java/lang/Byte$ByteCache
instanceKlass scala/reflect/api/Symbols$MethodSymbolApi
instanceKlass sbt/internal/util/ProgressState
instanceKlass scala/reflect/api/Types$ClassInfoTypeApi
instanceKlass sbt/Keys$TaskProgress
instanceKlass sbt/internal/AbstractTaskExecuteProgress
instanceKlass com/sun/jna/platform/win32/Kernel32Util
instanceKlass scala/reflect/internal/Scopes$Scope
instanceKlass scala/reflect/api/Scopes$MemberScopeApi
instanceKlass scala/reflect/api/Scopes$ScopeApi
instanceKlass sbt/ExecuteProgress2
instanceKlass sbt/ExecuteProgress
instanceKlass sbt/std/Streams
instanceKlass sbt/std/TaskExtra$$anon$6
instanceKlass sbt/Pure
instanceKlass com/sun/jna/Klass
instanceKlass com/sun/jna/NativeMappedConverter
instanceKlass scala/reflect/api/FlagSets$FlagOps
instanceKlass sbt/internal/util/BasicAttributeMap
instanceKlass scala/reflect/internal/util/Statistics$SubQuantity
instanceKlass sbt/internal/util/AttributeMap
instanceKlass scala/reflect/internal/util/Statistics$Counter
instanceKlass sbt/internal/util/AttributeMap$
instanceKlass scala/reflect/internal/util/Statistics$Quantity
instanceKlass sbt/Info$
instanceKlass sbt/Info
instanceKlass scala/reflect/api/Types$CompoundTypeApi
instanceKlass sbt/std/TaskInfo
instanceKlass sbt/std/MultiInTask
instanceKlass sbt/std/SingleInTask
instanceKlass scala/reflect/api/Types$RefinedTypeApi
instanceKlass sbt/Action
instanceKlass sbt/std/BinaryPipe
instanceKlass sbt/std/TaskLines
instanceKlass sbt/std/TextPipe
instanceKlass sbt/std/ForkTask
instanceKlass sbt/std/ProcessPipe
instanceKlass sbt/std/JoinTask
instanceKlass sbt/std/TaskExtra$
instanceKlass sbt/std/TaskExtra
instanceKlass scala/reflect/api/Types$ExistentialTypeApi
instanceKlass sbt/std/TaskExtra0
instanceKlass scala/reflect/api/Types$AnnotatedTypeApi
instanceKlass scala/reflect/internal/Types$RewrappingTypeProxy
instanceKlass scala/reflect/internal/tpe/TypeMaps$TypeMap
instanceKlass sbt/internal/util/Init$Delegates
instanceKlass sbt/internal/util/EvaluateSettings
instanceKlass scala/reflect/api/Types$TypeBoundsApi
instanceKlass scala/reflect/api/Types$NullaryMethodTypeApi
instanceKlass sbt/internal/util/Init$Setting
instanceKlass scala/reflect/api/Types$MethodTypeApi
instanceKlass sbt/Def$
instanceKlass scala/reflect/api/Types$PolyTypeApi
instanceKlass sbt/InitializeImplicits
instanceKlass sbt/InitializeImplicits0
instanceKlass sbt/TaskMacroExtra
instanceKlass scala/reflect/api/Types$SingletonTypeApi
instanceKlass scala/reflect/internal/Types$SimpleTypeProxy
instanceKlass sbt/std/TaskStreams
instanceKlass scala/reflect/api/Types$TypeRefApi
instanceKlass sbt/internal/util/Settings
instanceKlass sbt/std/TaskInstance$
instanceKlass scala/reflect/api/Types$TypeApi
instanceKlass sbt/std/InitializeInstance$
instanceKlass sbt/internal/util/appmacro/Instance$Composed
instanceKlass sbt/internal/util/appmacro/MonadInstance
instanceKlass sbt/internal/util/appmacro/Instance
instanceKlass sbt/Tags$Rule
instanceKlass scala/reflect/api/Symbols$ModuleSymbolApi
instanceKlass sbt/ConcurrentRestrictions$Tag
instanceKlass com/sun/jna/platform/win32/WinBase$EnumResNameProc
instanceKlass sbt/CompletionService
instanceKlass com/sun/jna/platform/win32/WinBase$EnumResTypeProc
instanceKlass sbt/ConcurrentRestrictions
instanceKlass scala/reflect/api/Symbols$TermSymbolApi
instanceKlass sbt/ConcurrentRestrictions$
instanceKlass sbt/SessionVar$Map
instanceKlass sbt/InteractionService
instanceKlass scala/reflect/api/Symbols$ClassSymbolApi
instanceKlass scala/reflect/api/Symbols$TypeSymbolApi
instanceKlass sbt/librarymanagement/ConflictManagerFormats$$anon$1
instanceKlass sbt/librarymanagement/ConflictManager
instanceKlass sbt/librarymanagement/ConflictWarning
instanceKlass scala/reflect/internal/Symbols$StubSymbol
instanceKlass sbt/internal/librarymanagement/CompatibilityWarningOptions
instanceKlass sbt/librarymanagement/GetClassifiersModule
instanceKlass com/sun/jna/platform/win32/WinNT$OVERLAPPED_COMPLETION_ROUTINE
instanceKlass scala/reflect/internal/Symbols$SymbolContextApiImpl
instanceKlass scala/reflect/api/Symbols$SymbolApi
instanceKlass sbt/librarymanagement/ConfigRefFormats$$anon$1
instanceKlass sbt/librarymanagement/ConfigRef
instanceKlass org/apache/ivy/core/module/descriptor/ModuleDescriptor
instanceKlass org/apache/ivy/core/module/descriptor/DependencyDescriptorMediator
instanceKlass org/apache/ivy/plugins/latest/ArtifactInfo
instanceKlass com/sun/jna/platform/win32/Kernel32
instanceKlass org/apache/ivy/util/extendable/UnmodifiableExtendableItem
instanceKlass org/apache/ivy/util/extendable/ExtendableItem
instanceKlass com/sun/jna/platform/win32/Wincon
instanceKlass scala/reflect/internal/StdAttachments$Attachable
instanceKlass sbt/librarymanagement/UpdateLoggingFormats$$anon$1
instanceKlass scala/reflect/internal/AnnotationInfos$Annotatable
instanceKlass com/sun/jna/Function$PostCallRead
instanceKlass sbt/librarymanagement/ScalaModuleInfoFormats$$anon$1
instanceKlass sbt/librarymanagement/ScalaModuleInfo
instanceKlass scala/reflect/internal/HasFlags
instanceKlass sbt/librarymanagement/ivy/IvyPaths
instanceKlass sbt/librarymanagement/RetrieveConfigurationFormats$$anon$1
instanceKlass sbt/librarymanagement/RetrieveConfiguration
instanceKlass com/sun/jna/Library$Handler$FunctionInfo
instanceKlass sbt/librarymanagement/ModuleConfigurationFormats$$anon$1
instanceKlass sbt/librarymanagement/ModuleConfiguration
instanceKlass com/sun/jna/internal/ReflectionUtils
instanceKlass scala/reflect/api/Names$TypeNameApi
instanceKlass scala/reflect/api/Names$TermNameApi
instanceKlass scala/reflect/api/Names$NameApi
instanceKlass scala/reflect/internal/Names$NameHasIsEmpty
instanceKlass scala/xml/ScalaVersionSpecificNodeSeq
instanceKlass sbt/librarymanagement/ivy/Credentials
instanceKlass sbt/librarymanagement/MakePomConfiguration
instanceKlass scala/reflect/api/TypeTags$TypeTag
instanceKlass scala/reflect/api/TypeTags$WeakTypeTag
instanceKlass sbt/librarymanagement/EvictionWarningOptions
instanceKlass sbt/librarymanagement/EvictionWarning
instanceKlass sbt/librarymanagement/UpdateReportExtra
instanceKlass sbt/internal/librarymanagement/IvySbt$Module
instanceKlass scala/util/DynamicVariable
instanceKlass sbt/internal/librarymanagement/IvySbt
instanceKlass scala/DeprecatedConsole
instanceKlass scala/io/AnsiColor
instanceKlass sbt/librarymanagement/Publisher
instanceKlass sbt/librarymanagement/UnresolvedWarningConfiguration
instanceKlass sbt/librarymanagement/ivy/UpdateOptions
instanceKlass sbt/librarymanagement/UpdateConfigurationFormats$$anon$1
instanceKlass scala/reflect/macros/Attachments
instanceKlass sbt/librarymanagement/UpdateConfiguration
instanceKlass sbt/librarymanagement/ModuleSettings
instanceKlass sbt/librarymanagement/DependencyResolution
instanceKlass scala/reflect/internal/util/DeprecatedPosition
instanceKlass scala/reflect/internal/util/InternalPositionImpl
instanceKlass sbt/librarymanagement/ivy/IvyConfiguration
instanceKlass scala/reflect/api/Position
instanceKlass sbt/librarymanagement/InclExclRuleFormats$$anon$1
instanceKlass sbt/librarymanagement/InclExclRule
instanceKlass lmcoursier/definitions/Reconciliation
instanceKlass scala/reflect/internal/Reporter$Severity
instanceKlass lmcoursier/definitions/ModuleMatchers
instanceKlass scala/reflect/internal/Reporter
instanceKlass lmcoursier/definitions/Publication
instanceKlass scala/tools/nsc/reporters/PrintReporter
instanceKlass lmcoursier/definitions/Configuration
instanceKlass lmcoursier/credentials/Credentials
instanceKlass lmcoursier/definitions/CacheLogger
instanceKlass lmcoursier/FallbackDependency
instanceKlass lmcoursier/definitions/Project
instanceKlass lmcoursier/CoursierConfiguration
instanceKlass com/sun/jna/platform/win32/WinBase$FE_EXPORT_FUNC
instanceKlass sbt/internal/worker/ClientJobParams
instanceKlass sbt/internal/server/BuildServerReporter
instanceKlass sbt/internal/bsp/ScalaMainClassesItem
instanceKlass sbt/internal/bsp/ScalaTestClassesItem
instanceKlass com/sun/jna/platform/win32/Winsvc$HandlerEx
instanceKlass com/sun/jna/platform/win32/WinBase$FE_IMPORT_FUNC
instanceKlass com/sun/jna/win32/StdCallLibrary$StdCallCallback
instanceKlass sbt/internal/bsp/JvmEnvironmentItem
instanceKlass sbt/internal/bsp/JavacOptionsItem
instanceKlass scala/PartialFunction$$anon$1
instanceKlass sbt/internal/bsp/ScalacOptionsItem
instanceKlass sbt/internal/bsp/OutputPathsItem
instanceKlass sbt/internal/bsp/DependencySourcesItem
instanceKlass scala/PartialFunction$
instanceKlass sbt/internal/bsp/ResourcesItem
instanceKlass sbt/internal/bsp/SourcesItem
instanceKlass sbt/internal/bsp/BuildTarget
instanceKlass com/sun/jna/platform/win32/Advapi32
instanceKlass sbt/ConfigKey
instanceKlass sbt/internal/server/BuildServerProtocol$BspFullWorkspace
instanceKlass com/sun/jna/Memory$MemoryDisposer
instanceKlass sbt/internal/bsp/BuildTargetIdentifier
instanceKlass com/sun/jna/Structure$StructField
instanceKlass sjsonnew/FlatUnionFormats$$anon$7
instanceKlass com/sun/jna/Structure$LayoutInfo
instanceKlass java/util/LinkedList$ListItr
instanceKlass java/util/LinkedList$Node
instanceKlass sbt/librarymanagement/SftpRepositoryExtra
instanceKlass java/lang/Class$AnnotationData
instanceKlass sbt/librarymanagement/SftpRepositoryFormats$$anon$1
instanceKlass java/lang/annotation/Target
instanceKlass sbt/librarymanagement/SshRepositoryExtra
instanceKlass sbt/librarymanagement/SshBasedRepositoryExtra
instanceKlass sun/reflect/annotation/AnnotationInvocationHandler
instanceKlass sun/reflect/annotation/AnnotationParser$1
instanceKlass sbt/librarymanagement/SshRepositoryFormats$$anon$1
instanceKlass sun/reflect/annotation/ExceptionProxy
instanceKlass sbt/librarymanagement/URLRepositoryFormats$$anon$1
instanceKlass java/lang/annotation/Documented
instanceKlass java/lang/annotation/Inherited
instanceKlass java/lang/annotation/Retention
instanceKlass sbt/librarymanagement/FileRepositoryFormats$$anon$1
instanceKlass sun/reflect/annotation/AnnotationType$1
instanceKlass sun/reflect/annotation/AnnotationType
instanceKlass java/lang/reflect/GenericArrayType
instanceKlass sun/reflect/generics/visitor/Reifier
instanceKlass sun/reflect/generics/visitor/TypeTreeVisitor
instanceKlass sbt/librarymanagement/MavenCacheFormats$$anon$1
instanceKlass sun/reflect/generics/factory/CoreReflectionFactory
instanceKlass sun/reflect/generics/factory/GenericsFactory
instanceKlass sun/reflect/generics/scope/AbstractScope
instanceKlass sun/reflect/generics/scope/Scope
instanceKlass sun/reflect/generics/tree/ClassTypeSignature
instanceKlass sun/reflect/generics/tree/SimpleClassTypeSignature
instanceKlass sun/reflect/generics/tree/FieldTypeSignature
instanceKlass sun/reflect/generics/tree/BaseType
instanceKlass sun/reflect/generics/tree/TypeSignature
instanceKlass sun/reflect/generics/tree/ReturnType
instanceKlass sbt/librarymanagement/MavenRepoFormats$$anon$1
instanceKlass sun/reflect/generics/tree/TypeArgument
instanceKlass sun/reflect/generics/tree/TypeTree
instanceKlass sun/reflect/generics/tree/Tree
instanceKlass sun/reflect/generics/parser/SignatureParser
instanceKlass sbt/librarymanagement/ChainedResolverFormats$$anon$1
instanceKlass com/sun/jna/Structure$FieldOrder
instanceKlass sbt/librarymanagement/PublishConfiguration
instanceKlass sbt/internal/remotecache/RemoteCacheArtifact
instanceKlass scala/tools/nsc/util/DefaultJarFactory
instanceKlass scala/tools/nsc/util/JarFactory
instanceKlass sbt/internal/util/Attributed
instanceKlass com/sun/jna/Structure$ByReference
instanceKlass sbt/librarymanagement/ModuleInfoFormats$$anon$1
instanceKlass sbt/librarymanagement/ModuleInfo
instanceKlass org/scalasbt/ipcsocket/Win32SecurityLibrary
instanceKlass sbt/librarymanagement/ScmInfoFormats$$anon$1
instanceKlass sbt/librarymanagement/ScmInfo
instanceKlass org/scalasbt/ipcsocket/Handle
instanceKlass scala/tools/nsc/settings/ScalaSettings$CachePolicy
instanceKlass org/scalasbt/ipcsocket/Win32NamedPipeSocket$CloseCallback
instanceKlass scala/tools/nsc/settings/ScalaSettings$CachePolicy$
instanceKlass com/sun/jna/WeakMemoryHolder
instanceKlass sbt/librarymanagement/DeveloperFormats$$anon$1
instanceKlass sbt/librarymanagement/Developer
instanceKlass sjsonnew/TupleFormats$$anon$2
instanceKlass java/lang/reflect/Proxy$ProxyBuilder$1
instanceKlass scala/tools/nsc/settings/ScalaSettings$MacroExpand$
instanceKlass sbt/Tests$Group
instanceKlass sbt/TestResultLogger
instanceKlass sbt/Tests$Execution
instanceKlass sbt/TestReportListener
instanceKlass sbt/TestOption
instanceKlass sbt/Tests$Output
instanceKlass jdk/internal/org/objectweb/asm/Edge
instanceKlass sbt/TestDefinition
instanceKlass java/lang/reflect/ProxyGenerator$PrimitiveTypeInfo
instanceKlass sbt/TestFramework
instanceKlass java/util/StringJoiner
instanceKlass java/lang/reflect/ProxyGenerator$ProxyMethod
instanceKlass sbt/JobHandle
instanceKlass sbt/BackgroundJobService
instanceKlass scala/reflect/io/Directory$
instanceKlass sjsonnew/CollectionFormats$$anon$1
instanceKlass sbt/OutputStrategy
instanceKlass sbt/ForkOptions
instanceKlass java/lang/WeakPairMap$Pair$Lookup
instanceKlass java/lang/WeakPairMap$Pair
instanceKlass java/lang/WeakPairMap
instanceKlass java/lang/Module$ReflectionData
instanceKlass jdk/internal/module/Checks
instanceKlass java/lang/module/ModuleDescriptor$Builder
instanceKlass sbt/Scoped$$anon$4
instanceKlass sbt/InputTask
instanceKlass sbt/InputKey$
instanceKlass java/lang/PublicMethods
instanceKlass java/util/Collections$1
instanceKlass scala/tools/nsc/settings/MutableSettings$EnableSettings
instanceKlass sbt/librarymanagement/ScalaVersion
instanceKlass java/lang/reflect/Proxy$ProxyBuilder
instanceKlass sbt/librarymanagement/ArtifactFormats$$anon$1
instanceKlass sbt/librarymanagement/ArtifactExtra
instanceKlass java/lang/reflect/Proxy
instanceKlass java/lang/reflect/AnnotatedType
instanceKlass java/lang/reflect/TypeVariable
instanceKlass sbt/Package$Configuration
instanceKlass sjsonnew/PrimitiveFormats$LongJsonFormat$
instanceKlass com/sun/jna/VarArgsChecker
instanceKlass sbt/PackageOption
instanceKlass xsbti/FileConverter
instanceKlass xsbti/compile/AuxiliaryClassFiles
instanceKlass xsbti/compile/ExternalHooks
instanceKlass sbt/internal/VirtualFileValueCache
instanceKlass xsbti/compile/DefinesClass
instanceKlass xsbti/compile/GlobalsCache
instanceKlass xsbti/compile/Setup
instanceKlass com/sun/jna/NativeLibrary$NativeLibraryDisposer
instanceKlass xsbti/compile/Compilers
instanceKlass sbt/PromiseWrap
instanceKlass scala/io/Codec
instanceKlass com/sun/jna/internal/Cleaner$Cleanable
instanceKlass scala/io/Codec$
instanceKlass scala/io/LowPriorityCodecImplicits
instanceKlass xsbti/compile/PreviousResult
instanceKlass xsbti/compile/CompileResult
instanceKlass xsbti/compile/AnalysisContents
instanceKlass com/sun/jna/internal/Cleaner
instanceKlass sbt/librarymanagement/ModuleIDFormats$$anon$1
instanceKlass com/sun/jna/NativeLibrary
instanceKlass sbt/librarymanagement/ModuleIDExtra
instanceKlass scala/reflect/io/Path$
instanceKlass com/sun/jna/Library$Handler
instanceKlass sbt/internal/PluginDiscovery$DiscoveredNames
instanceKlass com/sun/jna/Native$2
instanceKlass xsbti/compile/ClasspathOptions
instanceKlass sbt/librarymanagement/CrossVersionFormats$$anon$9
instanceKlass com/sun/jna/Structure$FFIType$FFITypes
instanceKlass sjsonnew/FlatUnionFormats$$anon$8
instanceKlass com/sun/jna/Native$ffi_callback
instanceKlass scala/reflect/io/Streamable$Chars
instanceKlass scala/reflect/io/Streamable$Bytes
instanceKlass com/sun/jna/JNIEnv
instanceKlass com/sun/jna/PointerType
instanceKlass sbt/librarymanagement/For2_13Use3Formats$$anon$8
instanceKlass com/sun/jna/NativeMapped
instanceKlass scala/reflect/io/Path
instanceKlass com/sun/jna/WString
instanceKlass sbt/librarymanagement/For3Use2_13Formats$$anon$7
instanceKlass com/sun/jna/win32/DLLCallback
instanceKlass scala/reflect/io/AbstractFile$
instanceKlass com/sun/jna/CallbackProxy
instanceKlass sbt/librarymanagement/FullFormats$$anon$6
instanceKlass scala/tools/nsc/settings/MutableSettings$OutputDirs
instanceKlass sbt/librarymanagement/PatchFormats$$anon$5
instanceKlass sbt/librarymanagement/ConstantFormats$$anon$4
instanceKlass com/sun/jna/Callback
instanceKlass com/sun/jna/Structure$ByValue
instanceKlass sbt/librarymanagement/BinaryFormats$$anon$3
instanceKlass scala/reflect/ManifestFactory$SingletonTypeManifest
instanceKlass com/sun/jna/ToNativeContext
instanceKlass sbt/librarymanagement/DisabledFormats$$anon$2
instanceKlass sbt/librarymanagement/DisabledFormats$$anon$1
instanceKlass sbt/internal/inc/ScalaInstance
instanceKlass com/sun/jna/Structure
instanceKlass sjsonnew/StandardFormats$OptionFormat
instanceKlass xsbti/compile/Inputs
instanceKlass xsbti/compile/CompileOptions
instanceKlass scala/Tuple3
instanceKlass scala/Product3
instanceKlass xsbti/compile/IncOptions
instanceKlass scala/tools/nsc/settings/MutableSettings$MultiChoiceSetting$ChoiceOrVal$
instanceKlass com/sun/jna/Pointer
instanceKlass scala/util/hashing/MurmurHash3$ArrayHashing
instanceKlass scala/util/hashing/Hashing
instanceKlass scala/util/hashing/MurmurHash3
instanceKlass jdk/internal/loader/NativeLibraries$Unloader
instanceKlass scala/collection/mutable/SortedSet
instanceKlass sbt/librarymanagement/Configuration$
instanceKlass sbt/librarymanagement/Configurations$
instanceKlass xsbti/VirtualFile
instanceKlass sjsonnew/CollectionFormats$$anon$2
instanceKlass sjsonnew/IsoFormats$$anon$2
instanceKlass sbt/internal/io/WatchState
instanceKlass scala/Enumeration$ValueSet$$anon$1
instanceKlass sbt/internal/io/Source
instanceKlass scala/collection/generic/BitSetFactory$$anon$1
instanceKlass sbt/io/WatchService
instanceKlass java/io/DeleteOnExitHook$1
instanceKlass java/io/DeleteOnExitHook
instanceKlass sjsonnew/PrimitiveFormats$StringJsonFormat$
instanceKlass sjsonnew/PrimitiveFormats$UnitJsonFormat$
instanceKlass sbt/Command
instanceKlass sun/security/provider/AbstractDrbg$NonceProvider
instanceKlass sbt/librarymanagement/ConfigurationFormats$$anon$1
instanceKlass sbt/librarymanagement/ConfigurationExtra
instanceKlass sbt/ProjectRef
instanceKlass sbt/ResolvedProject
instanceKlass sbt/ProjectDefinition
instanceKlass scala/collection/BitSet
instanceKlass sbt/internal/BuildDependencies
instanceKlass sbt/internal/LoadedBuild
instanceKlass sbt/internal/BuildStructure
instanceKlass scala/collection/BitSetLike
instanceKlass sbt/internal/SessionSettings
instanceKlass scala/collection/immutable/BitSet$
instanceKlass scala/collection/generic/BitSetFactory
instanceKlass sbt/Terminal
instanceKlass sbt/Task
instanceKlass sbt/TaskKey$
instanceKlass scala/collection/immutable/SortedSet
instanceKlass sbt/util/LoggerContext
instanceKlass sbt/internal/LogManager
instanceKlass sbt/KeyRanks$
instanceKlass sbt/internal/AppenderSupplier
instanceKlass org/apache/logging/log4j/core/Appender
instanceKlass org/apache/logging/log4j/core/LifeCycle
instanceKlass scala/collection/SortedSet
instanceKlass scala/reflect/ManifestFactory$WildcardManifest
instanceKlass sbt/internal/util/Init$ScopedKey
instanceKlass java/text/Format
instanceKlass scala/collection/SortedSetLike
instanceKlass sjsonnew/PrimitiveFormats$BooleanJsonFormat$
instanceKlass sun/nio/fs/BasicFileAttributesHolder
instanceKlass scala/collection/generic/Sorted
instanceKlass sun/nio/fs/WindowsDirectoryStream$WindowsDirectoryIterator
instanceKlass sbt/util/SomeJsonWriter
instanceKlass sun/nio/fs/WindowsDirectoryStream
instanceKlass java/nio/file/DirectoryStream
instanceKlass sjsonnew/PrimitiveFormats$IntJsonFormat$
instanceKlass java/nio/file/Files$AcceptAllFilter
instanceKlass java/nio/file/DirectoryStream$Filter
instanceKlass sjsonnew/ThrowableFormats$StackTraceElementFormat
instanceKlass sjsonnew/ThrowableFormats$ThrowableFormat
instanceKlass scala/Enumeration$ValueSet$
instanceKlass java/time/LocalDate
instanceKlass java/time/chrono/ChronoLocalDate
instanceKlass scala/runtime/AbstractFunction3
instanceKlass scala/Function3
instanceKlass java/time/ZonedDateTime
instanceKlass java/time/chrono/ChronoZonedDateTime
instanceKlass java/util/Calendar
instanceKlass java/time/Instant
instanceKlass java/time/OffsetDateTime
instanceKlass java/time/LocalDateTime
instanceKlass java/time/chrono/ChronoLocalDateTime
instanceKlass java/time/temporal/Temporal
instanceKlass java/time/zone/ZoneOffsetTransitionRule
instanceKlass java/time/zone/ZoneRules
instanceKlass java/time/temporal/TemporalAdjuster
instanceKlass java/time/temporal/TemporalAccessor
instanceKlass java/util/TimSort
instanceKlass java/time/ZoneId
instanceKlass java/util/Arrays$LegacyMergeSort
instanceKlass scala/runtime/IntRef
instanceKlass scala/math/Ordering$$anon$1
instanceKlass scala/math/Ordering$String$
instanceKlass scala/math/Ordering$StringOrdering
instanceKlass sjsonnew/IsoString$$anon$1
instanceKlass java/util/UUID
instanceKlass sjsonnew/IsoString
instanceKlass sjsonnew/IsoString$
instanceKlass sjsonnew/PrimitiveFormats$BigDecimalJsonFormat$
instanceKlass sjsonnew/AdditionalFormats$$anon$8
instanceKlass sjsonnew/PrimitiveFormats$BigIntJsonFormat$
instanceKlass scala/collection/mutable/SetBuilder
instanceKlass scala/runtime/AbstractFunction0
instanceKlass scala/Symbol
instanceKlass sjsonnew/JsonKeyFormat$$anon$1
instanceKlass sjsonnew/JsonKeyFormat$
instanceKlass scala/tools/nsc/Reporting$WarningCategory$FeatureMacros$
instanceKlass scala/tools/nsc/Reporting$WarningCategory$FeatureReflectiveCalls$
instanceKlass scala/tools/nsc/Reporting$WarningCategory$FeaturePostfixOps$
instanceKlass scala/tools/nsc/Reporting$WarningCategory$FeatureImplicitConversions$
instanceKlass scala/xml/NamespaceBinding
instanceKlass scala/xml/Equality
instanceKlass java/net/NetworkInterface$1
instanceKlass scala/tools/nsc/Reporting$WarningCategory$FeatureHigherKinds$
instanceKlass scala/tools/nsc/Reporting$WarningCategory$FeatureExistentials$
instanceKlass scala/tools/nsc/Reporting$WarningCategory$FeatureDynamics$
instanceKlass scala/tools/nsc/Reporting$WarningCategory$Feature$
instanceKlass scala/tools/nsc/Reporting$WarningCategory$Feature
instanceKlass scala/tools/nsc/Reporting$WarningCategory$LintUnitSpecialization$
instanceKlass scala/tools/nsc/Reporting$WarningCategory$LintRecurseWithDefault$
instanceKlass scala/tools/nsc/Reporting$WarningCategory$LintBynameImplicit$
instanceKlass sjsonnew/HashWriter
instanceKlass scala/tools/nsc/Reporting$WarningCategory$LintIntDivToFloat$
instanceKlass scala/tools/nsc/Reporting$WarningCategory$LintDeprecation$
instanceKlass scala/tools/nsc/Reporting$WarningCategory$LintEtaSam$
instanceKlass scala/tools/nsc/Reporting$WarningCategory$LintEtaZero$
instanceKlass scala/tools/nsc/Reporting$WarningCategory$LintSerial$
instanceKlass scala/tools/nsc/Reporting$WarningCategory$LintImplicitNotFound$
instanceKlass sjsonnew/RootJsonFormat
instanceKlass sjsonnew/RootJsonWriter
instanceKlass scala/tools/nsc/Reporting$WarningCategory$LintNonlocalReturn$
instanceKlass sjsonnew/RootJsonReader
instanceKlass scala/tools/nsc/Reporting$WarningCategory$LintConstant$
instanceKlass scala/tools/nsc/Reporting$WarningCategory$LintStarsAlign$
instanceKlass scala/tools/nsc/Reporting$WarningCategory$LintPackageObjectClasses$
instanceKlass sbt/librarymanagement/LibraryManagementCodec$
instanceKlass scala/tools/nsc/Reporting$WarningCategory$LintDelayedinitSelect$
instanceKlass scala/tools/nsc/Reporting$WarningCategory$LintOptionImplicit$
instanceKlass scala/tools/nsc/Reporting$WarningCategory$LintPolyImplicitOverload$
instanceKlass scala/tools/nsc/Reporting$WarningCategory$LintTypeParameterShadow$
instanceKlass scala/tools/nsc/Reporting$WarningCategory$LintPrivateShadow$
instanceKlass sbt/librarymanagement/LibraryManagementCodec
instanceKlass scala/tools/nsc/Reporting$WarningCategory$LintDocDetached$
instanceKlass scala/tools/nsc/Reporting$WarningCategory$LintMissingInterpolator$
instanceKlass scala/tools/nsc/Reporting$WarningCategory$LintInferAny$
instanceKlass scala/tools/nsc/Reporting$WarningCategory$LintNullaryOverride$
instanceKlass scala/tools/nsc/Reporting$WarningCategory$LintInaccessible$
instanceKlass scala/tools/nsc/Reporting$WarningCategory$LintNullaryUnit$
instanceKlass sbt/librarymanagement/UpdateReportLiteFormats
instanceKlass scala/tools/nsc/Reporting$WarningCategory$LintAdaptedArgs$
instanceKlass sbt/librarymanagement/ConfigurationReportLiteFormats
instanceKlass scala/tools/nsc/Reporting$WarningCategory$Lint$
instanceKlass sbt/librarymanagement/UpdateReportFormats
instanceKlass scala/tools/nsc/Reporting$WarningCategory$Lint
instanceKlass sbt/librarymanagement/UpdateStatsFormats
instanceKlass sbt/librarymanagement/SshBasedRepositoryFormats
instanceKlass sbt/librarymanagement/PatternsBasedRepositoryFormats
instanceKlass scala/tools/nsc/Reporting$WarningCategory$UnusedNowarn$
instanceKlass sbt/librarymanagement/MavenRepositoryFormats
instanceKlass scala/tools/nsc/Reporting$WarningCategory$UnusedParams$
instanceKlass sbt/librarymanagement/ModuleSettingsFormats
instanceKlass scala/tools/nsc/Reporting$WarningCategory$UnusedLocals$
instanceKlass sbt/librarymanagement/ModuleDescriptorConfigurationFormats
instanceKlass sbt/internal/librarymanagement/formats/NodeSeqFormat
instanceKlass scala/tools/nsc/Reporting$WarningCategory$UnusedPrivates$
instanceKlass sbt/librarymanagement/PomConfigurationFormats
instanceKlass scala/tools/nsc/Reporting$WarningCategory$UnusedPatVars$
instanceKlass sbt/librarymanagement/IvyFileConfigurationFormats
instanceKlass sbt/librarymanagement/ModuleInfoFormats
instanceKlass scala/tools/nsc/Reporting$WarningCategory$UnusedImports$
instanceKlass sbt/librarymanagement/ScmInfoFormats
instanceKlass sbt/librarymanagement/ModuleConfigurationFormats
instanceKlass scala/tools/nsc/Reporting$WarningCategory$Unused$
instanceKlass scala/tools/nsc/Reporting$WarningCategory$Unused
instanceKlass java/net/DefaultInterface
instanceKlass sbt/librarymanagement/ResolverFormats
instanceKlass java/net/Inet6Address$Inet6AddressHolder
instanceKlass sbt/librarymanagement/SftpRepositoryFormats
instanceKlass scala/tools/nsc/Reporting$WarningCategory$WFlagValueDiscard$
instanceKlass sbt/librarymanagement/SshRepositoryFormats
instanceKlass java/net/InetAddress$PlatformNameService
instanceKlass java/net/InetAddress$NameService
instanceKlass scala/tools/nsc/Reporting$WarningCategory$WFlagSelfImplicit$
instanceKlass java/net/Inet6AddressImpl
instanceKlass java/net/InetAddressImpl
instanceKlass sbt/librarymanagement/SshConnectionFormats
instanceKlass java/net/InetAddressImplFactory
instanceKlass java/util/concurrent/ConcurrentSkipListMap$Node
instanceKlass java/util/concurrent/ConcurrentSkipListMap$Index
instanceKlass sbt/librarymanagement/SshAuthenticationFormats
instanceKlass scala/tools/nsc/Reporting$WarningCategory$WFlagNumericWiden$
instanceKlass java/util/concurrent/ConcurrentNavigableMap
instanceKlass sbt/librarymanagement/KeyFileAuthenticationFormats
instanceKlass scala/tools/nsc/Reporting$WarningCategory$WFlagExtraImplicit$
instanceKlass java/net/InetAddress$InetAddressHolder
instanceKlass java/net/InetAddress$1
instanceKlass jdk/internal/access/JavaNetInetAddressAccess
instanceKlass sbt/librarymanagement/PasswordAuthenticationFormats
instanceKlass scala/tools/nsc/Reporting$WarningCategory$WFlagDeadCode$
instanceKlass sbt/librarymanagement/URLRepositoryFormats
instanceKlass sbt/librarymanagement/FileRepositoryFormats
instanceKlass java/net/InetAddress
instanceKlass java/net/InterfaceAddress
instanceKlass sbt/librarymanagement/PatternsFormats
instanceKlass scala/tools/nsc/Reporting$WarningCategory$WFlag$
instanceKlass sbt/librarymanagement/MavenCacheFormats
instanceKlass scala/tools/nsc/Reporting$WarningCategory$WFlag
instanceKlass java/net/NetworkInterface
instanceKlass sbt/librarymanagement/MavenRepoFormats
instanceKlass sbt/librarymanagement/ChainedResolverFormats
instanceKlass scala/tools/nsc/Reporting$WarningCategory$OtherNonCooperativeEquals$
instanceKlass sbt/librarymanagement/FileConfigurationFormats
instanceKlass sbt/librarymanagement/DeveloperFormats
instanceKlass scala/tools/nsc/Reporting$WarningCategory$OtherDebug$
instanceKlass sbt/librarymanagement/ConflictManagerFormats
instanceKlass scala/tools/nsc/Reporting$WarningCategory$OtherMatchAnalysis$
instanceKlass sbt/librarymanagement/ConfigurationReportFormats
instanceKlass scala/tools/nsc/Reporting$WarningCategory$OtherMigration$
instanceKlass sbt/librarymanagement/OrganizationArtifactReportFormats
instanceKlass java/lang/constant/DynamicConstantDesc
instanceKlass sbt/librarymanagement/ModuleReportFormats
instanceKlass scala/tools/nsc/Reporting$WarningCategory$OtherPureStatement$
instanceKlass sbt/librarymanagement/CallerFormats
instanceKlass java/lang/constant/DirectMethodHandleDesc$1
instanceKlass java/lang/constant/DirectMethodHandleDescImpl$1
instanceKlass java/lang/constant/DirectMethodHandleDescImpl
instanceKlass java/lang/constant/DirectMethodHandleDesc
instanceKlass sbt/librarymanagement/PublishConfigurationFormats
instanceKlass scala/tools/nsc/Reporting$WarningCategory$OtherShadowing$
instanceKlass java/lang/constant/MethodHandleDesc$1
instanceKlass java/lang/constant/MethodHandleDesc
instanceKlass sbt/librarymanagement/GetClassifiersConfigurationFormats
instanceKlass java/lang/constant/MethodTypeDescImpl
instanceKlass scala/tools/nsc/Reporting$WarningCategory$Other$
instanceKlass sbt/librarymanagement/GetClassifiersModuleFormats
instanceKlass java/lang/constant/MethodTypeDesc
instanceKlass scala/tools/nsc/Reporting$WarningCategory$Other
instanceKlass sbt/librarymanagement/ScalaModuleInfoFormats
instanceKlass scala/tools/nsc/Reporting$WarningCategory$JavaSource$
instanceKlass sbt/librarymanagement/ConfigurationFormats
instanceKlass java/lang/constant/ReferenceClassDescImpl
instanceKlass java/lang/constant/ConstantUtils
instanceKlass sbt/librarymanagement/ModuleIDFormats
instanceKlass scala/tools/nsc/Reporting$WarningCategory$Scaladoc$
instanceKlass java/lang/constant/ClassDesc
instanceKlass sbt/librarymanagement/InclExclRuleFormats
instanceKlass java/lang/constant/ConstantDescs
instanceKlass sbt/librarymanagement/For2_13Use3Formats
instanceKlass scala/tools/nsc/Reporting$WarningCategory$Optimizer$
instanceKlass sbt/librarymanagement/For3Use2_13Formats
instanceKlass java/lang/invoke/VarHandle$2
instanceKlass java/lang/invoke/VarHandle$TypesAndInvokers
instanceKlass sbt/librarymanagement/FullFormats
instanceKlass sbt/librarymanagement/PatchFormats
instanceKlass scala/tools/nsc/Reporting$WarningCategory$Unchecked$
instanceKlass sbt/librarymanagement/ConstantFormats
instanceKlass scala/collection/mutable/DefaultEntry
instanceKlass sbt/librarymanagement/BinaryFormats
instanceKlass sbt/librarymanagement/DisabledFormats
instanceKlass sbt/librarymanagement/CrossVersionFormats
instanceKlass java/lang/invoke/VarHandleByteArrayBase
instanceKlass scala/tools/nsc/Reporting$WarningCategory$Deprecation$
instanceKlass sbt/librarymanagement/ArtifactFormats
instanceKlass sbt/librarymanagement/ChecksumFormats
instanceKlass sbt/librarymanagement/UpdateConfigurationFormats
instanceKlass sbt/librarymanagement/ArtifactTypeFilterFormats
instanceKlass sbt/internal/librarymanagement/formats/LogicalClockFormats
instanceKlass sun/security/provider/ByteArrayAccess$BE
instanceKlass sbt/librarymanagement/UpdateLoggingFormats
instanceKlass sun/security/provider/ByteArrayAccess
instanceKlass sbt/librarymanagement/RetrieveConfigurationFormats
instanceKlass sun/security/provider/SeedGenerator$1
instanceKlass scala/tools/nsc/Reporting$WarningCategory
instanceKlass sjsonnew/BasicJsonProtocol
instanceKlass sun/security/util/MessageDigestSpi2
instanceKlass scala/tools/nsc/Reporting$WarningCategory$
instanceKlass sun/security/jca/GetInstance$Instance
instanceKlass sun/security/jca/GetInstance
instanceKlass sjsonnew/ThrowableFormats
instanceKlass java/security/MessageDigestSpi
instanceKlass sjsonnew/CaseClassFormats
instanceKlass sun/security/provider/SeedGenerator
instanceKlass sun/security/provider/AbstractDrbg$SeederHolder
instanceKlass java/security/DrbgParameters$NextBytes
instanceKlass sjsonnew/ImplicitHashWriters
instanceKlass sjsonnew/CalendarFormats
instanceKlass sun/security/provider/EntropySource
instanceKlass sjsonnew/JavaExtraFormats
instanceKlass sun/security/provider/AbstractDrbg
instanceKlass sjsonnew/JavaPrimitiveFormats
instanceKlass java/security/DrbgParameters$Instantiation
instanceKlass java/security/DrbgParameters
instanceKlass sun/security/provider/MoreDrbgParameters
instanceKlass sjsonnew/IsoFormats
instanceKlass sjsonnew/FlatUnionFormats
instanceKlass scala/collection/generic/SeqForwarder
instanceKlass java/security/SecureRandomSpi
instanceKlass java/security/SecureRandomParameters
instanceKlass jdk/internal/event/Event
instanceKlass sjsonnew/UnionFormats
instanceKlass sjsonnew/AdditionalFormats
instanceKlass scala/collection/generic/IterableForwarder
instanceKlass sjsonnew/CollectionFormats
instanceKlass scala/collection/generic/TraversableForwarder
instanceKlass sjsonnew/TupleFormats
instanceKlass sjsonnew/StandardFormats
instanceKlass sjsonnew/PrimitiveFormats
instanceKlass sbt/librarymanagement/ConfigRefFormats
instanceKlass scala/util/matching/Regex$
instanceKlass scala/util/Properties$
instanceKlass sbt/internal/util/TypeFunctions$FunctionOps$$anon$6
instanceKlass sbt/internal/util/TypeFunctions$FunctionOps$
instanceKlass sbt/internal/util/HCons$
instanceKlass sbt/internal/util/KCons$
instanceKlass scala/tools/nsc/settings/ScalaBuild
instanceKlass sbt/internal/util/TypeFunctions$$anon$3
instanceKlass scala/tools/nsc/settings/ScalaVersion$
instanceKlass sbt/internal/util/TypeFunctions$$anon$2
instanceKlass scala/tools/nsc/settings/StandardScalaSettings$
instanceKlass sbt/internal/util/TypeFunctions$Ops$$anon$5
instanceKlass sbt/internal/util/TypeFunctions$$anon$1
instanceKlass sbt/internal/util/TypeFunctions$
instanceKlass sbt/internal/util/TypeFunctions$Ops$
instanceKlass sbt/internal/util/$tilde$greater
instanceKlass sbt/internal/util/Types$
instanceKlass sbt/internal/util/Types
instanceKlass sbt/internal/util/TypeFunctions
instanceKlass sun/security/util/SecurityProviderConstants
instanceKlass java/security/Provider$UString
instanceKlass java/security/Provider$Service
instanceKlass sun/security/provider/NativePRNG$NonBlocking
instanceKlass sun/security/provider/NativePRNG$Blocking
instanceKlass scala/tools/nsc/Properties$
instanceKlass sun/security/provider/NativePRNG
instanceKlass sbt/internal/util/Init$ValidateKeyRef
instanceKlass sun/security/provider/SunEntries$1
instanceKlass sun/security/provider/SunEntries
instanceKlass sbt/Zero$
instanceKlass sun/security/util/SecurityConstants
instanceKlass sbt/This$
instanceKlass scala/collection/convert/Wrappers$IteratorWrapper
instanceKlass java/util/AbstractList$Itr
instanceKlass java/util/Collections$UnmodifiableCollection$1
instanceKlass sbt/Scope
instanceKlass scala/collection/convert/WrapAsScala$
instanceKlass scala/collection/convert/WrapAsScala
instanceKlass scala/collection/convert/LowPriorityWrapAsScala
instanceKlass sun/security/jca/ProviderList$2
instanceKlass jdk/internal/math/FloatingDecimal$ASCIIToBinaryBuffer
instanceKlass sbt/ResolvedReference
instanceKlass jdk/internal/math/FloatingDecimal$PreparedASCIIToBinaryBuffer
instanceKlass jdk/internal/math/FloatingDecimal$ASCIIToBinaryConverter
instanceKlass jdk/internal/math/FloatingDecimal$BinaryToASCIIBuffer
instanceKlass jdk/internal/math/FloatingDecimal$ExceptionalBinaryToASCIIBuffer
instanceKlass jdk/internal/math/FloatingDecimal$BinaryToASCIIConverter
instanceKlass sbt/BuildReference
instanceKlass jdk/internal/math/FloatingDecimal
instanceKlass java/security/Provider$EngineDescription
instanceKlass sbt/DelegateIndex
instanceKlass scala/runtime/AbstractPartialFunction
instanceKlass java/security/Provider$ServiceKey
instanceKlass sbt/Scope$
instanceKlass sun/security/jca/ProviderConfig
instanceKlass sun/security/jca/ProviderList
instanceKlass sbt/SettingKey
instanceKlass sun/security/jca/Providers
instanceKlass java/util/Random
instanceKlass sbt/InputKey
instanceKlass java/util/random/RandomGenerator
instanceKlass sbt/Scoped$DefinableSetting
instanceKlass java/io/File$TempDirectory
instanceKlass sbt/TaskKey
instanceKlass sbt/Scoped$DefinableTask
instanceKlass sbt/internal/util/Init$KeyedInitialize
instanceKlass sbt/internal/util/Init$Keyed
instanceKlass com/sun/jna/Native$5
instanceKlass sbt/Scoped$
instanceKlass sbt/TemplateResolverInfo
instanceKlass com/sun/jna/Platform
instanceKlass sbt/Exec
instanceKlass com/sun/jna/Native$1
instanceKlass sbt/internal/classpath/ClassLoaderCache
instanceKlass sbt/internal/inc/classpath/AbstractClassLoaderCache
instanceKlass jdk/internal/logger/DefaultLoggerFinder$1
instanceKlass java/util/logging/Logger$SystemLoggerHelper$1
instanceKlass java/util/logging/Logger$SystemLoggerHelper
instanceKlass java/util/logging/LogManager$4
instanceKlass jdk/internal/logger/BootstrapLogger$BootstrapExecutors
instanceKlass jdk/internal/logger/BootstrapLogger$RedirectedLoggers
instanceKlass java/util/ServiceLoader$ProviderImpl
instanceKlass java/util/ServiceLoader$Provider
instanceKlass java/util/ServiceLoader$1
instanceKlass java/util/concurrent/CopyOnWriteArrayList$COWIterator
instanceKlass scala/Option$WithFilter
instanceKlass jdk/internal/logger/BootstrapLogger$DetectBackend$1
instanceKlass jdk/internal/logger/BootstrapLogger$DetectBackend
instanceKlass jdk/internal/logger/BootstrapLogger
instanceKlass sun/util/logging/PlatformLogger$ConfigurableBridge
instanceKlass sun/util/logging/PlatformLogger$Bridge
instanceKlass java/lang/System$Logger
instanceKlass java/util/stream/Streams
instanceKlass java/util/stream/Stream$Builder
instanceKlass java/util/stream/Streams$AbstractStreamBuilderImpl
instanceKlass java/util/stream/Sink$ChainedReference
instanceKlass sbt/internal/inc/classpath/ClassLoaderCache
instanceKlass java/util/stream/FindOps$FindOp
instanceKlass java/util/stream/TerminalOp
instanceKlass java/util/stream/FindOps$FindSink
instanceKlass java/util/stream/TerminalSink
instanceKlass java/util/stream/Sink
instanceKlass java/util/stream/FindOps
instanceKlass scala/concurrent/duration/Duration
instanceKlass java/util/ArrayList$ArrayListSpliterator
instanceKlass jdk/internal/misc/ScopedMemoryAccess$Scope
instanceKlass java/util/Hashtable$Enumerator
instanceKlass java/util/Collections$SynchronizedCollection
instanceKlass java/util/Properties$EntrySet
instanceKlass java/util/Collections$3
instanceKlass java/util/logging/LogManager$LoggerContext$1
instanceKlass java/util/logging/LogManager$VisitedLoggers
instanceKlass java/util/function/Predicate
instanceKlass scala/tools/reflect/WrappedProperties$AccessControl$
instanceKlass sbt/internal/server/ServerHandler
instanceKlass scala/tools/reflect/WrappedProperties
instanceKlass scala/util/PropertiesTrait
instanceKlass sbt/ConnectionType
instanceKlass java/util/logging/LogManager$2
instanceKlass sbt/ServerAuthentication
instanceKlass java/lang/System$LoggerFinder
instanceKlass java/util/logging/LogManager$LoggingProviderAccess
instanceKlass sun/util/logging/internal/LoggingProviderImpl$LogManagerAccess
instanceKlass java/lang/Shutdown$Lock
instanceKlass java/lang/Shutdown
instanceKlass java/lang/ApplicationShutdownHooks$1
instanceKlass java/lang/ApplicationShutdownHooks
instanceKlass java/util/Collections$SynchronizedMap
instanceKlass java/util/logging/LogManager$LogNode
instanceKlass java/util/logging/LogManager$LoggerContext
instanceKlass java/util/logging/LogManager$1
instanceKlass java/util/logging/LogManager
instanceKlass java/util/logging/Logger$ConfigurationData
instanceKlass java/util/logging/Logger$LoggerBundle
instanceKlass scala/runtime/ScalaRunTime$
instanceKlass java/util/logging/Level
instanceKlass java/util/logging/Handler
instanceKlass java/util/logging/Logger
instanceKlass java/io/FilenameFilter
instanceKlass scala/tools/util/PathResolver$Environment$
instanceKlass scala/collection/immutable/VectorBuilder
instanceKlass scala/collection/mutable/LinkedEntry
instanceKlass com/sun/jna/FromNativeContext
instanceKlass scala/util/hashing/package$
instanceKlass scala/collection/mutable/HashTable$
instanceKlass java/lang/reflect/InvocationHandler
instanceKlass com/sun/jna/Callback$UncaughtExceptionHandler
instanceKlass scala/collection/mutable/HashEntry
instanceKlass scala/runtime/java8/JFunction1$mcII$sp
instanceKlass com/sun/jna/Native
instanceKlass com/sun/jna/Version
instanceKlass com/sun/jna/win32/W32APIFunctionMapper
instanceKlass com/sun/jna/win32/W32APITypeMapper$2
instanceKlass scala/tools/util/PathResolver$Defaults$
instanceKlass com/sun/jna/DefaultTypeMapper$Entry
instanceKlass com/sun/jna/win32/W32APITypeMapper$1
instanceKlass scala/util/matching/Regex$Replacement
instanceKlass com/sun/jna/TypeConverter
instanceKlass scala/tools/nsc/settings/DefaultPathFactory$
instanceKlass com/sun/jna/ToNativeConverter
instanceKlass com/sun/jna/FromNativeConverter
instanceKlass com/sun/jna/DefaultTypeMapper
instanceKlass com/sun/jna/TypeMapper
instanceKlass scala/util/matching/Regex$Match
instanceKlass scala/util/matching/Regex$MatchData
instanceKlass com/sun/jna/FunctionMapper
instanceKlass com/sun/jna/win32/W32APIOptions
instanceKlass com/sun/jna/win32/StdCallLibrary
instanceKlass com/sun/jna/win32/StdCall
instanceKlass com/sun/jna/AltCallingConvention
instanceKlass org/scalasbt/ipcsocket/Win32NamedPipeLibrary
instanceKlass com/sun/jna/platform/win32/WinNT
instanceKlass com/sun/jna/platform/win32/WinBase
instanceKlass com/sun/jna/platform/win32/BaseTSD
instanceKlass com/sun/jna/platform/win32/WinDef
instanceKlass scala/reflect/internal/util/StringOps
instanceKlass com/sun/jna/platform/win32/WinError
instanceKlass scala/util/matching/UnanchoredRegex
instanceKlass scala/util/matching/Regex
instanceKlass sbt/State
instanceKlass sbt/Identity
instanceKlass sbt/internal/util/Util$
instanceKlass com/sun/jna/Library
instanceKlass org/scalasbt/ipcsocket/Overlapped
instanceKlass org/scalasbt/ipcsocket/JNAWin32NamedPipeLibraryProvider
instanceKlass scala/tools/nsc/settings/MutableSettings$Setting
instanceKlass scala/tools/nsc/settings/AbsSettings$AbsSetting
instanceKlass scala/runtime/RichChar$
instanceKlass sun/net/PlatformSocketImpl
instanceKlass scala/tools/nsc/settings/PathFactory
instanceKlass java/lang/Character$CharacterCache
instanceKlass sbt/internal/util/SharedAttributeKey
instanceKlass sbt/util/NoJsonWriter
instanceKlass sbt/util/OptJsonWriter$
instanceKlass sbt/util/OptJsonWriter0
instanceKlass scala/tools/nsc/settings/ScalaVersion
instanceKlass sun/net/NetProperties$1
instanceKlass sun/net/NetProperties
instanceKlass scala/collection/mutable/WrappedArray$$anon$10
instanceKlass scala/collection/mutable/WrappedArray$$anon$9
instanceKlass java/net/SocketImpl
instanceKlass sbt/internal/util/FeedbackProvidedException
instanceKlass java/net/SocketOptions
instanceKlass sbt/internal/util/UnprintableException
instanceKlass scala/collection/mutable/WrappedArray$$anon$8
instanceKlass scala/Enumeration$Value
instanceKlass scala/collection/mutable/WrappedArray$$anon$7
instanceKlass org/scalasbt/ipcsocket/Win32SecurityLevel
instanceKlass scala/collection/mutable/WrappedArray$$anon$6
instanceKlass scala/collection/mutable/WrappedArray$$anon$5
instanceKlass java/net/Socket
instanceKlass sbt/internal/inc/Lookup
instanceKlass scala/collection/mutable/WrappedArray$$anon$4
instanceKlass sbt/internal/inc/ExternalLookup
instanceKlass scala/Enumeration
instanceKlass xsbti/compile/ExternalHooks$Lookup
instanceKlass org/scalasbt/ipcsocket/Win32NamedPipeLibraryProvider
instanceKlass scala/collection/mutable/WrappedArray$$anon$3
instanceKlass scala/collection/mutable/WrappedArray$$anon$2
instanceKlass scala/collection/mutable/WrappedArray$$anon$1
instanceKlass sbt/internal/inc/IncrementalCompilerImpl
instanceKlass sun/misc/Unsafe
instanceKlass xsbti/compile/IncrementalCompiler
instanceKlass scala/tools/nsc/settings/ScalaSettings
instanceKlass sbt/internal/inc/ZincUtil$
instanceKlass scala/collection/mutable/WrappedArray$
instanceKlass sbt/internal/util/AttributeKey
instanceKlass net/openhft/hashing/Primitives$ByteOrderHelper
instanceKlass scala/tools/nsc/settings/Warnings
instanceKlass scala/tools/nsc/settings/StandardScalaSettings
instanceKlass sbt/internal/util/AttributeKey$
instanceKlass scala/tools/nsc/settings/AbsSettings
instanceKlass net/openhft/hashing/Primitives
instanceKlass sbt/BasicKeys$
instanceKlass sbt/SettingKey$
instanceKlass scala/reflect/internal/settings/MutableSettings
instanceKlass scala/reflect/internal/settings/AbsSettings
instanceKlass scala/reflect/internal/settings/MutableSettings$SettingValue
instanceKlass scala/reflect/internal/settings/AbsSettings$AbsSettingValue
instanceKlass scala/tools/nsc/CompilerCommand
instanceKlass sbt/Keys$
instanceKlass scala/runtime/AbstractFunction1
instanceKlass net/openhft/hashing/CityAndFarmHash_1_1
instanceKlass sbt/ClassLoaderLayeringStrategy
instanceKlass sbt/nio/FileStamp
instanceKlass xsbti/compile/RunProfiler
instanceKlass sbt/TaskCancellationStrategy
instanceKlass net/openhft/hashing/Access
instanceKlass sbt/internal/util/Appender
instanceKlass net/openhft/hashing/LongHashFunction
instanceKlass xsbti/compile/PerClasspathEntryLookup
instanceKlass xsbti/Reporter
instanceKlass sbt/ScalaRun
instanceKlass xsbti/compile/CompileAnalysis
instanceKlass sbt/internal/util/Init
instanceKlass sun/nio/fs/WindowsPath$1
instanceKlass sun/nio/fs/WindowsLinkSupport
instanceKlass java/io/ObjectStreamConstants
instanceKlass java/io/ObjectInput
instanceKlass sbt/Watched
instanceKlass java/util/concurrent/SynchronousQueue$TransferStack$SNode
instanceKlass sbt/Tests$TestRunPolicy
instanceKlass sbt/io/NameFilter
instanceKlass java/util/concurrent/SynchronousQueue$Transferer
instanceKlass sbt/librarymanagement/UpdateLogging
instanceKlass xsbti/compile/CompileProgress
instanceKlass sbt/io/IO$
instanceKlass sbt/ProjectReference
instanceKlass xsbti/compile/ScalaCompiler
instanceKlass xsbti/compile/ScalaInstance
instanceKlass sbt/ScopeAxis
instanceKlass java/util/concurrent/atomic/AtomicBoolean
instanceKlass sjsonnew/JsonFormat
instanceKlass sjsonnew/JsonWriter
instanceKlass sjsonnew/JsonReader
instanceKlass sbt/internal/util/KList
instanceKlass java/net/ServerSocket
instanceKlass sbt/librarymanagement/ModuleDescriptor
instanceKlass sbt/librarymanagement/CrossVersion
instanceKlass xsbti/VirtualFileRef
instanceKlass sbt/ScopedTaskable
instanceKlass sbt/librarymanagement/TrackLevel
instanceKlass sbt/Reference
instanceKlass scala/Predef$ArrowAssoc$
instanceKlass xsbti/Position
instanceKlass sbt/librarymanagement/DependencyFilter
instanceKlass xsbti/compile/analysis/ReadStamps
instanceKlass sbt/util/OptJsonWriter
instanceKlass scala/Function4
instanceKlass sbt/util/Logger
instanceKlass xsbti/Logger
instanceKlass sbt/librarymanagement/Resolver
instanceKlass sbt/Taskable
instanceKlass sjsonnew/JsonKeyFormat
instanceKlass sjsonnew/JsonKeyReader
instanceKlass sjsonnew/JsonKeyWriter
instanceKlass sbt/nio/file/PathFilter
instanceKlass sbt/internal/util/Init$SettingsDefinition
instanceKlass sbt/Append$Value
instanceKlass sbt/nio/file/RelativeGlob
instanceKlass sbt/nio/file/Glob
instanceKlass sbt/Append$Values
instanceKlass sbt/Scoped$ScopingSetting
instanceKlass sbt/Scoped
instanceKlass sbt/BasicCommandStrings$
instanceKlass sbt/internal/util/Init$Initialize
instanceKlass sbt/io/FileFilter
instanceKlass sbt/internal/util/SourcePosition
instanceKlass scala/collection/mutable/ArrayOps$ofRef$
instanceKlass scala/Array$$anon$11
instanceKlass scala/Array$$anon$10
instanceKlass scala/Array$$anon$9
instanceKlass scala/Array$$anon$8
instanceKlass scala/Array$$anon$7
instanceKlass scala/Array$$anon$6
instanceKlass scala/Array$$anon$5
instanceKlass scala/Array$$anon$4
instanceKlass scala/Array$$anon$3
instanceKlass scala/Array$$anon$2
instanceKlass scala/reflect/ClassTag$GenericClassTag
instanceKlass scala/runtime/BoxedUnit
instanceKlass scala/reflect/ClassTag$
instanceKlass scala/FallbackArrayBuilding
instanceKlass scala/collection/mutable/ArrayOps$ofRef
instanceKlass scala/collection/mutable/ArrayOps
instanceKlass sbt/Defaults$
instanceKlass sbt/io/Mapper
instanceKlass sbt/BuildCommon
instanceKlass sbt/Classpaths$
instanceKlass scala/collection/immutable/VM
instanceKlass scala/runtime/RichInt$
instanceKlass scala/runtime/Statics
instanceKlass scala/Function2
instanceKlass scala/collection/immutable/StringOps$
instanceKlass scala/Predef$$anon$1
instanceKlass scala/collection/immutable/HashMap$Merger
instanceKlass scala/reflect/NoManifest$
instanceKlass scala/collection/generic/BitOperations$Int
instanceKlass scala/reflect/ManifestFactory$ClassTypeManifest
instanceKlass scala/runtime/Null$
instanceKlass scala/collection/immutable/HashMap$HashMapBuilder
instanceKlass scala/collection/mutable/ArrayBuilder
instanceKlass scala/reflect/AnyValManifest
instanceKlass scala/reflect/Manifest
instanceKlass scala/reflect/ManifestFactory$
instanceKlass scala/reflect/ClassTag
instanceKlass scala/reflect/ClassManifestDeprecatedApis
instanceKlass scala/reflect/OptManifest
instanceKlass scala/collection/immutable/HasForeachEntry
instanceKlass scala/reflect/ClassManifestFactory$
instanceKlass scala/collection/immutable/Map$MapBuilderImpl
instanceKlass scala/collection/mutable/ReusableBuilder
instanceKlass scala/reflect/package$
instanceKlass scala/collection/generic/GenSetFactory$$anon$1
instanceKlass scala/collection/immutable/Set
instanceKlass scala/Product2$mcJJ$sp
instanceKlass scala/Product2$mcJI$sp
instanceKlass scala/Product2$mcII$sp
instanceKlass scala/Product2$mcID$sp
instanceKlass scala/Product2$mcIJ$sp
instanceKlass scala/Product2$mcJD$sp
instanceKlass scala/Product2$mcDJ$sp
instanceKlass scala/Product2$mcDD$sp
instanceKlass scala/util/Right$
instanceKlass scala/util/Left$
instanceKlass scala/Product2$mcDI$sp
instanceKlass scala/util/Either$
instanceKlass scala/math/Ordering$Int$
instanceKlass scala/math/Ordering$IntOrdering
instanceKlass scala/math/Ordering$Reverse
instanceKlass scala/math/Ordering$
instanceKlass scala/math/LowPriorityOrderingImplicits
instanceKlass scala/math/Ordered$
instanceKlass scala/math/Numeric$
instanceKlass scala/math/Integral$
instanceKlass java/util/Collections$UnmodifiableMap$UnmodifiableEntrySet$UnmodifiableEntry
instanceKlass scala/math/Fractional$
instanceKlass java/util/Collections$UnmodifiableMap$UnmodifiableEntrySet$1
instanceKlass scala/math/Equiv$
instanceKlass scala/math/LowPriorityEquiv
instanceKlass scala/math/ScalaNumericConversions
instanceKlass scala/Tuple2
instanceKlass scala/math/ScalaNumericAnyConversions
instanceKlass scala/Product2
instanceKlass scala/math/BigInt$
instanceKlass scala/math/BigDecimal$
instanceKlass scala/collection/immutable/Range$
instanceKlass scala/collection/mutable/StringBuilder$
instanceKlass scala/math/package$
instanceKlass scala/collection/mutable/IndexedSeqView
instanceKlass scala/collection/Parallel
instanceKlass scala/collection/immutable/VectorPointer
instanceKlass scala/collection/immutable/IndexedSeq
instanceKlass scala/collection/immutable/Stream$$hash$colon$colon$
instanceKlass scala/collection/$colon$plus$
instanceKlass scala/collection/$plus$colon$
instanceKlass scala/collection/immutable/$colon$colon$
instanceKlass scala/collection/mutable/ResizableArray
instanceKlass scala/collection/immutable/List$$anon$1
instanceKlass scala/collection/BufferedIterator
instanceKlass scala/collection/AbstractIterator
instanceKlass scala/collection/convert/Wrappers$
instanceKlass scala/collection/TraversableOnce$BufferedCanBuildFrom
instanceKlass scala/collection/Iterator$
instanceKlass scala/collection/convert/Wrappers$JMapWrapperLike
instanceKlass scala/runtime/BoxesRunTime
instanceKlass scala/runtime/java8/JFunction0$mcZ$sp
instanceKlass scala/sys/PropImpl
instanceKlass scala/sys/BooleanProp
instanceKlass scala/tools/nsc/ast/parser/Parsers
instanceKlass scala/sys/Prop
instanceKlass scala/tools/nsc/ast/parser/ParsersCommon
instanceKlass scala/tools/nsc/ast/parser/MarkupParsers
instanceKlass scala/sys/BooleanProp$
instanceKlass scala/tools/nsc/ast/parser/Scanners
instanceKlass scala/tools/nsc/ast/parser/ScannersCommon
instanceKlass scala/collection/convert/Decorators$AsScala
instanceKlass scala/sys/SystemProperties$
instanceKlass scala/collection/concurrent/Map
instanceKlass scala/util/control/NoStackTrace$
instanceKlass scala/util/control/Breaks$TryBlock
instanceKlass scala/util/control/Breaks
instanceKlass scala/math/Numeric
instanceKlass scala/collection/generic/GenTraversableFactory$GenericCanBuildFrom
instanceKlass scala/package$$anon$1
instanceKlass scala/Specializable
instanceKlass scala/reflect/internal/util/SourceFile
instanceKlass scala/package$
instanceKlass scala/collection/mutable/Set
instanceKlass scala/Predef$$eq$colon$eq
instanceKlass scala/Predef$$less$colon$less
instanceKlass scala/collection/mutable/SetLike
instanceKlass scala/collection/convert/Wrappers
instanceKlass scala/collection/JavaConverters$
instanceKlass scala/collection/convert/DecorateAsScala
instanceKlass scala/collection/convert/AsScalaConverters
instanceKlass scala/reflect/api/Universe
instanceKlass scala/collection/convert/DecorateAsJava
instanceKlass scala/collection/convert/AsJavaConverters
instanceKlass scala/reflect/api/Quasiquotes
instanceKlass scala/reflect/api/Liftables
instanceKlass scala/collection/mutable/ArrayLike
instanceKlass scala/reflect/api/StandardLiftables
instanceKlass scala/collection/mutable/IndexedSeqOptimized
instanceKlass scala/reflect/api/StandardNames
instanceKlass scala/collection/generic/GenMapFactory$MapCanBuildFrom
instanceKlass scala/reflect/api/ImplicitTags
instanceKlass scala/collection/generic/CanBuildFrom
instanceKlass scala/collection/immutable/Map
instanceKlass scala/reflect/api/TypeTags
instanceKlass scala/reflect/api/Exprs
instanceKlass scala/collection/mutable/IndexedSeq
instanceKlass scala/collection/immutable/MapLike
instanceKlass scala/reflect/internal/Internals
instanceKlass scala/reflect/api/Internals
instanceKlass scala/collection/generic/GenMapFactory
instanceKlass scala/reflect/internal/FreshNames
instanceKlass scala/reflect/internal/pickling/Translations
instanceKlass scala/collection/mutable/IndexedSeqLike
instanceKlass scala/reflect/internal/PrivateWithin
instanceKlass scala/Option$
instanceKlass scala/reflect/internal/ReificationSupport
instanceKlass scala/reflect/internal/StdCreators
instanceKlass scala/reflect/internal/StdAttachments
instanceKlass scala/reflect/internal/CapturedVariables
instanceKlass scala/reflect/internal/Importers
instanceKlass scala/util/Either
instanceKlass scala/reflect/internal/TypeDebugging
instanceKlass scala/LowPriorityImplicits
instanceKlass scala/reflect/internal/AnnotationCheckers
instanceKlass scala/reflect/internal/AnnotationInfos
instanceKlass scala/reflect/api/Annotations
instanceKlass scala/DeprecatedPredef
instanceKlass scala/reflect/internal/StdNames
instanceKlass scala/reflect/internal/transform/Transforms
instanceKlass scala/reflect/internal/InfoTransformers
instanceKlass scala/reflect/internal/BaseTypeSeqs
instanceKlass scala/collection/mutable/Buffer
instanceKlass scala/reflect/internal/Constants
instanceKlass scala/reflect/api/Constants
instanceKlass scala/reflect/internal/Definitions
instanceKlass scala/reflect/api/StandardDefinitions
instanceKlass scala/reflect/internal/Mirrors
instanceKlass scala/reflect/api/Mirrors
instanceKlass scala/reflect/internal/Scopes
instanceKlass scala/reflect/api/Scopes
instanceKlass scala/reflect/internal/FlagSets
instanceKlass scala/collection/Set
instanceKlass scala/reflect/api/FlagSets
instanceKlass scala/reflect/internal/ExistentialsAndSkolems
instanceKlass scala/reflect/internal/Kinds
instanceKlass scala/collection/mutable/BufferLike
instanceKlass scala/reflect/internal/Variances
instanceKlass scala/collection/SetLike
instanceKlass scala/collection/script/Scriptable
instanceKlass scala/reflect/internal/Types
instanceKlass scala/collection/mutable/Seq
instanceKlass scala/reflect/internal/util/Collections
instanceKlass scala/reflect/internal/tpe/FindMembers
instanceKlass scala/reflect/internal/tpe/TypeConstraints
instanceKlass scala/collection/GenSet
instanceKlass scala/reflect/internal/tpe/TypeMaps
instanceKlass scala/collection/generic/GenericSetTemplate
instanceKlass scala/collection/mutable/SeqLike
instanceKlass scala/collection/GenSetLike
instanceKlass scala/reflect/internal/tpe/GlbLubs
instanceKlass scala/reflect/internal/tpe/CommonOwners
instanceKlass scala/reflect/internal/tpe/TypeToStrings
instanceKlass scala/reflect/internal/tpe/TypeComparers
instanceKlass scala/collection/generic/TraversableFactory
instanceKlass scala/collection/generic/GenericSeqCompanion
instanceKlass scala/collection/CustomParallelizable
instanceKlass scala/reflect/api/Types
instanceKlass scala/collection/mutable/HashTable
instanceKlass scala/collection/mutable/HashTable$HashUtils
instanceKlass scala/collection/generic/GenericCompanion
instanceKlass scala/math/Ordering
instanceKlass scala/math/PartialOrdering
instanceKlass scala/math/Equiv
instanceKlass scala/reflect/internal/Symbols
instanceKlass scala/reflect/api/Symbols
instanceKlass scala/collection/mutable/Map
instanceKlass scala/collection/SeqView
instanceKlass scala/reflect/internal/Names
instanceKlass scala/reflect/api/Names
instanceKlass scala/collection/mutable/MapLike
instanceKlass scala/collection/SeqViewLike
instanceKlass scala/collection/mutable/Cloneable
instanceKlass scala/Cloneable
instanceKlass scala/collection/generic/Shrinkable
instanceKlass scala/collection/mutable/Builder
instanceKlass scala/collection/generic/Growable
instanceKlass scala/collection/generic/Clearable
instanceKlass scala/collection/Map
instanceKlass scala/tools/nsc/Parsing
instanceKlass scala/collection/IterableView
instanceKlass scala/tools/nsc/Reporting
instanceKlass scala/reflect/internal/Reporting
instanceKlass scala/collection/MapLike
instanceKlass scala/tools/nsc/ast/Positions
instanceKlass scala/reflect/internal/Positions
instanceKlass scala/collection/IterableViewLike
instanceKlass scala/reflect/api/Positions
instanceKlass scala/collection/generic/Subtractable
instanceKlass scala/tools/nsc/ast/DocComments
instanceKlass scala/collection/GenMap
instanceKlass scala/collection/GenMapLike
instanceKlass scala/tools/nsc/ast/Printers
instanceKlass scala/reflect/internal/Printers
instanceKlass scala/collection/Iterator
instanceKlass scala/reflect/api/Printers
instanceKlass scala/collection/mutable/Iterable
instanceKlass scala/collection/TraversableView
instanceKlass scala/tools/nsc/ast/Trees
instanceKlass scala/collection/TraversableViewLike
instanceKlass scala/collection/mutable/Traversable
instanceKlass scala/collection/ViewMkString
instanceKlass scala/Mutable
instanceKlass scala/reflect/internal/Trees
instanceKlass scala/reflect/api/Trees
instanceKlass scala/collection/immutable/StringOps
instanceKlass scala/collection/immutable/StringLike
instanceKlass scala/math/Ordered
instanceKlass scala/collection/IndexedSeq
instanceKlass scala/collection/IndexedSeqOptimized
instanceKlass scala/tools/nsc/PhaseAssembly
instanceKlass scala/tools/nsc/plugins/Plugins
instanceKlass scala/tools/nsc/CompilationUnits
instanceKlass scala/collection/IndexedSeqLike
instanceKlass scala/sys/package$
instanceKlass sbt/nio/Keys$WatchBuildSourceOption
instanceKlass sbt/PluginTrigger
instanceKlass scala/reflect/io/AbstractFile
instanceKlass sbt/internal/SysProp$
instanceKlass sbt/Plugins$Basic
instanceKlass sbt/Plugins
instanceKlass scala/runtime/java8/JFunction0$mcV$sp
instanceKlass java/util/concurrent/ForkJoinPool$WorkQueue
instanceKlass java/util/concurrent/ForkJoinPool$DefaultCommonPoolForkJoinWorkerThreadFactory
instanceKlass java/util/concurrent/ForkJoinPool$1
instanceKlass sbt/PluginsFunctions
instanceKlass java/util/concurrent/ForkJoinPool$DefaultForkJoinWorkerThreadFactory
instanceKlass java/util/concurrent/ForkJoinPool$ForkJoinWorkerThreadFactory
instanceKlass sbt/internal/parser/SbtParser$
instanceKlass java/util/concurrent/locks/AbstractQueuedSynchronizer$Node
instanceKlass java/util/concurrent/ForkJoinPool$ManagedBlocker
instanceKlass sbt/internal/parser/SbtParserInit
instanceKlass java/lang/invoke/VarHandle$AccessDescriptor
instanceKlass sun/invoke/util/VerifyAccess$1
instanceKlass java/util/concurrent/Executors$RunnableAdapter
instanceKlass java/util/concurrent/FutureTask$WaitNode
instanceKlass java/util/concurrent/FutureTask
instanceKlass java/util/concurrent/RunnableFuture
instanceKlass java/util/concurrent/Future
instanceKlass sbt/internal/ClassLoaderWarmup$$anon$1
instanceKlass java/util/concurrent/Executors$DefaultThreadFactory
instanceKlass java/util/concurrent/LinkedBlockingQueue$Node
instanceKlass java/util/concurrent/locks/AbstractQueuedSynchronizer$ConditionObject
instanceKlass java/util/concurrent/locks/Condition
instanceKlass java/util/concurrent/BlockingQueue
instanceKlass java/util/concurrent/ThreadPoolExecutor$AbortPolicy
instanceKlass java/util/concurrent/RejectedExecutionHandler
instanceKlass java/util/concurrent/AbstractExecutorService
instanceKlass java/util/concurrent/Executors
instanceKlass java/util/concurrent/ExecutorService
instanceKlass java/util/concurrent/Executor
instanceKlass sbt/internal/ClassLoaderWarmup$
instanceKlass sbt/internal/BootServerSocket
instanceKlass scala/runtime/LazyRef
instanceKlass sbt/Exit
instanceKlass xsbti/Exit
instanceKlass scala/runtime/LazyBoolean
instanceKlass jdk/internal/reflect/UnsafeFieldAccessorFactory
instanceKlass scala/Option
instanceKlass scala/Function0
instanceKlass scala/collection/AbstractTraversable
instanceKlass scala/Serializable
instanceKlass scala/collection/LinearSeqOptimized
instanceKlass scala/Product
instanceKlass scala/collection/immutable/LinearSeq
instanceKlass scala/collection/LinearSeq
instanceKlass scala/collection/LinearSeqLike
instanceKlass scala/collection/immutable/Seq
instanceKlass scala/collection/Seq
instanceKlass scala/collection/SeqLike
instanceKlass scala/collection/GenSeq
instanceKlass scala/collection/GenSeqLike
instanceKlass scala/PartialFunction
instanceKlass scala/Function1
instanceKlass scala/collection/immutable/Iterable
instanceKlass scala/collection/Iterable
instanceKlass scala/collection/IterableLike
instanceKlass scala/Equals
instanceKlass scala/collection/GenIterable
instanceKlass scala/collection/GenIterableLike
instanceKlass scala/collection/immutable/Traversable
instanceKlass scala/Immutable
instanceKlass scala/collection/Traversable
instanceKlass scala/collection/GenTraversable
instanceKlass scala/collection/generic/GenericTraversableTemplate
instanceKlass scala/collection/TraversableLike
instanceKlass scala/collection/GenTraversableLike
instanceKlass scala/collection/Parallelizable
instanceKlass scala/collection/TraversableOnce
instanceKlass scala/collection/GenTraversableOnce
instanceKlass scala/collection/generic/FilterMonadic
instanceKlass scala/collection/generic/HasNewBuilder
instanceKlass scala/util/control/ControlThrowable
instanceKlass scala/util/control/NoStackTrace
instanceKlass sbt/xMain$
instanceKlass sbt/testing/Framework
instanceKlass sbt/internal/XMainConfiguration$ModifiedConfiguration$ModifiedAppProvider$1$1
instanceKlass sbt/internal/XMainConfiguration$ModifiedConfiguration$ModifiedAppProvider$1
instanceKlass sbt/internal/XMainConfiguration$ModifiedConfiguration$ModifiedAppProvider
instanceKlass java/util/WeakHashMap$HashIterator
instanceKlass java/io/RandomAccessFile$1
instanceKlass sbt/internal/ClassLoaderClose
instanceKlass sbt/internal/XMainConfiguration$ModifiedConfiguration
instanceKlass java/util/LinkedHashMap$LinkedHashIterator
instanceKlass java/util/regex/Pattern$1
instanceKlass java/util/Formattable
instanceKlass java/util/Formatter$Flags
instanceKlass java/util/Formatter$FormatSpecifier
instanceKlass java/util/Formatter$Conversion
instanceKlass java/util/Formatter$FixedString
instanceKlass java/util/Formatter$FormatString
instanceKlass java/util/Formatter
instanceKlass sbt/internal/XMainConfiguration
instanceKlass java/net/URLClassLoader$2
instanceKlass sbt/internal/XMainConfiguration
instanceKlass xsbt/boot/ServerApplication$
instanceKlass xsbt/boot/JAnsi$
instanceKlass xsbt/boot/AppConfiguration
instanceKlass java/io/FileOutputStream$1
instanceKlass sbt/xMain
instanceKlass java/util/TreeMap$PrivateEntryIterator
instanceKlass java/util/NavigableSet
instanceKlass java/util/SortedSet
instanceKlass xsbt/boot/Launch$$anon$4
instanceKlass scala/util/hashing/MurmurHash3
instanceKlass scala/reflect/api/Universe
instanceKlass scala/reflect/api/Quasiquotes
instanceKlass scala/reflect/api/Liftables
instanceKlass scala/reflect/api/StandardLiftables
instanceKlass scala/reflect/api/StandardNames
instanceKlass scala/reflect/api/ImplicitTags
instanceKlass scala/reflect/api/TypeTags
instanceKlass scala/reflect/api/Exprs
instanceKlass scala/reflect/internal/Internals
instanceKlass scala/reflect/api/Internals
instanceKlass scala/reflect/internal/FreshNames
instanceKlass scala/reflect/internal/pickling/Translations
instanceKlass scala/reflect/internal/PrivateWithin
instanceKlass scala/reflect/internal/ReificationSupport
instanceKlass scala/reflect/internal/StdCreators
instanceKlass scala/reflect/internal/StdAttachments
instanceKlass scala/reflect/internal/CapturedVariables
instanceKlass scala/reflect/internal/Importers
instanceKlass scala/reflect/internal/TypeDebugging
instanceKlass scala/reflect/internal/AnnotationCheckers
instanceKlass scala/reflect/internal/AnnotationInfos
instanceKlass scala/reflect/api/Annotations
instanceKlass scala/reflect/internal/StdNames
instanceKlass scala/reflect/internal/transform/Transforms
instanceKlass scala/reflect/internal/InfoTransformers
instanceKlass scala/reflect/internal/BaseTypeSeqs
instanceKlass scala/reflect/internal/Constants
instanceKlass scala/reflect/api/Constants
instanceKlass scala/reflect/internal/Definitions
instanceKlass scala/reflect/api/StandardDefinitions
instanceKlass scala/reflect/internal/Mirrors
instanceKlass scala/reflect/api/Mirrors
instanceKlass scala/reflect/internal/Scopes
instanceKlass scala/reflect/api/Scopes
instanceKlass scala/reflect/internal/FlagSets
instanceKlass scala/reflect/api/FlagSets
instanceKlass scala/reflect/internal/ExistentialsAndSkolems
instanceKlass scala/reflect/internal/Kinds
instanceKlass scala/reflect/internal/Variances
instanceKlass scala/reflect/internal/Types
instanceKlass scala/reflect/internal/util/Collections
instanceKlass scala/reflect/internal/tpe/FindMembers
instanceKlass scala/reflect/internal/tpe/TypeConstraints
instanceKlass scala/reflect/internal/tpe/TypeMaps
instanceKlass scala/reflect/internal/tpe/GlbLubs
instanceKlass scala/reflect/internal/tpe/CommonOwners
instanceKlass scala/reflect/internal/tpe/TypeToStrings
instanceKlass scala/reflect/internal/tpe/TypeComparers
instanceKlass scala/reflect/api/Types
instanceKlass scala/reflect/internal/Symbols
instanceKlass scala/reflect/api/Symbols
instanceKlass scala/reflect/internal/Names
instanceKlass scala/reflect/api/Names
instanceKlass scala/tools/nsc/Parsing
instanceKlass scala/tools/nsc/Reporting
instanceKlass scala/reflect/internal/Reporting
instanceKlass scala/tools/nsc/ast/Positions
instanceKlass scala/reflect/internal/Positions
instanceKlass scala/reflect/api/Positions
instanceKlass scala/tools/nsc/ast/DocComments
instanceKlass scala/tools/nsc/ast/Printers
instanceKlass scala/reflect/internal/Printers
instanceKlass scala/reflect/api/Printers
instanceKlass scala/tools/nsc/ast/Trees
instanceKlass scala/reflect/internal/Trees
instanceKlass scala/reflect/api/Trees
instanceKlass scala/tools/nsc/PhaseAssembly
instanceKlass scala/tools/nsc/plugins/Plugins
instanceKlass scala/tools/nsc/CompilationUnits
instanceKlass sun/security/util/ManifestEntryVerifier
instanceKlass java/util/StringTokenizer
instanceKlass java/security/CodeSigner
instanceKlass java/util/jar/JarVerifier
instanceKlass scala/Option
instanceKlass scala/Serializable
instanceKlass scala/Product
instanceKlass scala/Equals
instanceKlass java/io/FilePermissionCollection$1
instanceKlass java/security/Security$2
instanceKlass jdk/internal/access/JavaSecurityPropertiesAccess
instanceKlass java/util/concurrent/ConcurrentHashMap$MapEntry
instanceKlass java/security/Security$1
instanceKlass java/security/Security
instanceKlass sun/security/util/SecurityProperties
instanceKlass sun/security/util/FilePermCompat
instanceKlass java/io/FilePermission$1
instanceKlass jdk/internal/access/JavaIOFilePermissionAccess
instanceKlass java/net/URLClassLoader$1
instanceKlass xsbt/boot/Launch$$anon$5$LoaderInit$
instanceKlass xsbti/LibraryClassLoader
instanceKlass xsbt/boot/Launch$$anon$5
instanceKlass xsbti/ExtendedScalaProvider
instanceKlass xsbt/boot/Launch$$anon$2
instanceKlass scala/collection/ClassTagIterableFactory$AnyIterableDelegate
instanceKlass scala/collection/mutable/ArraySeq$
instanceKlass scala/collection/StrictOptimizedClassTagSeqFactory
instanceKlass scala/collection/ClassTagSeqFactory
instanceKlass scala/collection/ClassTagIterableFactory
instanceKlass xsbt/boot/Pre$JarFilter$
instanceKlass scala/math/package$
instanceKlass scala/collection/mutable/ArrayBuffer$
instanceKlass xsbt/boot/ComponentProvider
instanceKlass xsbti/ComponentProvider
instanceKlass xsbt/boot/UpdateScala
instanceKlass scala/collection/mutable/ArrayBuilder$
instanceKlass xsbt/boot/RetrievedModule
instanceKlass xsbt/boot/Launch$$anon$3
instanceKlass xsbt/boot/ModuleDefinition
instanceKlass xsbt/boot/Application$
instanceKlass xsbt/boot/UpdateApp
instanceKlass xsbt/boot/UpdateConfiguration
instanceKlass sun/nio/ch/FileKey
instanceKlass sun/nio/ch/FileLockTable
instanceKlass sun/nio/ch/NativeThread
instanceKlass java/nio/channels/FileLock
instanceKlass sun/nio/ch/NativeDispatcher
instanceKlass sun/nio/ch/NativeThreadSet
instanceKlass sun/nio/ch/IOUtil
instanceKlass java/nio/file/attribute/FileAttribute
instanceKlass java/nio/channels/spi/AbstractInterruptibleChannel
instanceKlass java/nio/channels/InterruptibleChannel
instanceKlass java/nio/channels/ScatteringByteChannel
instanceKlass java/nio/channels/GatheringByteChannel
instanceKlass java/nio/channels/SeekableByteChannel
instanceKlass java/nio/channels/ByteChannel
instanceKlass java/nio/channels/WritableByteChannel
instanceKlass java/nio/channels/ReadableByteChannel
instanceKlass java/nio/channels/Channel
instanceKlass xsbt/boot/Locks$GlobalLock
instanceKlass xsbt/boot/Locks$
instanceKlass xsbt/boot/Launch$$anon$1
instanceKlass xsbt/boot/AppID
instanceKlass xsbti/MainResult
instanceKlass xsbt/boot/RunConfiguration
instanceKlass xsbt/boot/Cache
instanceKlass java/lang/invoke/VarForm
instanceKlass java/lang/invoke/VarHandles
instanceKlass java/util/concurrent/atomic/AtomicReference
instanceKlass scala/runtime/java8/JFunction0$mcZ$sp
instanceKlass scala/collection/MapView
instanceKlass scala/collection/mutable/Map
instanceKlass scala/collection/mutable/MapOps
instanceKlass scala/collection/convert/AsScalaExtensions
instanceKlass scala/sys/package$
instanceKlass scala/collection/immutable/Stream$cons$
instanceKlass xsbt/boot/Loaders$
instanceKlass xsbti/ScalaProvider
instanceKlass xsbt/boot/UpdateTarget
instanceKlass java/util/concurrent/Callable
instanceKlass xsbti/GlobalLock
instanceKlass xsbti/AppProvider
instanceKlass xsbt/boot/Launch
instanceKlass xsbti/Launcher
instanceKlass xsbt/boot/Launcher$
instanceKlass xsbt/boot/ResolveValues
instanceKlass xsbt/boot/ResolveValues$
instanceKlass xsbt/boot/ResolvePaths$
instanceKlass scala/runtime/LazyRef
instanceKlass xsbt/boot/Find
instanceKlass xsbt/boot/IvyOptions
instanceKlass xsbt/boot/Classifiers
instanceKlass xsbt/boot/ServerConfiguration
instanceKlass scala/Tuple4
instanceKlass scala/Product4
instanceKlass xsbt/boot/AppProperty
instanceKlass xsbt/boot/Logging
instanceKlass xsbt/boot/Search
instanceKlass xsbt/boot/BootSetup
instanceKlass xsbt/boot/Repository$Ivy
instanceKlass xsbti/IvyRepository
instanceKlass xsbt/boot/Repository$Maven
instanceKlass xsbti/MavenRepository
instanceKlass scala/Tuple5
instanceKlass scala/Product5
instanceKlass jdk/internal/loader/URLClassPath$1
instanceKlass java/lang/CompoundEnumeration
instanceKlass jdk/internal/loader/BuiltinClassLoader$1
instanceKlass java/util/Collections$EmptyEnumeration
instanceKlass java/util/Collections$EmptyIterator
instanceKlass java/util/ServiceLoader$3
instanceKlass java/util/ServiceLoader$2
instanceKlass java/util/ServiceLoader$LazyClassPathLookupIterator
instanceKlass java/util/Spliterators$1Adapter
instanceKlass java/util/function/Consumer
instanceKlass sun/reflect/annotation/AnnotationParser
instanceKlass java/lang/Class$3
instanceKlass java/util/EnumMap$1
instanceKlass java/util/stream/StreamOpFlag$MaskBuilder
instanceKlass java/util/stream/Stream
instanceKlass java/util/stream/BaseStream
instanceKlass java/util/stream/PipelineHelper
instanceKlass java/util/stream/StreamSupport
instanceKlass java/util/Spliterators$ArraySpliterator
instanceKlass java/util/Spliterator$OfDouble
instanceKlass java/util/Spliterator$OfLong
instanceKlass java/util/Spliterator$OfInt
instanceKlass java/util/Spliterator$OfPrimitive
instanceKlass java/util/Spliterator
instanceKlass java/util/Spliterators$EmptySpliterator
instanceKlass java/util/Spliterators
instanceKlass java/util/ServiceLoader$ModuleServicesLookupIterator
instanceKlass java/util/ServiceLoader
instanceKlass java/net/spi/URLStreamHandlerProvider
instanceKlass java/net/URL$1
instanceKlass java/net/URL$2
instanceKlass xsbt/boot/Repository$Predefined
instanceKlass xsbti/PredefinedRepository
instanceKlass xsbt/boot/Repository$Predefined$
instanceKlass java/lang/StrictMath
instanceKlass scala/collection/immutable/Node$
instanceKlass scala/collection/Hashing$
instanceKlass scala/collection/immutable/Node
instanceKlass scala/collection/immutable/HashSetBuilder
instanceKlass scala/collection/immutable/SetBuilderImpl
instanceKlass scala/collection/MapOps$GenKeySet
instanceKlass scala/collection/immutable/StrictOptimizedSetOps
instanceKlass scala/collection/StrictOptimizedSetOps
instanceKlass scala/collection/EvidenceIterableFactory
instanceKlass xsbt/boot/LaunchCrossVersion$
instanceKlass xsbt/boot/Application
instanceKlass scala/util/matching/Regex
instanceKlass scala/collection/StringOps$
instanceKlass xsbt/boot/CrossVersionUtil$
instanceKlass scala/reflect/ClassTag$GenericClassTag
instanceKlass java/lang/ClassValue$Version
instanceKlass java/lang/ClassValue$Identity
instanceKlass java/lang/ClassValue
instanceKlass scala/runtime/ClassValueCompat$
instanceKlass scala/runtime/ClassValueCompat
instanceKlass scala/runtime/ClassValueCompat$ClassValueInterface
instanceKlass scala/reflect/ClassTag$
instanceKlass xsbt/boot/Value$
instanceKlass xsbt/boot/BootConfiguration$
instanceKlass xsbt/boot/Implicit
instanceKlass xsbt/boot/Explicit
instanceKlass scala/Function3
instanceKlass java/util/regex/Pattern$BitClass
instanceKlass xsbt/boot/ConfigurationParser$
instanceKlass scala/$less$colon$less
instanceKlass scala/$less$colon$less$
instanceKlass xsbt/boot/Comment$
instanceKlass scala/Function2
instanceKlass xsbt/boot/ListMap
instanceKlass xsbt/boot/ListMap$
instanceKlass java/lang/invoke/MethodHandle$1
instanceKlass xsbt/boot/Labeled
instanceKlass scala/collection/ArrayOps$
instanceKlass scala/Array$UnapplySeqWrapper
instanceKlass scala/Array$UnapplySeqWrapper$
instanceKlass scala/Array$
instanceKlass xsbt/boot/Section
instanceKlass xsbt/boot/Line
instanceKlass xsbt/boot/ParseLine$
instanceKlass xsbt/boot/LaunchConfiguration
instanceKlass xsbt/boot/PropertyInit
instanceKlass xsbt/boot/Repository$Repository
instanceKlass xsbti/Repository
instanceKlass xsbt/boot/Value
instanceKlass xsbt/boot/ConfigurationParser
instanceKlass sun/net/www/MessageHeader
instanceKlass sun/net/www/protocol/jar/JarFileFactory
instanceKlass sun/net/www/protocol/jar/URLJarFile$URLJarFileCloseController
instanceKlass java/net/URLConnection
instanceKlass java/io/Reader
instanceKlass xsbt/boot/Find$
instanceKlass xsbt/boot/Enumeration$Value
instanceKlass xsbt/boot/Enumeration
instanceKlass scala/Tuple3
instanceKlass scala/Product3
instanceKlass jdk/internal/jimage/ImageLocation
instanceKlass jdk/internal/jimage/decompressor/Decompressor
instanceKlass jdk/internal/jimage/ImageStringsReader
instanceKlass jdk/internal/jimage/ImageStrings
instanceKlass jdk/internal/jimage/ImageHeader
instanceKlass jdk/internal/jimage/NativeImageBuffer$1
instanceKlass jdk/internal/jimage/NativeImageBuffer
instanceKlass jdk/internal/jimage/BasicImageReader$1
instanceKlass jdk/internal/jimage/BasicImageReader
instanceKlass jdk/internal/jimage/ImageReader
instanceKlass jdk/internal/jimage/ImageReaderFactory$1
instanceKlass java/net/URI$Parser
instanceKlass java/nio/file/FileSystems$DefaultFileSystemHolder$1
instanceKlass java/nio/file/FileSystems$DefaultFileSystemHolder
instanceKlass java/nio/file/FileSystems
instanceKlass java/nio/file/Paths
instanceKlass jdk/internal/jimage/ImageReaderFactory
instanceKlass jdk/internal/module/SystemModuleFinders$SystemImage
instanceKlass jdk/internal/module/SystemModuleFinders$SystemModuleReader
instanceKlass java/lang/module/ModuleReader
instanceKlass jdk/internal/loader/BuiltinClassLoader$5
instanceKlass jdk/internal/loader/BuiltinClassLoader$2
instanceKlass jdk/internal/module/Resources
instanceKlass scala/runtime/BoxesRunTime
instanceKlass java/util/regex/ASCII
instanceKlass java/util/regex/IntHashSet
instanceKlass java/util/regex/Matcher
instanceKlass java/util/regex/MatchResult
instanceKlass java/util/regex/Pattern$TreeInfo
instanceKlass java/util/regex/Pattern$BmpCharPredicate
instanceKlass java/util/regex/Pattern$CharPredicate
instanceKlass java/util/regex/CharPredicates
instanceKlass java/util/regex/Pattern$Node
instanceKlass java/util/regex/Pattern
instanceKlass scala/Option$
instanceKlass java/io/FileInputStream$1
instanceKlass java/util/Properties$LineReader
instanceKlass xsbt/boot/Using$
instanceKlass java/io/FileFilter
instanceKlass xsbt/boot/Pre$
instanceKlass xsbt/boot/Configuration$
instanceKlass xsbti/AppMain
instanceKlass xsbti/ServerMain
instanceKlass xsbti/AppConfiguration
instanceKlass xsbti/ApplicationID
instanceKlass xsbt/boot/Launch$
instanceKlass scala/runtime/BoxedUnit
instanceKlass java/util/TreeMap$Entry
instanceKlass java/lang/ProcessEnvironment$CheckedEntry
instanceKlass java/lang/ProcessEnvironment$CheckedEntrySet$1
instanceKlass java/util/NavigableMap
instanceKlass java/util/SortedMap
instanceKlass java/lang/ProcessEnvironment$EntryComparator
instanceKlass java/lang/ProcessEnvironment$NameComparator
instanceKlass xsbt/boot/ProxyProperties
instanceKlass xsbt/boot/ProxyProperties$
instanceKlass xsbt/boot/CheckProxy$
instanceKlass xsbt/boot/LauncherArguments
instanceKlass scala/collection/EvidenceIterableFactoryDefaults
instanceKlass scala/runtime/ScalaRunTime$
instanceKlass java/lang/invoke/VarHandleGuards
instanceKlass jdk/internal/util/Preconditions$1
instanceKlass java/util/function/BiFunction
instanceKlass java/lang/invoke/VarHandle$1
instanceKlass scala/runtime/Statics$VM
instanceKlass scala/runtime/Statics
instanceKlass scala/collection/mutable/Buffer
instanceKlass scala/collection/mutable/Shrinkable
instanceKlass scala/collection/mutable/IndexedSeq
instanceKlass scala/collection/mutable/Seq
instanceKlass scala/collection/mutable/Iterable
instanceKlass scala/collection/mutable/IndexedSeqOps
instanceKlass scala/collection/mutable/SeqOps
instanceKlass scala/collection/mutable/Cloneable
instanceKlass scala/reflect/NoManifest$
instanceKlass scala/util/Either
instanceKlass scala/reflect/ManifestFactory$ClassTypeManifest
instanceKlass scala/runtime/Null$
instanceKlass scala/reflect/AnyValManifest
instanceKlass scala/reflect/Manifest
instanceKlass scala/reflect/ClassTag
instanceKlass scala/reflect/ClassManifestDeprecatedApis
instanceKlass scala/reflect/OptManifest
instanceKlass scala/reflect/ManifestFactory$
instanceKlass scala/reflect/Manifest$
instanceKlass scala/Tuple2$
instanceKlass scala/collection/immutable/Set
instanceKlass scala/collection/immutable/SetOps
instanceKlass scala/collection/Set
instanceKlass scala/collection/SetOps
instanceKlass scala/collection/immutable/Set$
instanceKlass scala/collection/immutable/Map$
instanceKlass scala/collection/MapFactory
instanceKlass scala/util/Right$
instanceKlass scala/util/Left$
instanceKlass scala/util/Either$
instanceKlass scala/math/Ordering
instanceKlass scala/math/PartialOrdering
instanceKlass scala/math/Equiv
instanceKlass scala/math/Ordering$
instanceKlass scala/math/LowPriorityOrderingImplicits
instanceKlass scala/math/Ordered$
instanceKlass scala/math/Numeric$
instanceKlass scala/math/Integral$
instanceKlass scala/math/Fractional$
instanceKlass scala/math/Equiv$
instanceKlass scala/math/ScalaNumericConversions
instanceKlass scala/math/ScalaNumericAnyConversions
instanceKlass scala/math/Ordered
instanceKlass scala/math/BigInt$
instanceKlass java/math/MathContext
instanceKlass scala/math/BigDecimal$
instanceKlass scala/collection/immutable/Range$
instanceKlass scala/collection/mutable/StringBuilder$
instanceKlass java/lang/invoke/LambdaFormBuffer
instanceKlass java/lang/invoke/LambdaFormEditor$TransformKey
instanceKlass java/lang/invoke/LambdaFormEditor
instanceKlass sun/invoke/util/Wrapper$1
instanceKlass java/lang/invoke/DirectMethodHandle$2
instanceKlass java/lang/invoke/ClassSpecializer$Factory
instanceKlass java/lang/invoke/ClassSpecializer$SpeciesData
instanceKlass java/lang/invoke/ClassSpecializer$1
instanceKlass java/lang/invoke/ClassSpecializer
instanceKlass java/lang/invoke/InnerClassLambdaMetafactory$1
instanceKlass jdk/internal/org/objectweb/asm/ClassReader
instanceKlass java/lang/invoke/LambdaProxyClassArchive
instanceKlass java/lang/invoke/InfoFromMemberName
instanceKlass java/lang/invoke/MethodHandleInfo
instanceKlass jdk/internal/org/objectweb/asm/ConstantDynamic
instanceKlass jdk/internal/org/objectweb/asm/Handle
instanceKlass sun/security/action/GetBooleanAction
instanceKlass java/lang/invoke/AbstractValidatingLambdaMetafactory
instanceKlass java/lang/invoke/BootstrapMethodInvoker
instanceKlass java/lang/invoke/MethodHandles$Lookup$ClassDefiner
instanceKlass java/lang/invoke/MethodHandles$Lookup$ClassFile
instanceKlass jdk/internal/org/objectweb/asm/Handler
instanceKlass jdk/internal/org/objectweb/asm/Attribute
instanceKlass jdk/internal/org/objectweb/asm/FieldVisitor
instanceKlass java/util/ArrayList$Itr
instanceKlass sun/invoke/empty/Empty
instanceKlass sun/invoke/util/VerifyType
instanceKlass java/lang/invoke/InvokerBytecodeGenerator$ClassData
instanceKlass jdk/internal/org/objectweb/asm/AnnotationVisitor
instanceKlass jdk/internal/org/objectweb/asm/Frame
instanceKlass jdk/internal/org/objectweb/asm/Label
instanceKlass jdk/internal/org/objectweb/asm/Type
instanceKlass jdk/internal/org/objectweb/asm/MethodVisitor
instanceKlass sun/invoke/util/BytecodeDescriptor
instanceKlass jdk/internal/org/objectweb/asm/ByteVector
instanceKlass jdk/internal/org/objectweb/asm/Symbol
instanceKlass jdk/internal/org/objectweb/asm/SymbolTable
instanceKlass jdk/internal/org/objectweb/asm/ClassVisitor
instanceKlass scala/collection/immutable/LazyList$State$Empty$
instanceKlass scala/Function0
instanceKlass java/lang/invoke/Invokers$Holder
instanceKlass java/lang/invoke/DelegatingMethodHandle$Holder
instanceKlass java/lang/invoke/MethodHandleImpl$1
instanceKlass jdk/internal/access/JavaLangInvokeAccess
instanceKlass java/lang/invoke/InvokerBytecodeGenerator$2
instanceKlass java/lang/invoke/InvokerBytecodeGenerator
instanceKlass java/lang/invoke/LambdaForm$Holder
instanceKlass java/lang/invoke/LambdaForm$Name
instanceKlass java/lang/invoke/Invokers
instanceKlass java/lang/invoke/MethodHandleImpl
instanceKlass sun/invoke/util/ValueConversions
instanceKlass java/lang/invoke/DirectMethodHandle$Holder
instanceKlass java/lang/invoke/LambdaForm$NamedFunction
instanceKlass sun/invoke/util/Wrapper$Format
instanceKlass java/lang/invoke/MethodTypeForm
instanceKlass java/lang/invoke/MethodType$ConcurrentWeakInternSet
instanceKlass java/lang/invoke/LambdaMetafactory
instanceKlass scala/collection/immutable/LazyList$State
instanceKlass scala/collection/immutable/LazyList$
instanceKlass scala/collection/immutable/Stream$
instanceKlass scala/collection/package$$colon$plus$
instanceKlass scala/collection/package$$plus$colon$
instanceKlass scala/collection/immutable/$colon$colon$
instanceKlass scala/collection/Iterator$
instanceKlass scala/collection/immutable/VectorStatics$
instanceKlass scala/collection/IndexedSeqView
instanceKlass scala/collection/AbstractIterator
instanceKlass scala/collection/immutable/IndexedSeq
instanceKlass scala/collection/immutable/IndexedSeqOps
instanceKlass scala/collection/IndexedSeq
instanceKlass scala/collection/IndexedSeqOps
instanceKlass scala/collection/immutable/Vector$
instanceKlass scala/collection/SeqFactory$Delegate
instanceKlass scala/collection/immutable/List$$anon$1
instanceKlass scala/collection/SeqView
instanceKlass scala/collection/View
instanceKlass scala/collection/immutable/Map
instanceKlass scala/collection/immutable/MapOps
instanceKlass scala/collection/Map
instanceKlass scala/collection/MapFactoryDefaults
instanceKlass scala/collection/MapOps
instanceKlass scala/collection/WithFilter
instanceKlass scala/collection/mutable/ArrayBuilder
instanceKlass scala/collection/mutable/ReusableBuilder
instanceKlass scala/collection/Factory
instanceKlass scala/collection/Iterator
instanceKlass scala/Tuple2
instanceKlass scala/Product2
instanceKlass scala/collection/mutable/Builder
instanceKlass scala/collection/mutable/Growable
instanceKlass scala/collection/mutable/Clearable
instanceKlass scala/collection/immutable/List$
instanceKlass scala/collection/StrictOptimizedSeqFactory
instanceKlass scala/collection/SeqFactory
instanceKlass scala/collection/IterableFactory$Delegate
instanceKlass scala/collection/IterableFactory
instanceKlass scala/package$$anon$1
instanceKlass scala/Specializable
instanceKlass scala/package$
instanceKlass scala/LowPriorityImplicits2
instanceKlass scala/collection/AbstractIterable
instanceKlass scala/collection/immutable/StrictOptimizedSeqOps
instanceKlass scala/collection/immutable/LinearSeq
instanceKlass scala/collection/immutable/Seq
instanceKlass scala/collection/immutable/Iterable
instanceKlass scala/collection/immutable/LinearSeqOps
instanceKlass scala/collection/immutable/SeqOps
instanceKlass scala/collection/LinearSeq
instanceKlass scala/collection/Seq
instanceKlass scala/collection/Iterable
instanceKlass scala/collection/IterableFactoryDefaults
instanceKlass scala/PartialFunction
instanceKlass scala/collection/generic/DefaultSerializable
instanceKlass scala/collection/StrictOptimizedLinearSeqOps
instanceKlass scala/collection/StrictOptimizedSeqOps
instanceKlass scala/collection/StrictOptimizedIterableOps
instanceKlass scala/collection/LinearSeqOps
instanceKlass scala/collection/SeqOps
instanceKlass scala/collection/IterableOps
instanceKlass scala/collection/IterableOnceOps
instanceKlass scala/Function1
instanceKlass scala/Option
instanceKlass scala/collection/IterableOnce
instanceKlass scala/Product
instanceKlass xsbt/boot/Boot$
instanceKlass java/lang/Void
instanceKlass java/lang/PublicMethods$Key
instanceKlass java/lang/PublicMethods$MethodList
instanceKlass xsbt/boot/Boot
instanceKlass java/security/SecureClassLoader$DebugHolder
instanceKlass java/security/PermissionCollection
instanceKlass java/security/SecureClassLoader$1
instanceKlass java/security/SecureClassLoader$CodeSourceKey
instanceKlass java/util/zip/Checksum$1
instanceKlass java/util/zip/CRC32
instanceKlass java/util/zip/Checksum
instanceKlass sun/nio/ByteBuffered
instanceKlass java/lang/Package$VersionInfo
instanceKlass java/lang/NamedPackage
instanceKlass java/util/jar/Attributes$Name
instanceKlass java/util/jar/Attributes
instanceKlass jdk/internal/loader/Resource
instanceKlass sun/security/action/GetIntegerAction
instanceKlass sun/security/util/Debug
instanceKlass sun/security/util/SignatureFileVerifier
instanceKlass java/util/zip/ZipFile$InflaterCleanupAction
instanceKlass java/util/zip/Inflater$InflaterZStreamRef
instanceKlass java/util/zip/Inflater
instanceKlass java/util/zip/ZipEntry
instanceKlass jdk/internal/util/jar/JarIndex
instanceKlass java/nio/Bits$1
instanceKlass jdk/internal/misc/VM$BufferPool
instanceKlass java/nio/Bits
instanceKlass sun/nio/ch/DirectBuffer
instanceKlass jdk/internal/perf/PerfCounter$CoreCounters
instanceKlass jdk/internal/perf/Perf
instanceKlass jdk/internal/perf/Perf$GetPerfAction
instanceKlass jdk/internal/perf/PerfCounter
instanceKlass java/nio/file/attribute/FileTime
instanceKlass java/util/zip/ZipUtils
instanceKlass java/util/zip/ZipFile$Source$End
instanceKlass java/io/RandomAccessFile$2
instanceKlass jdk/internal/access/JavaIORandomAccessFileAccess
instanceKlass java/io/RandomAccessFile
instanceKlass java/io/DataInput
instanceKlass java/io/DataOutput
instanceKlass sun/nio/fs/WindowsNativeDispatcher$CompletionStatus
instanceKlass sun/nio/fs/WindowsNativeDispatcher$AclInformation
instanceKlass sun/nio/fs/WindowsNativeDispatcher$Account
instanceKlass sun/nio/fs/WindowsNativeDispatcher$DiskFreeSpace
instanceKlass sun/nio/fs/WindowsNativeDispatcher$VolumeInformation
instanceKlass sun/nio/fs/WindowsNativeDispatcher$FirstStream
instanceKlass sun/nio/fs/WindowsNativeDispatcher$FirstFile
instanceKlass java/util/Enumeration
instanceKlass java/util/concurrent/ConcurrentHashMap$Traverser
instanceKlass java/util/concurrent/ConcurrentHashMap$CollectionView
instanceKlass jdk/internal/loader/NativeLibraries$NativeLibraryImpl
instanceKlass jdk/internal/loader/NativeLibrary
instanceKlass java/util/ArrayDeque$DeqIterator
instanceKlass jdk/internal/loader/NativeLibraries$1
instanceKlass jdk/internal/loader/NativeLibraries$LibraryPaths
instanceKlass sun/nio/fs/WindowsNativeDispatcher
instanceKlass sun/nio/fs/NativeBuffer$Deallocator
instanceKlass sun/nio/fs/NativeBuffer
instanceKlass java/lang/ThreadLocal$ThreadLocalMap
instanceKlass sun/nio/fs/NativeBuffers
instanceKlass sun/nio/fs/WindowsFileAttributes
instanceKlass java/nio/file/attribute/DosFileAttributes
instanceKlass sun/nio/fs/AbstractBasicFileAttributeView
instanceKlass sun/nio/fs/DynamicFileAttributeView
instanceKlass sun/nio/fs/WindowsFileAttributeViews
instanceKlass sun/nio/fs/Util
instanceKlass java/nio/file/attribute/BasicFileAttributeView
instanceKlass java/nio/file/attribute/FileAttributeView
instanceKlass java/nio/file/attribute/AttributeView
instanceKlass java/nio/file/Files
instanceKlass java/nio/file/CopyOption
instanceKlass java/nio/file/attribute/BasicFileAttributes
instanceKlass sun/nio/fs/WindowsPath
instanceKlass java/nio/file/Path
instanceKlass java/nio/file/Watchable
instanceKlass java/util/zip/ZipFile$Source$Key
instanceKlass sun/nio/fs/WindowsPathParser$Result
instanceKlass sun/nio/fs/WindowsPathParser
instanceKlass java/util/Collections$UnmodifiableCollection
instanceKlass java/util/Arrays$ArrayItr
instanceKlass java/nio/file/FileSystem
instanceKlass java/nio/file/OpenOption
instanceKlass java/nio/file/spi/FileSystemProvider
instanceKlass sun/nio/fs/DefaultFileSystemProvider
instanceKlass java/util/zip/ZipFile$Source
instanceKlass java/lang/ref/Cleaner$Cleanable
instanceKlass jdk/internal/ref/CleanerImpl
instanceKlass java/lang/ref/Cleaner$1
instanceKlass java/lang/ref/Cleaner
instanceKlass jdk/internal/ref/CleanerFactory$1
instanceKlass java/util/concurrent/ThreadFactory
instanceKlass jdk/internal/ref/CleanerFactory
instanceKlass java/util/zip/ZipCoder
instanceKlass java/util/zip/ZipFile$CleanableResource
instanceKlass java/lang/Runtime$Version
instanceKlass java/util/jar/JavaUtilJarAccessImpl
instanceKlass jdk/internal/access/JavaUtilJarAccess
instanceKlass java/nio/charset/CoderResult
instanceKlass java/lang/Readable
instanceKlass jdk/internal/loader/FileURLMapper
instanceKlass jdk/internal/loader/URLClassPath$JarLoader$1
instanceKlass java/util/zip/ZipFile$1
instanceKlass jdk/internal/access/JavaUtilZipFileAccess
instanceKlass java/util/zip/ZipFile
instanceKlass java/util/zip/ZipConstants
instanceKlass jdk/internal/loader/URLClassPath$Loader
instanceKlass jdk/internal/loader/URLClassPath$3
instanceKlass java/security/PrivilegedExceptionAction
instanceKlass sun/net/util/URLUtil
instanceKlass java/lang/StringCoding
instanceKlass sun/nio/cs/MS1252$Holder
instanceKlass sun/nio/cs/ArrayDecoder
instanceKlass java/nio/charset/CharsetDecoder
instanceKlass sun/launcher/LauncherHelper
instanceKlass jdk/internal/vm/PostVMInitHook$1
instanceKlass jdk/internal/util/EnvUtils
instanceKlass jdk/internal/vm/PostVMInitHook$2
instanceKlass sun/util/locale/LocaleUtils
instanceKlass sun/util/locale/BaseLocale
instanceKlass java/util/Locale
instanceKlass jdk/internal/vm/PostVMInitHook
instanceKlass java/lang/reflect/Array
instanceKlass java/lang/invoke/StringConcatFactory$3
instanceKlass java/lang/invoke/StringConcatFactory$2
instanceKlass java/lang/invoke/StringConcatFactory$1
instanceKlass java/lang/invoke/StringConcatFactory
instanceKlass java/lang/ModuleLayer$Controller
instanceKlass java/util/concurrent/CopyOnWriteArrayList
instanceKlass jdk/internal/module/ServicesCatalog$ServiceProvider
instanceKlass jdk/internal/loader/AbstractClassLoaderValue$Memoizer
instanceKlass java/util/ImmutableCollections$ListItr
instanceKlass java/util/ListIterator
instanceKlass java/lang/ModuleLayer
instanceKlass jdk/internal/module/ModuleLoaderMap$Modules
instanceKlass jdk/internal/module/ModuleLoaderMap$Mapper
instanceKlass java/util/function/Function
instanceKlass jdk/internal/module/ModuleLoaderMap
instanceKlass java/util/ImmutableCollections$Set12$1
instanceKlass java/util/AbstractMap$1$1
instanceKlass java/lang/module/ResolvedModule
instanceKlass java/lang/module/Configuration
instanceKlass java/util/ImmutableCollections$SetN$SetNIterator
instanceKlass jdk/internal/loader/BuiltinClassLoader$LoadedModule
instanceKlass jdk/internal/loader/AbstractClassLoaderValue
instanceKlass jdk/internal/module/ServicesCatalog
instanceKlass jdk/internal/util/Preconditions
instanceKlass sun/net/util/IPAddressUtil
instanceKlass java/net/URLStreamHandler
instanceKlass java/util/HexFormat
instanceKlass sun/net/www/ParseUtil
instanceKlass java/net/URL$3
instanceKlass jdk/internal/access/JavaNetURLAccess
instanceKlass java/net/URL$DefaultFactory
instanceKlass java/net/URLStreamHandlerFactory
instanceKlass jdk/internal/loader/URLClassPath
instanceKlass java/security/Principal
instanceKlass java/security/ProtectionDomain$Key
instanceKlass java/security/ProtectionDomain$JavaSecurityAccessImpl
instanceKlass jdk/internal/access/JavaSecurityAccess
instanceKlass java/lang/ClassLoader$ParallelLoaders
instanceKlass java/security/cert/Certificate
instanceKlass jdk/internal/loader/ArchivedClassLoaders
instanceKlass java/util/Deque
instanceKlass java/util/Queue
instanceKlass jdk/internal/loader/ClassLoaderHelper
instanceKlass jdk/internal/loader/NativeLibraries
instanceKlass jdk/internal/loader/BootLoader
instanceKlass java/util/Optional
instanceKlass jdk/internal/module/SystemModuleFinders$SystemModuleFinder
instanceKlass java/lang/module/ModuleFinder
instanceKlass jdk/internal/module/SystemModuleFinders$3
instanceKlass jdk/internal/module/ModuleHashes$HashSupplier
instanceKlass jdk/internal/module/SystemModuleFinders$2
instanceKlass java/util/function/Supplier
instanceKlass java/lang/module/ModuleReference
instanceKlass jdk/internal/module/ModuleResolution
instanceKlass java/util/Collections$UnmodifiableMap
instanceKlass jdk/internal/module/ModuleHashes$Builder
instanceKlass jdk/internal/module/ModuleHashes
instanceKlass jdk/internal/module/ModuleTarget
instanceKlass java/lang/Enum
instanceKlass java/lang/module/ModuleDescriptor$Version
instanceKlass java/lang/module/ModuleDescriptor$Provides
instanceKlass java/lang/module/ModuleDescriptor$Opens
instanceKlass java/lang/module/ModuleDescriptor$Exports
instanceKlass java/lang/module/ModuleDescriptor$Requires
instanceKlass jdk/internal/module/Builder
instanceKlass jdk/internal/module/SystemModules$default
instanceKlass jdk/internal/module/SystemModules
instanceKlass jdk/internal/module/SystemModulesMap
instanceKlass java/net/URI$1
instanceKlass jdk/internal/access/JavaNetUriAccess
instanceKlass java/net/URI
instanceKlass jdk/internal/module/SystemModuleFinders
instanceKlass jdk/internal/module/ArchivedModuleGraph
instanceKlass jdk/internal/module/ArchivedBootLayer
instanceKlass jdk/internal/module/ModuleBootstrap$Counters
instanceKlass jdk/internal/module/ModulePatcher
instanceKlass java/io/FileSystem
instanceKlass java/io/DefaultFileSystem
instanceKlass java/io/File
instanceKlass java/lang/module/ModuleDescriptor$1
instanceKlass jdk/internal/access/JavaLangModuleAccess
instanceKlass sun/invoke/util/VerifyAccess
instanceKlass java/lang/module/ModuleDescriptor
instanceKlass jdk/internal/module/ModuleBootstrap
instanceKlass sun/security/action/GetPropertyAction
instanceKlass java/lang/invoke/MethodHandleStatics
instanceKlass java/util/Collections
instanceKlass sun/io/Win32ErrorMode
instanceKlass jdk/internal/misc/OSEnvironment
instanceKlass jdk/internal/misc/Signal$NativeHandler
instanceKlass java/util/Hashtable$Entry
instanceKlass jdk/internal/misc/Signal
instanceKlass java/lang/Terminator$1
instanceKlass jdk/internal/misc/Signal$Handler
instanceKlass java/lang/Terminator
instanceKlass java/nio/ByteOrder
instanceKlass java/nio/Buffer$1
instanceKlass jdk/internal/access/JavaNioAccess
instanceKlass jdk/internal/misc/ScopedMemoryAccess
instanceKlass java/nio/charset/CodingErrorAction
instanceKlass sun/nio/cs/SingleByte
instanceKlass java/lang/StringUTF16
instanceKlass sun/nio/cs/IBM437$Holder
instanceKlass sun/nio/cs/ArrayEncoder
instanceKlass java/nio/charset/CharsetEncoder
instanceKlass java/io/Writer
instanceKlass java/lang/reflect/Modifier
instanceKlass java/lang/Class$1
instanceKlass java/lang/Class$Atomic
instanceKlass java/lang/Class$ReflectionData
instanceKlass jdk/internal/util/ArraysSupport
instanceKlass java/nio/charset/StandardCharsets
instanceKlass sun/nio/cs/HistoricallyNamedCharset
instanceKlass java/lang/ThreadLocal
instanceKlass java/nio/charset/spi/CharsetProvider
instanceKlass java/nio/charset/Charset
instanceKlass java/io/OutputStream
instanceKlass java/io/Flushable
instanceKlass java/io/FileDescriptor$1
instanceKlass jdk/internal/access/JavaIOFileDescriptorAccess
instanceKlass java/io/FileDescriptor
instanceKlass jdk/internal/util/StaticProperty
instanceKlass java/util/HashMap$HashIterator
instanceKlass java/lang/Integer$IntegerCache
instanceKlass java/lang/CharacterData
instanceKlass java/util/Arrays
instanceKlass java/lang/VersionProps
instanceKlass java/lang/StringConcatHelper
instanceKlass jdk/internal/misc/VM
instanceKlass jdk/internal/util/SystemProps$Raw
instanceKlass jdk/internal/util/SystemProps
instanceKlass java/lang/System$2
instanceKlass jdk/internal/access/JavaLangAccess
instanceKlass java/lang/ref/Reference$1
instanceKlass jdk/internal/access/JavaLangRefAccess
instanceKlass java/lang/ref/ReferenceQueue$Lock
instanceKlass java/lang/ref/ReferenceQueue
instanceKlass jdk/internal/reflect/ReflectionFactory
instanceKlass jdk/internal/reflect/ReflectionFactory$GetReflectionFactoryAction
instanceKlass java/security/PrivilegedAction
instanceKlass java/util/concurrent/locks/LockSupport
instanceKlass java/util/concurrent/ConcurrentHashMap$Node
instanceKlass java/util/concurrent/ConcurrentHashMap$CounterCell
instanceKlass java/util/concurrent/locks/ReentrantLock
instanceKlass java/util/concurrent/locks/Lock
instanceKlass java/lang/Runtime
instanceKlass java/util/HashMap$Node
instanceKlass java/util/KeyValueHolder
instanceKlass java/util/Map$Entry
instanceKlass java/util/ImmutableCollections$MapN$MapNIterator
instanceKlass java/lang/Math
instanceKlass jdk/internal/reflect/Reflection
instanceKlass java/lang/invoke/MethodHandles$Lookup
instanceKlass java/lang/StringLatin1
instanceKlass java/security/Permission
instanceKlass java/security/Guard
instanceKlass java/lang/invoke/MemberName$Factory
instanceKlass java/lang/invoke/MethodHandles
instanceKlass jdk/internal/access/SharedSecrets
instanceKlass java/lang/reflect/ReflectAccess
instanceKlass jdk/internal/access/JavaLangReflectAccess
instanceKlass java/util/ImmutableCollections
instanceKlass java/util/Objects
instanceKlass java/util/Set
instanceKlass jdk/internal/misc/CDS
instanceKlass java/lang/Module$ArchivedData
instanceKlass java/lang/String$CaseInsensitiveComparator
instanceKlass java/util/Comparator
instanceKlass java/io/ObjectStreamField
instanceKlass jdk/internal/vm/vector/VectorSupport$VectorPayload
instanceKlass jdk/internal/vm/vector/VectorSupport
instanceKlass java/lang/reflect/RecordComponent
instanceKlass java/util/Iterator
instanceKlass java/lang/Number
instanceKlass java/lang/Character
instanceKlass java/lang/Boolean
instanceKlass java/util/concurrent/locks/AbstractOwnableSynchronizer
instanceKlass java/lang/LiveStackFrame
instanceKlass java/lang/StackFrameInfo
instanceKlass java/lang/StackWalker$StackFrame
instanceKlass java/lang/StackStreamFactory$AbstractStackWalker
instanceKlass java/lang/StackWalker
instanceKlass java/nio/Buffer
instanceKlass java/lang/StackTraceElement
instanceKlass java/util/RandomAccess
instanceKlass java/util/List
instanceKlass java/util/AbstractCollection
instanceKlass java/util/Collection
instanceKlass java/lang/Iterable
instanceKlass java/util/concurrent/ConcurrentMap
instanceKlass java/util/AbstractMap
instanceKlass java/security/CodeSource
instanceKlass jdk/internal/loader/ClassLoaders
instanceKlass java/util/jar/Manifest
instanceKlass java/net/URL
instanceKlass java/io/InputStream
instanceKlass java/io/Closeable
instanceKlass java/lang/AutoCloseable
instanceKlass jdk/internal/module/Modules
instanceKlass jdk/internal/misc/Unsafe
instanceKlass jdk/internal/misc/UnsafeConstants
instanceKlass java/lang/AbstractStringBuilder
instanceKlass java/lang/Appendable
instanceKlass java/lang/AssertionStatusDirectives
instanceKlass java/lang/invoke/MethodHandleNatives$CallSiteContext
instanceKlass jdk/internal/invoke/NativeEntryPoint
instanceKlass java/lang/invoke/CallSite
instanceKlass java/lang/invoke/MethodType
instanceKlass java/lang/invoke/TypeDescriptor$OfMethod
instanceKlass java/lang/invoke/LambdaForm
instanceKlass java/lang/invoke/MethodHandleNatives
instanceKlass java/lang/invoke/ResolvedMethodName
instanceKlass java/lang/invoke/MemberName
instanceKlass java/lang/invoke/VarHandle
instanceKlass java/lang/invoke/MethodHandle
instanceKlass jdk/internal/reflect/CallerSensitive
instanceKlass java/lang/annotation/Annotation
instanceKlass jdk/internal/reflect/FieldAccessor
instanceKlass jdk/internal/reflect/ConstantPool
instanceKlass jdk/internal/reflect/ConstructorAccessor
instanceKlass jdk/internal/reflect/MethodAccessor
instanceKlass jdk/internal/reflect/MagicAccessorImpl
instanceKlass java/lang/reflect/Parameter
instanceKlass java/lang/reflect/Member
instanceKlass java/lang/reflect/AccessibleObject
instanceKlass java/lang/Module
instanceKlass java/util/Map
instanceKlass java/util/Dictionary
instanceKlass java/lang/ThreadGroup
instanceKlass java/lang/Thread$UncaughtExceptionHandler
instanceKlass java/lang/Thread
instanceKlass java/lang/Runnable
instanceKlass java/lang/ref/Reference
instanceKlass java/lang/Record
instanceKlass java/security/AccessController
instanceKlass java/security/AccessControlContext
instanceKlass java/security/ProtectionDomain
instanceKlass java/lang/SecurityManager
instanceKlass java/lang/Throwable
instanceKlass java/lang/System
instanceKlass java/lang/ClassLoader
instanceKlass java/lang/Cloneable
instanceKlass java/lang/Class
instanceKlass java/lang/invoke/TypeDescriptor$OfField
instanceKlass java/lang/invoke/TypeDescriptor
instanceKlass java/lang/reflect/Type
instanceKlass java/lang/reflect/GenericDeclaration
instanceKlass java/lang/reflect/AnnotatedElement
instanceKlass java/lang/String
instanceKlass java/lang/constant/ConstantDesc
instanceKlass java/lang/constant/Constable
instanceKlass java/lang/CharSequence
instanceKlass java/lang/Comparable
instanceKlass java/io/Serializable
ciInstanceKlass java/lang/Object 1 1 92 7 1 10 12 1 1 10 7 12 1 1 1 10 7 12 1 1 1 10 12 1 1 8 1 10 12 1 1 10 7 12 1 1 1 10 12 1 10 12 1 1 100 1 8 1 10 12 1 3 8 1 100 1 5 0 1 1 1 1 1 1 1 1 1 1 1 1 1 1 1 1 100 1 1 1 7 1 1 1 1 1 1 1 100 1 1 1 1 1 1 1
ciInstanceKlass java/lang/Class 1 1 1611 10 7 12 1 1 1 9 7 12 1 1 1 9 12 1 1 7 1 10 10 12 1 1 8 1 10 12 1 8 1 8 1 10 12 1 1 10 12 1 1 10 12 1 10 10 12 1 10 12 1 1 10 12 1 1 10 7 12 1 1 10 12 1 10 12 1 10 12 1 8 1 10 12 1 8 1 10 12 1 8 1 8 1 10 12 1 1 10 100 12 1 1 1 18 12 1 1 11 100 12 1 1 1 8 1 8 1 8 1 10 100 12 1 1 1 11 12 1 1 7 1 8 1 10 12 1 11 100 12 1 1 1 10 12 1 1 11 8 1 18 8 1 10 12 1 10 7 12 1 1 10 7 12 1 1 1 10 12 1 1 10 7 12 1 1 1 9 100 12 1 1 1 10 100 12 1 1 1 10 7 12 1 1 1 10 12 1 1 18 12 1 1 10 7 12 1 1 1 10 7 12 1 1 10 12 1 1 10 7 1 100 1 10 12 1 1 9 12 1 1 100 1 8 1 10 12 1 10 12 1 1 10 12 1 1 10 7 12 1 1 1 7 1 10 12 1 7 1 100 1 10 10 12 1 1 10 12 1 1 100 1 10 100 12 1 1 1 10 12 1 1 10 12 1 1 9 12 1 1 10 12 1 10 12 1 10 12 1 1 9 12 1 1 9 12 1 1 10 12 1 1 10 7 1 10 12 1 10 12 1 10 12 1 1 10 9 12 1 10 12 1 8 1 10 12 1 1 10 12 1 1 10 12 1 10 12 1 1 10 12 1 1 10 12 1 1 9 7 12 1 1 1 10 7 12 1 1 10 12 10 12 1 10 12 1 1 10 100 12 1 1 10 12 1 10 12 1 1 10 100 12 1 1 1 10 12 1 10 12 1 1 10 12 1 10 12 1 10 12 1 1 10 7 1 10 10 10 12 1 1 10 12 1 1 10 12 10 12 1 1 100 1 8 1 10 10 12 1 1 10 12 1 100 1 11 12 1 10 100 12 1 1 10 12 1 10 12 1 10 100 12 1 1 10 10 12 1 1 8 1 10 12 1 10 12 1 1 8 1 9 12 1 10 12 1 10 12 1 10 12 1 10 12 100 1 9 12 1 10 12 1 9 12 1 10 12 1 10 12 1 10 12 1 10 10 12 1 10 12 1 10 12 1 10 12 1 10 12 1 10 12 1 100 1 10 12 1 10 12 1 1 10 12 1 1 10 12 1 1 10 12 1 1 10 12 1 1 10 12 1 1 7 1 10 10 12 1 1 10 12 1 1 10 12 1 1 10 10 12 1 10 12 1 1 10 12 1 1 10 12 1 1 10 12 1 1 7 1 10 10 12 11 100 12 1 1 10 12 1 1 10 12 1 10 100 12 1 1 1 10 12 1 1 10 10 12 1 1 100 1 10 10 12 1 1 10 100 12 1 1 1 100 1 100 1 10 12 1 1 10 12 1 10 10 12 1 1 10 12 1 10 12 1 10 12 1 10 100 12 1 1 1 11 7 12 1 1 10 12 1 10 12 1 9 12 1 10 12 1 1 10 12 1 9 12 1 1 7 1 10 9 12 1 1 10 12 7 1 10 12 1 9 12 1 10 100 12 1 1 1 10 12 1 10 12 1 10 100 12 1 1 1 10 12 1 10 12 10 12 1 1 100 1 10 8 1 10 12 1 11 11 12 1 1 11 7 12 1 1 11 12 1 8 1 10 12 1 10 12 1 1 9 12 1 9 12 1 1 10 7 12 1 1 9 12 1 10 12 1 1 10 10 12 1 10 7 12 1 1 1 10 7 12 1 1 10 7 12 1 1 9 12 1 1 10 12 1 9 12 1 10 12 1 10 12 1 1 9 12 1 1 9 12 1 10 12 1 10 12 1 1 9 12 1 100 1 10 10 12 1 1 7 1 10 12 1 1 100 11 100 1 9 12 1 1 9 12 1 100 1 10 12 1 9 12 1 1 9 12 1 10 12 1 10 12 1 1 9 12 1 7 1 10 10 12 1 1 10 10 12 1 1 10 12 10 10 12 1 9 12 1 10 12 1 1 10 7 12 1 1 1 10 12 1 1 10 12 1 8 10 7 8 1 18 8 1 8 1 10 12 1 9 12 1 9 12 1 1 10 12 1 7 1 100 1 10 12 1 9 12 1 1 7 1 10 10 12 1 10 7 1 9 12 1 8 1 10 12 1 7 1 10 12 1 10 12 1 1 9 12 1 100 1 8 1 10 7 1 4 10 10 12 11 7 12 1 1 1 10 12 1 100 1 10 12 1 1 10 8 1 8 1 10 12 1 1 9 7 12 1 1 11 12 7 1 11 100 12 1 1 9 12 1 10 100 12 1 1 1 10 7 12 1 1 10 12 1 1 9 12 1 9 10 12 1 1 10 12 1 1 10 12 1 1 10 12 1 1 10 12 1 1 11 12 1 7 1 11 12 1 10 7 12 1 1 1 10 12 1 100 1 11 12 1 10 100 12 1 1 1 10 12 1 10 11 12 1 11 12 1 1 10 12 1 10 12 1 1 9 12 1 1 9 100 12 1 1 10 12 1 10 100 12 1 1 1 10 12 1 1 10 12 1 10 12 1 10 12 1 10 7 12 1 1 1 10 12 1 8 1 10 12 1 10 12 1 10 12 1 10 100 12 1 1 1 11 100 12 1 1 1 10 12 1 1 10 12 1 18 12 1 1 11 12 1 1 18 11 12 1 18 12 1 11 12 1 10 12 1 1 10 12 1 10 12 1 10 12 10 12 1 8 1 10 12 1 7 1 9 12 1 1 100 1 100 1 100 1 100 1 100 1 1 1 3 1 3 1 3 1 1 1 1 1 1 1 5 0 1 1 1 1 1 1 1 1 1 1 1 1 1 1 1 1 1 1 1 1 1 1 1 100 1 1 1 1 1 1 1 100 1 1 1 1 1 1 100 1 1 1 1 1 1 1 1 1 1 1 1 1 1 1 1 1 1 1 1 1 1 1 1 1 1 1 1 1 1 1 1 1 1 1 1 1 1 100 1 1 1 1 1 1 1 1 1 1 1 1 1 1 1 1 1 1 1 1 1 1 1 1 1 1 1 1 100 1 1 1 1 1 1 1 1 1 1 1 1 1 1 1 1 1 1 1 1 1 1 1 1 1 1 1 1 1 1 1 1 1 1 1 1 1 1 1 1 1 1 1 1 1 1 1 1 1 1 1 1 1 100 1 100 1 1 1 1 1 1 1 1 1 1 1 1 1 1 1 1 1 1 1 1 1 1 1 1 1 1 1 1 1 1 1 1 1 1 1 1 1 1 1 1 1 1 1 1 1 1 1 1 1 1 1 1 1 1 1 1 1 1 1 1 1 1 1 100 1 1 1 1 1 1 1 1 1 1 1 1 1 1 1 1 1 1 1 1 1 1 1 1 1 1 1 1 1 1 1 1 1 1 1 1 1 1 1 1 1 1 1 1 1 1 1 1 1 1 1 1 1 1 1 1 1 1 1 1 1 1 1 1 1 1 1 1 15 10 100 12 1 1 1 16 15 10 12 16 15 11 12 16 1 16 15 16 15 10 12 16 16 15 10 12 16 15 16 1 15 10 12 16 1 1 1 1 1 1 1 1 100 1 1 100 1 100 1 1 100 1 100 1 1
staticfield java/lang/Class EMPTY_CLASS_ARRAY [Ljava/lang/Class; 0 [Ljava/lang/Class;
staticfield java/lang/Class serialPersistentFields [Ljava/io/ObjectStreamField; 0 [Ljava/io/ObjectStreamField;
ciInstanceKlass java/io/Serializable 1 0 7 100 1 100 1 1 1
instanceKlass jdk/internal/vm/vector/VectorSupport$VectorShuffle
instanceKlass jdk/internal/vm/vector/VectorSupport$VectorMask
instanceKlass jdk/internal/vm/vector/VectorSupport$Vector
ciInstanceKlass jdk/internal/vm/vector/VectorSupport$VectorPayload 0 0 32 10 100 12 1 1 1 9 100 12 1 1 1 10 100 12 1 1 1 1 1 1 1 1 1 1 1 1 1 1 1 1
ciInstanceKlass jdk/internal/vm/vector/VectorSupport$VectorShuffle 0 0 28 10 100 12 1 1 1 100 1 1 1 1 1 1 1 1 1 1 1 1 1 1 1 100 1 1 1 1
ciInstanceKlass jdk/internal/vm/vector/VectorSupport$VectorMask 0 0 28 10 100 12 1 1 1 100 1 1 1 1 1 1 1 1 1 1 1 1 1 1 1 100 1 1 1 1
ciInstanceKlass jdk/internal/vm/vector/VectorSupport$Vector 0 0 28 10 100 12 1 1 1 100 1 1 1 1 1 1 1 1 1 1 1 1 1 1 1 100 1 1 1 1
ciInstanceKlass jdk/internal/vm/vector/VectorSupport 0 0 487 100 1 10 100 12 1 1 1 9 12 1 1 10 12 1 1 100 1 10 12 1 11 100 12 1 1 1 11 100 12 1 1 1 11 100 12 1 1 11 100 12 1 1 1 11 100 1 100 1 10 12 1 1 11 100 12 1 1 11 100 12 1 1 100 1 11 100 12 1 1 11 100 12 1 1 11 100 12 1 1 1 11 100 12 1 1 1 11 100 12 1 1 1 11 100 12 1 1 1 100 1 10 12 1 1 11 100 12 1 1 100 1 11 100 12 1 1 11 100 12 1 1 11 100 12 1 1 11 100 1 100 1 9 12 1 1 10 100 12 1 1 11 100 12 1 1 10 12 1 1 10 100 12 1 1 1 10 12 1 10 12 1 1 10 12 1 1 1 1 1 3 1 3 1 3 1 3 1 3 1 3 1 3 1 3 1 3 1 3 1 3 1 3 1 3 1 3 1 3 1 3 1 3 1 3 1 3 1 3 1 3 1 3 1 3 1 3 1 3 1 3 1 3 1 3 1 3 1 3 1 3 1 3 1 3 1 3 1 3 1 3 1 3 1 3 1 3 1 1 1 1 1 3 1 1 1 1 1 1 3 1 1 1 1 1 1 1 1 1 1 1 1 1 1 1 1 1 1 1 1 1 1 1 1 1 1 1 1 1 1 1 1 1 1 1 1 1 1 1 1 1 1 1 1 1 1 1 1 1 1 1 1 1 1 1 1 1 1 1 1 1 1 1 1 1 1 1 1 1 1 1 1 1 1 1 1 1 1 1 1 1 1 1 1 1 1 1 1 1 1 1 1 1 1 1 1 1 1 1 1 1 1 1 1 1 1 1 1 1 1 1 1 1 1 1 1 1 1 1 1 1 1 1 1 1 1 1 1 1 1 1 1 1 1 1 1 1 1 1 1 1 1 1 1 1 1 1 1 1 1 1 1 1 1 1 1 1 1 1 1 1 1 1 1 1 1 1 1 1 1 1 1 1 1 1 1 1 1 1 1 1 1 1 1 1 1 1 1 1 1 1 1 1 1 1 1 1 1 1 100 1 100 1 1 1 1 1 1 1 1 1 1 1 1 1 1 1 1 1 1 1 1 1 1 1 1
ciInstanceKlass java/lang/reflect/RecordComponent 0 0 196 10 100 12 1 1 1 9 100 12 1 1 1 9 12 1 1 9 12 1 10 12 1 1 10 12 1 1 10 100 12 1 1 1 10 12 1 1 9 12 1 1 10 12 1 1 10 12 1 1 10 12 1 10 100 12 1 1 10 100 12 1 1 9 12 1 1 10 100 12 1 1 1 11 100 12 1 1 1 10 9 100 12 1 1 1 10 100 12 1 1 1 9 12 1 1 10 100 12 1 1 1 10 12 1 1 11 100 12 1 1 10 100 12 1 1 100 1 9 12 1 9 12 1 1 9 12 1 10 100 12 1 1 1 10 12 1 1 10 12 1 1 100 1 10 10 12 1 10 12 1 1 8 1 10 12 1 10 12 1 9 12 1 100 1 1 1 1 1 1 1 1 1 1 1 1 1 1 1 1 1 1 1 1 1 1 100 1 1 1 1 1 1 100 1 1
ciInstanceKlass java/util/Iterator 1 1 53 100 1 8 1 10 12 1 1 10 7 12 1 1 1 11 7 12 1 1 1 11 12 1 1 11 7 12 1 1 1 100 1 1 1 1 1 1 1 1 1 1 1 1 1 1 1 1 1 1 1 1 1
ciInstanceKlass java/lang/System 1 1 803 10 100 12 1 1 1 9 7 12 1 1 1 10 12 1 10 12 1 1 10 12 1 1 10 12 1 9 12 1 1 10 7 12 1 1 1 11 7 12 1 1 1 10 100 12 1 1 1 10 12 1 1 10 12 1 1 100 1 8 1 10 12 1 10 100 12 1 1 1 10 100 12 1 1 1 18 12 1 1 10 100 12 1 1 1 100 1 10 12 1 1 10 100 12 1 1 1 10 12 1 10 7 12 1 1 1 9 100 12 1 1 1 10 100 12 1 1 1 11 7 12 1 1 1 10 12 1 1 10 100 12 1 1 1 100 1 10 10 12 1 1 8 1 10 12 1 8 1 10 12 1 9 12 1 1 8 1 10 7 12 1 1 1 10 12 1 1 100 1 8 1 10 9 12 1 1 8 1 10 12 1 1 10 100 12 1 1 1 8 1 10 12 1 100 1 10 12 1 8 1 10 12 1 10 12 1 1 100 1 10 12 10 12 1 9 12 1 1 9 12 1 1 10 7 12 1 1 1 10 7 12 1 1 1 10 12 1 1 10 12 1 10 12 1 10 7 12 1 1 1 10 12 1 100 1 100 1 8 1 10 12 1 10 12 1 1 7 1 10 12 1 100 1 8 1 10 10 12 1 100 1 8 1 10 8 1 10 7 12 1 1 8 1 10 12 100 1 8 1 10 10 12 1 1 10 100 12 1 1 1 100 1 18 12 1 100 1 9 100 12 1 1 1 10 12 1 100 1 10 12 1 1 10 12 1 1 10 7 12 1 1 1 10 12 1 1 10 12 1 10 12 1 10 12 1 1 10 12 1 7 1 10 12 1 10 12 1 100 1 10 12 1 10 7 12 1 1 1 100 1 8 1 10 9 12 1 9 12 1 10 12 1 10 100 12 1 1 10 12 1 10 12 1 1 8 1 10 12 1 1 8 1 11 12 1 10 12 11 12 1 1 11 7 12 1 1 1 11 7 12 1 1 11 12 1 1 7 1 11 12 1 10 12 1 8 1 10 12 1 1 8 1 8 1 8 1 8 1 11 12 1 10 12 1 10 12 1 10 12 1 10 7 12 1 1 8 1 7 1 9 7 12 1 1 1 10 12 1 7 1 9 12 10 9 12 7 1 10 12 8 1 10 12 1 1 8 1 10 7 12 1 1 10 12 1 10 7 12 1 1 1 10 12 1 1 10 7 12 1 1 1 10 12 10 7 12 1 1 1 9 12 1 1 100 1 8 1 10 12 1 1 10 7 12 1 1 1 7 1 10 12 1 1 8 1 10 8 1 8 1 8 1 8 1 10 10 7 12 1 1 10 12 1 1 10 12 1 1 10 12 1 1 10 12 1 10 100 12 1 1 1 10 100 1 8 1 10 10 10 12 1 1 10 12 1 1 8 1 10 12 1 8 1 10 12 1 10 12 1 1 7 1 10 10 12 1 10 12 1 9 12 1 1 1 3 1 3 1 1 1 1 1 1 1 1 1 1 1 1 100 1 1 100 1 1 1 1 1 1 1 1 1 1 1 100 1 100 1 1 1 1 1 1 1 1 1 1 1 1 1 1 1 1 1 1 1 1 1 1 1 1 1 1 1 1 1 1 1 1 1 1 1 1 1 1 1 1 1 1 1 1 1 1 1 1 1 1 1 1 1 1 1 1 1 1 100 1 1 1 1 1 1 1 1 1 1 1 1 1 1 1 1 1 1 1 1 1 1 1 1 1 1 1 1 1 1 1 1 1 100 1 1 15 10 100 12 1 1 1 16 15 10 12 1 1 16 15 10 12 16 1 1 1 1 1 1 1 100 1 100 1 1
staticfield java/lang/System in Ljava/io/InputStream; sbt/internal/util/Terminal$proxyInputStream$
staticfield java/lang/System out Ljava/io/PrintStream; sbt/internal/util/Terminal$$anon$3
staticfield java/lang/System err Ljava/io/PrintStream; sbt/internal/util/Terminal$proxyErrorStream$
instanceKlass sbt/internal/inc/classpath/ClasspathFilter
instanceKlass scala/reflect/internal/util/AbstractFileClassLoader
instanceKlass sbt/internal/inc/classpath/DualLoader
instanceKlass sbt/Defaults$$anon$3
instanceKlass sbt/internal/MetaBuildLoader$1
instanceKlass xsbt/boot/BootFilteredLoader
instanceKlass jdk/internal/reflect/DelegatingClassLoader
instanceKlass java/security/SecureClassLoader
ciInstanceKlass java/lang/ClassLoader 1 1 1098 9 7 12 1 1 1 10 7 12 1 1 1 9 12 1 1 10 7 12 1 1 1 7 1 10 12 1 1 10 12 1 1 9 12 1 1 10 12 1 1 100 1 10 12 1 10 12 1 1 10 7 12 1 1 1 100 1 8 1 10 12 1 10 7 12 1 1 1 10 100 12 1 10 7 1 10 7 1 7 1 7 1 10 12 1 10 12 1 9 12 1 1 10 10 7 12 1 1 1 9 12 1 1 9 12 1 9 12 1 1 9 12 1 9 12 1 1 9 12 1 1 7 1 10 12 1 9 12 1 1 10 12 1 1 10 7 12 1 1 1 9 12 1 9 12 1 1 9 12 1 10 12 1 1 9 12 10 12 1 1 7 1 10 8 1 10 12 1 1 10 12 1 10 7 1 7 1 10 12 1 1 10 7 12 1 1 1 8 1 10 12 1 10 12 1 10 12 1 1 10 12 1 1 10 12 1 1 10 12 1 1 10 12 1 1 10 12 1 7 1 10 12 1 10 7 12 1 1 1 10 12 1 1 10 12 1 10 12 1 10 12 1 10 12 1 10 12 1 1 10 10 12 1 10 12 1 10 100 12 1 1 10 12 1 1 10 12 1 1 10 12 1 100 1 10 12 1 100 1 10 12 1 10 100 12 1 1 1 10 10 12 1 1 10 12 1 1 100 1 8 1 10 8 1 10 12 1 10 12 1 100 1 8 1 10 12 1 1 10 12 1 1 10 10 12 1 1 10 12 1 1 10 12 1 1 10 7 1 10 12 1 1 10 12 1 1 10 12 1 1 10 12 1 1 10 12 1 1 10 12 1 1 10 12 1 10 7 12 1 1 1 10 12 1 10 12 1 10 12 1 1 10 12 1 10 12 1 10 12 1 10 12 1 1 10 12 1 10 12 1 1 8 1 9 12 1 10 12 1 1 8 1 8 1 10 7 12 1 1 100 1 10 10 12 10 12 1 10 12 1 10 12 1 10 12 1 1 10 7 12 1 1 10 12 1 10 7 1 7 1 10 12 1 1 10 12 1 10 7 1 10 12 1 100 1 18 12 1 10 100 12 1 1 1 10 7 12 1 1 1 10 7 12 1 1 10 12 1 1 10 12 1 10 12 1 1 7 1 10 12 1 10 12 1 1 10 7 12 1 1 10 12 1 8 1 100 1 10 10 12 1 9 12 1 10 7 12 1 1 10 12 1 100 1 8 1 10 12 1 10 8 1 8 1 10 12 1 1 10 12 1 1 10 12 1 1 10 100 12 1 1 1 100 1 100 1 10 12 1 1 100 1 100 1 10 100 12 1 1 10 12 1 10 12 1 1 10 12 1 10 12 1 1 10 12 1 1 9 100 12 1 1 1 10 12 1 1 10 12 1 10 12 1 10 12 1 1 10 12 1 8 1 10 12 1 7 1 18 12 1 1 10 12 1 1 10 12 1 10 12 1 10 12 1 8 1 10 12 1 10 12 1 18 12 1 11 100 12 1 1 1 100 1 10 12 1 1 10 12 1 10 11 12 1 1 10 18 10 12 1 1 11 100 12 1 18 12 1 11 12 1 1 10 12 10 12 1 1 10 12 1 1 7 1 8 1 10 10 12 1 8 1 8 1 10 7 12 1 1 10 12 1 100 1 10 10 12 1 8 1 8 1 8 1 10 12 1 10 12 1 1 10 12 1 10 100 12 1 1 1 11 100 12 1 1 100 1 10 11 10 12 1 10 12 1 10 12 1 1 9 100 12 1 1 9 12 1 1 9 12 9 12 1 9 12 1 9 12 1 8 10 12 1 1 10 7 12 1 1 1 10 12 1 1 10 12 1 1 10 12 1 10 10 12 1 11 12 1 1 10 100 12 1 1 1 100 1 10 12 1 10 12 1 10 12 1 1 1 1 1 1 1 1 1 1 1 1 1 1 1 1 1 1 1 1 1 1 1 1 1 1 1 1 100 1 1 1 1 1 1 1 1 1 1 1 1 1 1 1 1 1 1 1 1 1 100 1 1 1 1 1 1 1 1 1 1 100 1 1 1 1 1 1 1 1 1 1 1 1 1 1 1 1 1 1 1 1 1 1 1 1 1 1 1 1 1 1 1 1 1 1 1 1 1 1 1 1 1 100 1 1 1 1 1 1 1 1 1 1 1 1 1 1 1 1 1 1 100 1 1 1 1 1 1 1 1 1 1 1 1 1 1 1 1 1 1 1 1 1 1 1 1 1 1 1 1 1 1 1 1 1 1 1 1 1 1 1 1 1 1 1 1 1 1 1 1 1 1 1 100 1 1 1 1 1 1 1 1 1 1 1 1 1 1 1 1 1 1 1 1 1 1 1 1 1 1 1 1 1 1 1 1 1 1 1 1 1 1 1 1 1 1 1 1 1 1 15 10 100 12 1 1 1 16 1 15 10 12 16 1 16 15 10 12 16 1 16 1 15 10 12 16 15 10 12 16 15 10 12 16 1 1 100 1 100 1 1
staticfield java/lang/ClassLoader nocerts [Ljava/security/cert/Certificate; 0 [Ljava/security/cert/Certificate;
staticfield java/lang/ClassLoader $assertionsDisabled Z 1
ciInstanceKlass jdk/internal/reflect/DelegatingClassLoader 1 1 18 10 7 12 1 1 1 100 1 1 1 1 1 1 1 1 1 1
instanceKlass java/net/URLClassLoader
instanceKlass jdk/internal/loader/BuiltinClassLoader
ciInstanceKlass java/security/SecureClassLoader 1 1 102 10 7 12 1 1 1 7 1 10 12 1 9 7 12 1 1 1 10 12 1 10 12 1 10 12 1 1 10 12 1 1 10 12 1 7 1 10 7 1 10 12 1 7 1 10 12 1 11 7 12 1 1 1 7 1 11 12 1 10 12 1 1 1 1 1 1 1 1 1 1 1 1 1 1 1 1 1 1 1 1 1 1 1 1 1 1 1 1 1 1 1 1 1 1 1 1 100 1 1 1 1
instanceKlass jdk/internal/loader/ClassLoaders$BootClassLoader
instanceKlass jdk/internal/loader/ClassLoaders$PlatformClassLoader
instanceKlass jdk/internal/loader/ClassLoaders$AppClassLoader
ciInstanceKlass jdk/internal/loader/BuiltinClassLoader 1 1 737 9 7 12 1 1 1 10 7 12 1 1 1 10 7 12 1 1 1 9 12 1 1 9 12 1 1 7 1 10 12 1 9 12 1 10 12 1 9 12 1 10 7 12 1 1 1 10 7 12 1 1 1 10 7 12 1 1 1 11 7 12 1 1 1 100 1 100 1 10 10 12 1 1 8 1 10 12 1 10 12 7 1 10 12 1 10 12 1 1 11 7 12 1 1 1 11 7 12 1 1 1 11 12 1 1 7 1 8 1 8 1 10 9 12 1 1 10 7 12 1 1 11 12 1 1 10 12 1 1 10 12 1 1 10 12 1 1 10 7 12 1 1 1 10 12 1 10 7 12 1 1 1 10 12 1 1 11 7 12 1 1 1 10 7 12 1 1 100 1 10 7 12 1 1 1 10 12 1 100 1 8 1 10 12 1 1 10 8 1 10 12 1 1 10 12 1 1 10 12 1 1 11 7 12 1 1 11 12 1 7 1 10 11 12 1 1 11 10 12 1 1 7 1 10 12 1 10 7 12 1 10 12 1 7 1 10 12 1 10 7 12 1 1 1 100 1 10 12 1 1 11 12 1 100 1 100 1 10 12 1 10 12 1 1 100 1 100 1 10 12 1 10 12 1 18 12 1 1 10 12 1 10 12 1 1 18 100 1 10 7 12 1 1 1 7 1 10 10 12 1 1 10 12 1 1 10 12 1 1 10 12 1 9 12 1 1 100 1 10 10 12 1 1 10 12 1 1 10 12 1 10 12 10 12 1 1 10 12 1 1 10 12 1 1 10 12 1 10 12 1 1 18 12 1 7 1 10 12 1 1 10 12 1 10 12 1 1 10 12 1 100 1 10 12 1 7 1 10 12 1 10 7 12 1 1 1 10 12 1 11 12 1 7 1 10 12 1 7 1 100 1 10 12 1 10 12 1 11 12 1 1 10 12 1 1 10 12 1 1 10 12 1 1 10 12 1 1 10 12 1 10 12 1 10 12 1 10 12 1 8 1 10 12 1 1 10 7 12 1 1 10 12 1 100 1 8 1 8 1 10 10 12 1 8 1 8 1 10 7 12 1 1 1 11 7 12 1 1 1 9 7 12 1 1 1 10 7 12 1 1 1 9 12 1 9 12 1 9 12 1 9 12 1 9 12 1 9 12 1 10 7 12 1 1 1 8 1 10 12 1 7 1 10 12 1 1 10 12 1 7 1 10 11 12 1 1 10 12 10 12 1 10 12 1 100 1 10 12 1 10 12 1 10 10 12 1 10 7 12 1 1 8 1 10 7 12 1 1 10 12 1 1 1 1 1 1 1 1 1 1 1 1 1 1 1 1 1 1 1 1 1 1 1 1 1 1 1 1 1 1 1 1 1 1 1 1 1 1 1 1 1 1 1 1 1 1 1 1 1 1 1 1 1 1 1 1 100 1 1 1 1 1 1 1 1 1 1 1 1 1 1 1 1 1 1 100 1 100 1 1 1 1 1 1 1 1 1 1 1 1 1 1 1 1 1 1 1 1 1 1 1 1 1 1 1 1 1 1 1 1 1 1 1 1 1 1 1 1 1 1 1 1 1 1 1 1 1 1 1 100 1 1 15 10 100 12 1 1 1 16 15 10 12 16 15 10 12 16 15 10 12 16 1 1 1 100 1 1 1 1 1 100 1 100 1 1
staticfield jdk/internal/loader/BuiltinClassLoader packageToModule Ljava/util/Map; java/util/concurrent/ConcurrentHashMap
staticfield jdk/internal/loader/BuiltinClassLoader $assertionsDisabled Z 1
ciInstanceKlass java/security/AccessController 1 1 295 10 100 12 1 1 1 10 7 12 1 1 1 10 7 12 1 1 1 10 12 1 1 10 12 1 1 10 7 12 1 1 1 10 12 1 1 10 12 1 10 12 1 1 10 12 1 100 1 8 1 10 12 1 10 12 1 10 12 1 1 10 12 1 7 1 7 1 10 12 1 1 10 12 1 10 12 1 10 12 1 1 10 7 12 1 1 1 10 12 1 1 9 100 12 1 1 1 10 100 12 1 1 1 10 12 1 10 12 1 9 100 12 1 1 1 10 12 1 10 12 1 1 9 12 1 1 10 100 1 10 11 7 12 1 1 1 10 7 12 1 1 11 7 1 7 1 10 12 1 10 12 1 10 12 1 8 1 10 12 1 1 8 1 10 100 12 1 1 1 8 1 100 1 10 10 12 1 1 10 12 1 10 7 12 1 1 1 10 12 1 8 1 10 100 12 1 1 8 1 8 1 10 12 1 8 1 10 12 1 10 12 1 1 10 12 1 1 1 1 1 1 1 1 1 1 1 1 1 1 1 1 1 1 1 1 1 1 1 1 1 1 1 1 100 1 1 1 1 1 1 1 1 1 1 1 1 1 1 1 1 1 1 1 1 1 1 1 1 1 1 1 1 1 1 1 1 1 1 100 1 100 1 1 1 1 1 1 1 1 1 3 1 1 1
staticfield java/security/AccessController $assertionsDisabled Z 1
instanceKlass jdk/internal/reflect/DelegatingConstructorAccessorImpl
instanceKlass jdk/internal/reflect/NativeConstructorAccessorImpl
ciInstanceKlass jdk/internal/reflect/ConstructorAccessorImpl 1 1 27 10 7 12 1 1 1 100 1 100 1 1 1 1 1 1 1 1 1 100 1 100 1 100 1 1 1
instanceKlass jdk/internal/reflect/FieldAccessorImpl
instanceKlass jdk/internal/reflect/ConstructorAccessorImpl
instanceKlass jdk/internal/reflect/MethodAccessorImpl
ciInstanceKlass jdk/internal/reflect/MagicAccessorImpl 1 1 16 10 7 12 1 1 1 100 1 1 1 1 1 1 1 1
instanceKlass jdk/internal/reflect/GeneratedMethodAccessor1
instanceKlass jdk/internal/reflect/DelegatingMethodAccessorImpl
instanceKlass jdk/internal/reflect/NativeMethodAccessorImpl
ciInstanceKlass jdk/internal/reflect/MethodAccessorImpl 1 1 25 10 7 12 1 1 1 100 1 100 1 1 1 1 1 1 1 1 1 100 1 100 1 1 1
ciInstanceKlass java/lang/Module 1 1 959 10 7 12 1 1 1 9 7 12 1 1 1 10 7 12 1 1 1 9 12 1 9 12 1 1 9 12 1 1 10 12 1 1 10 12 1 10 12 1 1 10 7 12 1 1 1 7 1 10 7 12 1 1 1 10 12 1 1 11 7 12 1 1 1 10 12 1 1 10 7 12 1 1 1 10 12 1 1 10 7 12 1 1 1 9 100 12 1 1 1 10 100 12 1 1 1 10 12 1 8 1 10 7 12 1 1 1 10 7 12 1 1 1 9 12 1 1 9 12 1 1 10 12 1 9 12 1 1 11 12 1 9 7 12 1 1 10 7 12 1 1 1 10 100 12 1 1 1 10 12 1 1 100 1 7 1 10 10 12 1 1 8 1 10 12 1 10 12 10 12 1 10 12 1 1 10 12 1 1 10 12 1 1 9 7 12 1 1 1 10 12 1 1 10 12 1 1 9 12 1 10 12 1 10 12 1 9 12 1 1 11 7 12 1 1 10 12 1 1 9 12 1 9 12 1 10 12 1 10 12 1 100 1 8 1 10 10 12 1 1 10 12 1 8 1 10 12 1 1 8 1 8 1 10 12 1 1 10 12 1 10 12 1 1 18 12 1 1 10 12 1 1 11 12 1 9 12 1 11 12 10 100 12 1 1 100 1 8 1 10 7 1 11 12 1 1 10 12 1 10 12 1 10 12 1 1 11 12 1 1 11 7 12 1 1 11 12 1 1 9 12 1 11 12 1 10 12 1 1 10 12 1 1 9 12 1 10 12 10 7 12 1 1 10 7 12 1 1 10 7 1 18 12 1 1 11 100 12 1 1 1 18 12 1 11 12 1 1 10 100 12 1 1 1 11 12 1 1 10 7 12 1 1 4 7 1 11 12 1 7 1 7 1 10 10 7 12 1 1 1 10 11 7 12 1 8 1 10 10 12 1 1 10 7 12 1 1 10 12 1 10 12 1 7 1 10 12 1 10 11 12 1 1 10 12 10 12 1 1 9 12 1 100 1 10 10 12 1 1 11 100 1 10 12 1 1 11 12 1 10 10 12 1 11 10 12 1 1 10 12 1 1 10 12 1 1 10 7 12 1 1 10 12 1 10 12 1 1 10 10 12 1 1 10 12 1 18 12 1 11 12 1 18 12 1 10 12 1 10 12 1 10 12 7 1 10 12 1 10 12 1 10 12 1 9 12 1 7 1 10 10 10 10 12 1 10 12 1 10 12 1 10 12 1 1 10 12 1 1 10 12 1 9 12 1 18 12 1 1 10 100 12 1 1 1 100 1 8 1 10 12 1 1 10 12 1 1 10 100 12 1 1 100 1 10 12 1 1 100 1 8 1 100 1 10 100 1 100 1 3 10 12 1 100 1 10 12 1 10 12 1 1 10 12 1 1 100 1 10 12 1 10 12 1 1 100 1 100 1 10 12 8 1 10 12 1 1 10 12 1 1 10 100 12 1 1 10 12 1 1 10 12 1 10 12 10 12 1 1 100 1 10 10 12 1 1 10 100 12 1 1 1 100 1 8 1 10 12 1 1 10 7 12 1 1 8 1 10 12 1 8 1 10 12 1 10 12 10 12 1 8 1 10 10 100 12 1 1 7 1 10 10 12 1 10 7 12 1 1 9 12 1 9 12 1 9 12 1 9 12 1 10 12 11 12 1 10 12 1 100 1 1 1 1 1 1 1 1 1 1 1 1 1 1 1 1 100 1 1 1 1 1 1 1 1 1 1 1 1 1 1 1 1 1 1 1 1 1 1 1 1 1 1 1 1 1 1 1 1 1 1 1 1 1 1 1 1 1 1 1 1 1 1 1 1 1 1 1 1 1 1 1 1 1 1 1 1 1 1 1 1 1 1 1 1 1 1 1 1 1 1 1 1 1 1 1 1 1 1 1 100 100 1 1 1 1 1 1 1 1 1 1 1 1 1 1 1 1 1 1 1 1 1 1 1 1 1 1 1 1 1 1 1 1 1 1 100 1 100 1 100 1 1 1 1 1 1 1 1 1 1 1 1 1 1 1 1 1 1 1 1 1 1 1 1 1 1 1 1 15 10 7 12 1 1 1 16 15 10 12 16 16 15 10 12 16 16 15 10 16 1 15 10 12 16 1 15 10 12 16 1 16 15 10 12 16 1 1 1 1 1 1 1 100 1 100 1 1
staticfield java/lang/Module ALL_UNNAMED_MODULE Ljava/lang/Module; java/lang/Module
staticfield java/lang/Module ALL_UNNAMED_MODULE_SET Ljava/util/Set; java/util/ImmutableCollections$Set12
staticfield java/lang/Module EVERYONE_MODULE Ljava/lang/Module; java/lang/Module
staticfield java/lang/Module EVERYONE_SET Ljava/util/Set; java/util/ImmutableCollections$Set12
staticfield java/lang/Module $assertionsDisabled Z 1
ciInstanceKlass java/util/ArrayList 1 1 492 10 7 12 1 1 1 7 1 9 7 12 1 1 1 9 12 1 100 1 100 1 10 8 1 10 12 1 1 10 12 1 10 12 1 1 10 12 1 9 12 1 11 7 12 1 1 1 9 12 1 1 10 12 1 1 7 10 7 12 1 1 1 9 12 1 10 12 1 10 12 1 1 10 7 12 1 1 1 10 7 12 1 1 1 10 12 1 1 10 12 1 1 10 12 1 1 10 12 1 10 12 1 1 100 1 100 1 10 12 1 10 7 12 1 1 1 10 7 12 1 1 10 12 1 10 12 10 12 1 1 10 12 1 1 10 12 1 1 100 1 10 12 1 1 10 12 1 1 10 12 1 100 1 10 11 12 1 1 11 100 12 1 1 1 11 12 1 10 12 1 10 12 1 10 12 1 1 100 1 10 12 1 1 10 10 12 1 1 10 12 1 8 1 8 1 8 1 8 1 10 12 1 1 10 12 1 1 11 12 1 100 1 10 100 12 1 1 10 12 1 10 12 1 1 10 100 12 1 1 10 12 1 10 100 12 1 1 1 11 100 12 1 1 1 10 12 1 100 1 8 1 10 100 1 10 12 1 7 1 10 12 1 10 12 1 1 7 1 10 12 1 10 12 1 1 11 7 12 1 1 7 1 10 12 1 10 12 1 1 11 100 12 1 1 10 12 1 1 10 12 1 1 10 12 1 1 10 12 1 1 11 100 12 1 1 10 12 1 1 100 1 100 1 100 1 1 1 1 5 0 1 3 1 1 1 1 1 1 1 1 1 1 1 1 1 1 1 1 1 1 1 1 1 1 1 1 1 1 1 1 1 1 1 1 1 1 1 1 1 1 1 1 1 1 1 1 1 1 1 1 1 1 1 1 1 1 1 1 1 1 1 1 1 1 1 1 1 1 1 1 1 1 1 1 1 1 1 1 1 1 1 1 1 1 1 1 1 1 1 1 1 1 1 1 1 1 1 1 100 1 1 1 1 100 1 1 1 1 1 1 1 1 1 1 1 1 1 1 1 1 1 1 1 1 1 1 1 1 1 1 1 1 1 100 1 1 1 1 1 1 1 1 1 1 1 1 1 1 1 1 1 1 100 1 100 1 1 1 1 1 1
staticfield java/util/ArrayList EMPTY_ELEMENTDATA [Ljava/lang/Object; 0 [Ljava/lang/Object;
staticfield java/util/ArrayList DEFAULTCAPACITY_EMPTY_ELEMENTDATA [Ljava/lang/Object; 0 [Ljava/lang/Object;
ciInstanceKlass java/util/concurrent/ConcurrentHashMap 1 1 1210 7 1 7 1 3 10 12 1 1 3 7 1 10 7 12 1 1 1 100 1 10 100 12 1 1 1 100 1 11 12 1 1 11 12 1 11 12 1 1 9 12 1 1 9 12 1 1 9 12 1 10 7 12 1 1 1 7 1 10 12 1 1 10 12 1 1 10 7 12 1 1 1 4 10 12 1 9 12 1 10 12 1 1 100 1 10 5 0 10 12 1 10 12 1 1 5 0 10 12 1 1 10 12 1 9 12 1 1 10 12 1 1 9 12 1 9 12 1 1 10 12 1 1 9 12 1 10 12 1 1 9 12 1 1 10 12 1 1 100 1 10 7 1 10 12 1 10 12 1 1 10 12 1 1 10 12 1 1 10 12 1 10 12 1 1 10 12 1 1 7 1 10 12 1 1 7 1 100 1 8 1 10 12 1 10 12 1 1 10 12 1 1 11 7 12 1 1 10 12 1 1 11 12 1 1 11 7 12 1 1 1 11 7 12 1 1 1 11 12 1 7 1 11 12 1 11 12 1 10 12 1 1 10 12 1 1 9 12 1 1 10 7 12 1 1 1 9 10 12 1 1 9 12 1 10 12 1 1 5 0 9 12 1 1 7 1 10 12 1 9 12 1 1 7 1 10 12 1 9 12 1 7 1 10 100 1 10 10 12 1 1 8 1 10 12 1 10 12 1 1 11 100 1 10 12 1 10 100 12 1 1 1 8 1 10 100 12 1 1 1 8 1 10 12 1 8 1 10 12 1 10 12 1 1 10 100 12 1 1 10 12 1 10 12 1 10 12 1 9 12 1 9 10 12 1 9 12 1 1 11 7 12 1 1 1 11 100 12 1 1 1 100 1 10 12 11 100 12 1 1 10 11 7 12 1 10 12 1 100 1 10 12 1 100 1 10 10 9 7 12 1 1 1 10 12 3 10 100 12 1 1 9 12 1 10 12 1 1 9 12 1 1 9 12 1 10 12 1 1 10 7 12 1 1 9 12 1 9 7 12 1 1 10 12 1 1 10 12 1 3 9 12 1 9 12 1 10 12 1 1 7 1 9 3 9 12 1 100 1 10 12 1 9 12 1 10 12 1 9 12 1 10 12 1 9 12 1 10 100 12 1 1 1 100 10 12 1 100 1 5 0 10 100 12 1 1 100 1 10 12 1 1 10 12 1 10 12 1 100 1 10 12 1 10 100 1 100 1 10 10 12 1 10 100 1 10 12 1 10 100 1 10 12 1 10 100 1 10 12 1 1 100 1 10 12 1 10 10 12 1 100 1 10 12 1 10 10 12 1 100 1 10 12 1 10 100 1 10 12 1 10 100 1 10 12 1 10 100 1 10 12 1 10 100 1 10 12 1 10 100 1 10 12 1 10 100 1 10 12 1 10 100 1 10 12 1 10 100 1 10 10 100 1 10 10 100 1 10 10 100 1 10 12 1 10 100 1 10 12 1 10 100 1 10 12 1 10 100 1 10 12 1 10 100 1 10 12 1 10 100 1 10 10 100 1 10 10 100 1 10 10 100 1 10 12 1 10 100 1 10 12 1 10 100 1 10 12 1 10 100 1 10 12 1 10 100 1 10 12 1 10 10 12 1 10 7 12 1 1 1 10 12 1 7 1 7 1 10 12 1 9 12 1 1 9 12 1 1 10 12 1 1 8 10 12 1 1 8 8 8 8 7 10 12 1 1 10 12 1 100 1 8 1 10 7 1 100 1 100 1 1 1 5 0 1 1 3 1 3 1 1 1 1 3 1 3 1 3 1 1 1 1 1 3 1 3 1 3 1 1 1 1 1 1 1 1 1 1 1 1 1 1 1 1 1 1 1 1 1 1 1 1 1 100 1 1 1 1 1 1 1 1 1 1 1 1 1 1 1 1 1 1 1 1 1 1 1 1 1 1 1 1 1 1 1 1 1 1 1 1 1 1 1 1 1 1 1 1 1 1 1 1 1 1 1 1 1 1 1 1 1 1 1 1 1 1 1 1 1 1 1 1 1 1 1 1 1 1 1 1 1 1 1 1 1 1 1 1 100 1 1 1 1 1 1 1 1 1 1 1 100 1 1 1 1 1 1 1 1 1 1 1 1 1 1 1 1 1 1 1 1 1 1 1 1 1 1 1 1 1 1 1 1 1 1 1 1 1 1 1 1 1 1 1 1 1 1 1 1 1 1 1 1 1 1 1 1 1 1 1 1 1 1 1 1 1 1 1 1 1 1 1 1 1 1 1 1 1 1 1 1 1 1 1 1 1 1 1 1 1 1 1 1 1 1 1 1 1 1 1 1 1 1 1 1 1 1 1 1 1 1 1 1 1 1 1 1 1 1 1 1 1 1 1 1 1 1 1 1 1 1 1 1 1 1 1 1 1 1 1 1 1 1 1 1 1 1 1 1 1 1 1 1 1 1 1 1 1 1 1 1 1 1 1 1 1 1 1 1 1 1 1 1 1 1 1 1 1 1 1 1 1 1 1 1 1 1 1 1 1 1 1 1 1 1 1 1 1 1 1 1 1 1 1 1 1 1 1 1 1 1 1 1 1 1 1 1 1 1 1 1 1 1 1 100 1 100 1 100 1 100 1 100 1 100 1 100 1 100 1 100 1 1 1 1 1 1 1 1 1 1 1 1 1 1 1 1 1 1 1 1 1 1 1 1 1 1 1 1 1 1 1 1 1 1 1 1 1 1 1 1 1 1 1 1 1 1 1 1 1 1 1 1 1 1 1 1 1 1
staticfield java/util/concurrent/ConcurrentHashMap NCPU I 8
staticfield java/util/concurrent/ConcurrentHashMap serialPersistentFields [Ljava/io/ObjectStreamField; 3 [Ljava/io/ObjectStreamField;
staticfield java/util/concurrent/ConcurrentHashMap U Ljdk/internal/misc/Unsafe; jdk/internal/misc/Unsafe
staticfield java/util/concurrent/ConcurrentHashMap SIZECTL J 20
staticfield java/util/concurrent/ConcurrentHashMap TRANSFERINDEX J 32
staticfield java/util/concurrent/ConcurrentHashMap BASECOUNT J 24
staticfield java/util/concurrent/ConcurrentHashMap CELLSBUSY J 36
staticfield java/util/concurrent/ConcurrentHashMap CELLVALUE J 144
staticfield java/util/concurrent/ConcurrentHashMap ABASE I 16
staticfield java/util/concurrent/ConcurrentHashMap ASHIFT I 2
ciInstanceKlass java/lang/String 1 1 1396 10 7 12 1 1 1 8 1 9 7 12 1 1 1 9 12 1 1 9 12 1 1 10 12 1 10 12 1 1 10 12 1 1 9 12 1 1 10 7 12 1 1 1 10 7 1 10 7 12 1 1 1 10 12 1 1 10 12 1 1 10 12 1 10 12 1 1 10 12 1 10 7 12 1 1 1 9 7 12 1 1 1 10 7 12 1 1 1 10 12 1 1 10 12 1 1 10 12 1 1 10 12 1 1 10 12 1 1 9 7 12 1 1 10 12 9 7 12 1 1 3 10 7 12 1 1 1 7 1 11 12 1 1 11 12 1 11 12 1 1 10 100 12 1 1 1 10 12 1 1 9 100 12 1 1 1 10 12 1 1 10 12 1 11 12 1 1 10 12 1 1 10 12 10 12 1 1 10 100 12 1 1 1 10 7 12 1 1 1 10 12 1 1 100 1 100 1 10 12 1 10 12 1 10 12 1 1 100 1 10 12 1 1 100 1 10 12 1 1 10 12 1 1 10 10 12 1 100 1 100 1 100 1 10 12 1 10 12 1 1 10 12 1 1 10 12 1 10 12 1 1 10 12 1 1 10 100 12 1 1 100 1 11 11 12 1 11 12 1 10 12 1 1 10 12 1 10 12 10 12 1 1 10 10 100 12 1 1 1 10 100 12 1 1 10 12 1 1 10 100 12 1 1 10 12 1 10 12 1 1 10 12 1 1 10 12 1 10 12 1 10 12 1 1 100 1 10 12 1 1 10 12 10 12 1 10 12 1 1 10 100 12 1 1 1 10 12 1 10 12 1 1 10 12 1 10 12 1 3 3 10 12 1 10 12 1 1 10 12 1 1 10 12 1 1 10 12 1 10 12 1 1 10 12 1 1 10 12 1 10 12 1 10 12 1 10 12 1 1 10 12 1 10 12 1 10 12 1 10 12 1 10 12 1 10 12 1 10 100 1 10 8 1 10 12 1 1 10 12 1 8 1 10 12 1 1 10 12 10 12 1 8 1 10 10 12 1 1 10 12 1 1 10 12 1 10 12 1 1 10 12 10 100 1 10 10 12 1 10 12 1 10 12 1 10 10 12 1 10 12 1 1 10 12 1 100 1 10 10 12 1 100 1 10 10 12 1 10 12 1 1 10 12 1 10 12 1 1 10 10 12 1 1 10 100 1 10 10 12 1 10 12 1 1 10 12 1 1 10 100 1 10 12 1 10 12 1 10 12 1 10 12 1 1 10 12 1 11 7 1 11 12 10 12 1 10 12 1 1 10 12 1 1 10 10 12 1 10 12 1 9 12 1 1 11 7 12 1 1 1 10 10 12 1 10 12 1 1 10 10 12 1 10 12 1 10 12 1 1 9 12 1 10 12 1 1 10 10 12 1 1 10 12 10 10 12 1 10 12 10 10 12 10 10 12 1 10 12 1 10 12 10 10 12 10 12 1 10 12 10 12 10 10 12 1 10 12 1 1 10 12 1 10 10 12 1 10 7 12 1 1 1 10 12 1 1 10 10 7 12 1 1 1 11 10 12 1 10 12 1 1 10 12 1 1 10 7 12 1 1 1 10 12 1 10 10 12 1 10 12 1 10 12 1 10 100 12 1 1 10 12 1 100 1 100 1 8 1 10 10 10 12 1 8 1 10 12 1 3 3 7 1 10 10 12 1 10 12 1 10 12 1 1 10 12 1 1 11 7 12 1 1 1 7 1 10 12 1 1 10 12 1 10 12 1 1 10 12 1 1 8 1 10 12 1 1 10 12 1 11 100 12 1 1 1 11 100 12 1 1 11 12 1 1 10 12 1 10 12 1 1 10 10 7 12 1 1 1 10 12 1 10 12 1 10 10 12 10 12 1 1 10 10 12 1 10 10 12 1 10 10 12 1 10 10 12 1 10 12 1 1 10 10 12 1 8 1 10 12 1 1 18 12 1 1 11 100 12 1 1 1 100 1 3 18 12 1 18 12 1 8 1 10 100 12 1 1 1 11 12 1 1 10 12 10 10 12 1 10 11 12 1 1 10 12 1 1 11 12 1 18 3 11 10 12 1 11 11 10 12 1 10 12 1 1 8 1 10 12 1 10 12 1 10 12 1 1 10 10 12 1 11 100 12 1 7 1 100 1 10 12 1 7 1 10 10 7 12 1 1 1 100 1 10 7 1 10 10 12 1 10 10 12 1 8 1 10 10 12 1 8 1 8 1 10 12 1 10 12 1 10 10 12 10 100 12 1 1 10 100 12 1 1 10 100 12 1 1 8 1 10 12 1 10 12 1 1 10 10 12 8 1 8 1 10 8 1 8 1 8 1 8 1 10 12 1 10 12 1 8 1 10 100 12 1 1 1 10 12 10 12 1 1 10 12 10 10 12 10 12 7 1 9 12 1 1 7 1 10 100 1 100 1 100 1 100 1 1 1 1 1 1 5 0 1 1 1 1 1 3 1 3 1 1 1 1 1 1 1 1 1 1 1 1 1 1 1 100 1 1 1 100 1 1 1 1 1 1 1 1 1 1 1 1 1 1 1 1 1 1 1 1 1 1 1 1 1 1 1 100 1 1 1 1 1 1 1 1 1 100 1 1 1 1 1 1 1 1 1 1 1 1 1 1 1 1 1 1 1 1 1 1 1 1 1 1 1 1 1 1 1 1 1 1 1 1 1 1 1 1 1 1 1 1 1 1 1 1 1 1 1 1 1 1 1 1 1 1 1 1 1 1 1 1 1 1 1 1 1 1 1 1 1 1 1 1 1 1 1 1 1 1 1 1 1 1 1 1 1 1 1 1 1 1 1 1 1 1 1 1 1 1 1 1 1 1 1 1 1 1 1 1 1 1 1 1 1 1 1 1 1 1 1 1 1 1 1 1 1 1 1 1 1 1 1 1 1 1 1 1 1 1 1 1 1 1 1 1 1 1 1 1 1 1 1 1 1 1 1 1 1 1 1 1 1 1 1 1 1 100 1 1 1 1 1 1 1 1 1 1 1 1 1 1 1 1 1 1 1 1 1 1 1 1 100 1 1 1 1 1 1 1 1 1 1 1 1 1 100 1 1 1 1 1 1 1 1 1 1 1 1 1 1 1 15 10 100 12 1 1 1 16 15 10 12 16 15 10 12 15 10 12 15 10 12 1 1 1 1 100 1 100 1 1 1
staticfield java/lang/String COMPACT_STRINGS Z 1
staticfield java/lang/String serialPersistentFields [Ljava/io/ObjectStreamField; 0 [Ljava/io/ObjectStreamField;
staticfield java/lang/String CASE_INSENSITIVE_ORDER Ljava/util/Comparator; java/lang/String$CaseInsensitiveComparator
ciInstanceKlass java/security/ProtectionDomain 1 1 324 10 7 12 1 1 1 9 7 12 1 1 1 7 1 10 9 12 1 1 9 12 1 1 9 12 1 1 10 7 12 1 1 7 1 9 12 1 9 12 1 1 7 1 9 12 1 1 9 12 1 10 100 12 1 1 10 100 12 1 1 1 10 12 1 1 10 12 1 9 12 1 9 100 12 1 1 10 12 1 1 10 100 1 10 12 1 1 8 1 100 1 8 1 10 12 1 10 10 100 12 1 1 1 10 12 1 1 8 1 11 8 1 10 12 1 8 1 8 1 10 12 1 1 10 12 1 10 12 1 1 10 12 1 8 1 10 12 1 8 1 8 1 10 100 12 1 1 1 9 100 12 1 1 1 10 12 1 1 9 100 12 1 1 1 10 100 12 1 1 1 100 1 100 1 10 12 1 10 100 12 1 1 1 10 100 1 10 12 1 10 12 1 1 11 100 12 1 1 11 12 1 100 1 11 100 12 1 1 1 10 12 1 10 11 12 1 1 11 12 1 1 10 12 1 10 7 12 1 1 10 100 12 1 1 11 12 1 10 12 8 1 8 1 10 7 12 1 1 1 7 1 10 10 7 12 1 1 1 1 1 1 1 1 1 1 100 1 1 100 1 1 1 1 1 1 1 1 1 1 1 1 1 1 1 1 1 1 1 1 1 1 1 1 1 1 1 1 1 1 1 1 1 1 1 1 1 1 1 1 1 1 100 1 1 1 1 1 100 1 1 1 1 1
staticfield java/security/ProtectionDomain filePermCompatInPD Z 0
ciInstanceKlass java/security/CodeSource 1 1 395 10 7 12 1 1 1 9 7 12 1 1 1 9 12 1 1 9 12 1 1 9 12 1 1 10 7 12 1 1 1 9 12 1 1 10 100 12 1 1 10 100 10 100 12 1 1 1 10 100 12 1 1 1 10 12 1 1 100 1 10 10 100 12 1 1 1 10 100 12 1 1 1 10 12 1 1 10 12 1 100 1 10 12 1 1 10 12 1 1 10 12 1 1 10 12 1 10 10 10 12 1 1 10 100 12 1 1 1 10 12 1 10 12 1 10 12 1 8 1 10 12 1 10 12 1 10 12 1 1 10 12 1 8 1 10 12 1 1 10 100 1 10 10 12 1 1 8 1 10 12 1 10 12 1 10 12 1 8 1 8 1 9 12 1 1 100 1 8 1 10 12 1 10 12 1 1 8 1 10 12 1 8 1 8 1 8 1 10 100 12 1 1 10 12 1 1 10 12 1 10 12 1 1 10 12 1 1 10 12 1 1 100 1 100 1 10 12 1 10 12 10 12 1 1 10 100 12 1 1 10 12 1 100 1 10 12 10 8 1 10 12 1 10 12 1 10 12 1 1 100 1 10 12 1 1 100 1 100 1 8 1 8 1 10 10 12 1 1 10 100 12 1 1 1 100 1 10 12 10 12 1 1 11 100 12 1 1 10 10 12 1 11 10 12 1 8 1 100 1 10 12 1 10 12 1 1 10 12 1 11 12 1 1 11 100 1 1 1 1 5 0 1 1 1 1 1 1 1 1 1 1 1 1 1 1 1 1 1 1 1 1 1 1 1 1 1 1 1 1 1 1 1 1 1 1 1 1 1 1 1 1 1 1 1 1 1 1 1 1 1 1 1 1 1 1 1 1 1 1 1 1 1 1 1 1 1 100 1 1 1 1 1 1 1
ciInstanceKlass java/lang/StringBuilder 1 1 409 10 7 12 1 1 1 10 12 1 10 12 1 10 12 1 1 10 7 12 1 1 1 10 7 12 1 1 1 10 12 1 10 12 1 10 12 1 10 12 1 10 12 1 10 12 1 10 12 1 10 12 1 10 12 1 10 12 1 10 12 1 10 12 1 10 12 1 10 12 1 1 10 12 1 10 12 1 1 10 12 1 1 10 12 1 10 12 1 10 12 1 10 12 1 10 12 1 10 12 1 10 12 1 10 12 10 12 1 10 12 1 10 12 1 10 12 1 1 10 12 1 10 12 1 10 12 10 12 1 1 10 12 1 1 9 12 1 1 9 12 1 1 10 7 12 1 1 1 10 100 1 10 100 12 1 1 1 10 12 1 10 12 1 1 10 12 1 1 10 10 12 1 1 10 100 12 1 1 10 12 1 10 12 1 1 100 1 100 1 8 1 10 10 12 1 1 10 12 1 1 10 12 1 10 12 1 10 12 1 10 12 1 10 12 1 10 12 1 10 12 1 10 12 1 10 12 1 10 12 1 10 12 1 10 12 1 10 12 1 10 12 1 10 12 1 1 10 12 1 1 10 12 1 10 12 1 10 12 1 10 12 10 12 10 12 1 10 12 1 10 12 1 10 12 10 12 1 10 12 1 10 12 1 10 12 1 10 12 1 10 12 1 10 12 1 10 12 1 10 12 1 1 10 12 1 10 12 1 1 10 12 1 10 12 1 1 10 12 1 10 12 1 1 10 12 1 10 12 1 10 12 1 10 10 12 1 10 12 1 100 1 100 1 100 1 1 1 1 5 0 1 1 1 1 1 1 1 1 1 1 1 1 1 1 1 1 1 1 1 1 1 1 1 1 1 1 1 1 1 1 1 1 1 1 1 1 1 1 1 1 1 1 1 100 1 1 1 100 1 1 1 1 1 1 1 1 1 1
ciInstanceKlass jdk/internal/reflect/Reflection 1 1 376 10 100 12 1 1 1 10 7 12 1 1 1 10 12 1 1 10 7 12 1 1 1 10 100 12 1 1 1 11 100 12 1 1 1 100 1 100 1 10 8 1 10 12 1 1 10 12 1 10 12 1 1 10 12 1 10 7 12 1 1 1 10 12 1 1 10 12 1 1 10 7 12 1 1 1 10 12 1 1 10 12 1 10 12 1 10 12 1 10 12 1 10 12 1 10 7 12 1 1 1 10 12 1 10 12 1 1 10 12 1 1 10 12 1 1 9 12 1 1 10 12 1 1 9 12 1 11 7 12 1 1 100 1 8 1 10 7 1 10 12 1 11 7 12 1 1 1 11 12 1 1 10 12 1 1 7 1 7 1 10 12 1 8 1 11 12 1 1 10 100 12 1 1 1 100 1 11 100 12 1 1 10 7 12 1 1 10 7 12 1 1 1 7 1 10 12 1 1 10 12 1 1 11 100 12 1 1 1 10 12 1 8 1 10 12 1 1 8 1 8 1 8 1 8 1 8 1 10 12 1 8 1 8 1 8 1 8 1 100 1 10 8 1 11 12 1 1 9 12 1 1 7 1 8 1 8 1 11 12 1 7 1 7 1 7 1 7 1 8 1 11 12 1 11 12 1 1 1 1 1 1 1 1 1 1 1 1 1 1 1 1 1 1 1 1 1 1 1 1 1 1 1 1 1 1 1 1 1 1 1 1 1 1 1 1 1 1 1 1 1 1 1 1 1 1 1 1 1 1 1 1 1 1 1 1 1 1 1 1 1 1 1 1 1 1 1 1 1 1 1 1 1 1 1 1 1 1 1 1 1 1 1 1 1 1 1 1 1 100 1 1 1 1 1 1
staticfield jdk/internal/reflect/Reflection ALL_MEMBERS Ljava/util/Set; java/util/ImmutableCollections$Set12
ciInstanceKlass jdk/internal/loader/ClassLoaders 1 1 183 10 100 12 1 1 1 10 7 12 1 1 1 10 12 1 1 10 100 12 1 1 1 9 7 12 1 1 1 9 12 1 1 9 12 1 1 7 1 11 100 12 1 1 1 100 1 11 12 1 1 11 12 1 1 10 100 12 1 1 1 10 100 12 1 1 1 100 1 100 1 10 7 12 1 1 1 9 12 1 1 10 12 1 1 7 1 10 12 1 1 10 12 1 7 1 8 1 10 7 12 1 1 1 10 12 1 1 7 1 10 12 1 10 12 1 10 12 1 8 1 10 7 12 1 1 8 1 8 1 10 12 1 7 1 10 12 1 10 12 1 10 12 1 1 1 1 1 1 1 1 1 1 1 1 1 1 1 1 1 1 1 1 100 1 1 1 1 1 1 1 1 1 1 1 1 1 1 1 1 1 1 1
staticfield jdk/internal/loader/ClassLoaders JLA Ljdk/internal/access/JavaLangAccess; java/lang/System$2
staticfield jdk/internal/loader/ClassLoaders BOOT_LOADER Ljdk/internal/loader/ClassLoaders$BootClassLoader; jdk/internal/loader/ClassLoaders$BootClassLoader
staticfield jdk/internal/loader/ClassLoaders PLATFORM_LOADER Ljdk/internal/loader/ClassLoaders$PlatformClassLoader; jdk/internal/loader/ClassLoaders$PlatformClassLoader
staticfield jdk/internal/loader/ClassLoaders APP_LOADER Ljdk/internal/loader/ClassLoaders$AppClassLoader; jdk/internal/loader/ClassLoaders$AppClassLoader
ciInstanceKlass jdk/internal/misc/Unsafe 1 1 1285 10 7 12 1 1 1 9 7 12 1 1 1 9 12 1 1 10 12 1 1 10 7 12 1 1 1 10 12 1 1 10 12 1 1 10 12 1 1 10 12 1 1 10 12 1 1 10 12 1 1 10 12 1 1 10 12 1 1 10 12 1 1 10 12 1 1 10 12 1 1 10 12 1 1 10 12 1 1 10 12 1 10 12 1 100 1 10 10 12 1 1 10 12 1 1 5 0 10 12 1 1 10 12 1 1 10 7 12 1 1 1 10 12 1 1 10 12 1 10 12 1 10 12 1 1 10 12 1 1 10 12 1 10 12 1 100 1 100 1 10 8 1 10 12 1 1 10 12 1 8 1 10 12 1 1 10 12 1 10 12 1 10 12 1 1 10 12 1 10 12 1 1 10 12 1 1 10 12 1 10 12 1 10 12 1 10 12 1 1 10 12 1 10 12 1 10 12 1 1 10 12 1 5 0 5 0 5 0 10 12 1 10 12 1 10 12 1 10 12 1 10 12 1 10 12 1 10 12 1 10 12 1 10 12 1 1 10 12 1 10 12 1 100 1 8 1 10 100 1 10 10 12 1 1 10 12 1 1 10 12 1 10 12 1 1 10 12 1 1 10 12 1 10 12 1 1 10 12 1 9 7 12 1 1 9 12 1 100 1 10 10 12 1 1 8 1 10 8 1 8 1 10 12 1 1 9 7 12 1 1 1 9 100 1 9 7 1 9 7 1 9 9 100 1 9 7 1 9 100 1 10 12 1 1 10 12 1 1 10 12 1 1 10 12 1 1 5 0 5 0 9 12 1 1 10 12 1 10 12 1 10 12 1 1 10 12 1 1 10 12 1 8 1 3 10 12 1 1 10 12 1 1 10 12 1 10 12 1 1 10 12 1 1 10 12 1 10 12 1 10 12 1 10 12 1 10 12 1 10 12 1 1 10 12 1 1 10 12 1 10 12 1 10 12 1 10 12 1 10 12 1 10 12 1 1 10 12 1 1 10 12 1 10 12 1 10 12 1 10 12 1 10 12 1 10 12 1 1 10 12 1 1 10 12 1 1 10 12 1 1 10 12 1 10 12 1 10 12 1 10 12 1 10 12 1 10 12 1 10 12 1 1 10 12 1 1 10 12 1 10 12 1 10 12 1 10 12 1 10 12 1 10 12 1 10 12 1 1 10 12 1 1 10 12 1 10 12 1 10 12 1 10 12 1 10 12 1 10 12 1 10 12 1 10 12 1 1 10 12 1 10 12 1 10 12 1 10 12 1 10 12 1 1 10 12 1 10 12 1 10 12 1 10 12 1 10 12 1 10 12 1 10 12 1 10 12 1 1 10 12 1 10 12 1 10 12 1 10 12 1 10 12 1 10 12 1 1 10 12 1 10 12 1 10 12 1 1 10 12 1 10 12 1 10 12 1 10 12 1 10 12 1 10 12 1 10 12 1 10 12 1 10 12 1 10 12 1 10 12 1 10 12 1 10 12 1 10 12 1 10 12 1 10 12 1 10 12 1 10 12 1 10 12 1 10 12 1 10 12 1 10 12 1 100 1 10 100 1 10 9 12 1 5 0 10 12 1 1 5 0 10 12 1 5 0 10 12 1 10 12 1 10 12 1 1 10 12 1 1 10 12 1 10 12 1 10 12 1 10 12 1 1 10 12 1 10 12 1 10 12 1 10 12 1 10 12 1 1 10 12 1 10 12 1 10 12 1 10 12 1 1 10 12 1 10 12 1 10 12 1 1 10 12 1 10 12 1 10 12 1 10 12 1 1 10 12 1 10 10 12 1 1 10 12 1 10 12 1 1 10 12 1 10 12 5 0 5 0 5 0 10 12 1 1 10 12 1 10 12 1 10 12 10 100 12 1 1 8 1 100 1 11 12 1 1 8 1 11 12 1 1 10 100 12 1 1 10 12 1 10 12 1 10 12 1 10 12 1 10 12 1 1 10 12 1 10 12 1 10 12 1 10 12 1 10 12 1 10 12 1 10 7 1 10 12 1 9 12 1 7 1 9 12 1 7 1 9 12 1 7 1 9 12 1 7 1 9 12 1 7 1 9 12 1 7 1 9 12 1 7 1 9 12 1 7 1 9 12 1 10 12 1 9 12 1 9 12 1 9 12 1 9 12 1 9 12 1 9 12 1 9 12 1 9 12 1 9 12 1 9 12 1 1 1 3 1 1 1 1 1 1 1 1 1 1 1 1 1 1 1 1 1 1 1 1 1 1 1 1 1 1 1 1 1 1 1 1 1 1 1 1 1 1 1 1 1 1 1 1 1 1 1 1 1 1 1 1 1 1 1 1 1 1 1 1 1 1 1 1 1 1 1 1 1 1 1 1 1 1 1 1 1 1 1 1 1 1 1 1 1 1 1 1 1 100 1 1 1 1 1 1 1 1 1 1 1 1 1 1 1 1 1 1 1 1 1 1 1 1 1 1 1 1 1 1 1 1 1 1 1 1 1 1 1 1 1 1 1 1 1 1 1 1 1 1 1 1 1 1 1 1 1 1 1 1 1 1 1 1 1 1 1 1 1 1 1 1 1 1 1 1 1 1 1 1 1 1 1 1 1 1 1 1 1 1 1 1 1 1 1 1 1 1 1 1 1 1 1 1 1 1 1 1 1 1 1 1 1 1 1 1 1 1 1 1 1 1 1 1 1 1 1 1 1 1 1 1 1 1 1 1 1 1 1 1 1 1 1 1 1 1 1 1 1 1 1 1 1 1 1 1 1 1 1 1 1 1 1 1 1 1 1 1 1 1 1 1 1 1 1 1 1 1 1 1 1 1 1 1 1 1 1 1 1 1 1 1 1 1 1 1 1 1 1 1 1 1 1 1 1 1 1 3 1 1 1 1 1 1 1 1 1 1 1 1 1 1 1 1 1 1 1 1 1
staticfield jdk/internal/misc/Unsafe theUnsafe Ljdk/internal/misc/Unsafe; jdk/internal/misc/Unsafe
staticfield jdk/internal/misc/Unsafe ARRAY_BOOLEAN_BASE_OFFSET I 16
staticfield jdk/internal/misc/Unsafe ARRAY_BYTE_BASE_OFFSET I 16
staticfield jdk/internal/misc/Unsafe ARRAY_SHORT_BASE_OFFSET I 16
staticfield jdk/internal/misc/Unsafe ARRAY_CHAR_BASE_OFFSET I 16
staticfield jdk/internal/misc/Unsafe ARRAY_INT_BASE_OFFSET I 16
staticfield jdk/internal/misc/Unsafe ARRAY_LONG_BASE_OFFSET I 16
staticfield jdk/internal/misc/Unsafe ARRAY_FLOAT_BASE_OFFSET I 16
staticfield jdk/internal/misc/Unsafe ARRAY_DOUBLE_BASE_OFFSET I 16
staticfield jdk/internal/misc/Unsafe ARRAY_OBJECT_BASE_OFFSET I 16
staticfield jdk/internal/misc/Unsafe ARRAY_BOOLEAN_INDEX_SCALE I 1
staticfield jdk/internal/misc/Unsafe ARRAY_BYTE_INDEX_SCALE I 1
staticfield jdk/internal/misc/Unsafe ARRAY_SHORT_INDEX_SCALE I 2
staticfield jdk/internal/misc/Unsafe ARRAY_CHAR_INDEX_SCALE I 2
staticfield jdk/internal/misc/Unsafe ARRAY_INT_INDEX_SCALE I 4
staticfield jdk/internal/misc/Unsafe ARRAY_LONG_INDEX_SCALE I 8
staticfield jdk/internal/misc/Unsafe ARRAY_FLOAT_INDEX_SCALE I 4
staticfield jdk/internal/misc/Unsafe ARRAY_DOUBLE_INDEX_SCALE I 8
staticfield jdk/internal/misc/Unsafe ARRAY_OBJECT_INDEX_SCALE I 4
staticfield jdk/internal/misc/Unsafe ADDRESS_SIZE I 8
ciInstanceKlass java/util/Map 1 1 259 11 7 12 1 1 1 11 12 1 1 10 100 12 1 1 11 12 1 1 11 7 12 1 1 1 11 100 12 1 1 1 11 12 1 1 7 1 11 12 1 11 12 1 100 1 100 1 10 12 1 1 11 100 12 1 1 1 11 100 12 1 1 1 11 12 1 11 12 1 10 12 1 1 11 12 1 11 100 12 1 9 7 12 1 1 1 100 1 10 12 7 1 7 1 10 12 1 7 1 10 7 1 11 12 1 1 7 1 11 12 1 1 1 1 1 1 1 1 1 1 1 1 1 1 1 1 1 1 1 1 1 1 1 1 1 1 1 1 1 1 1 1 1 1 1 1 1 1 1 1 1 1 1 1 1 1 1 1 1 1 1 1 1 1 1 1 1 1 1 1 1 1 1 1 1 1 1 1 1 1 1 1 1 1 1 1 1 1 1 1 1 1 1 1 1 1 1 1 1 1 1 1 1 1 1 1 1 1 1 1 1 1 1 1 1 1 1 1 1 1 1 1 1 1 1 1 1 1 1 1 1 1 1 1 1 1 1 1 1 100 1 1 1 1 1 1 1 1 1 1 1 1 1 1 1 1 1 1
ciInstanceKlass java/lang/ThreadGroup 1 1 293 10 7 12 1 1 1 9 7 12 1 1 1 8 1 9 12 1 1 7 1 9 12 1 9 12 1 1 10 12 1 1 10 12 1 1 10 12 1 10 12 1 1 10 12 1 9 12 1 1 10 12 1 1 10 12 1 9 12 1 10 100 12 1 1 1 9 12 1 9 12 1 1 10 7 12 1 1 1 100 10 12 1 1 10 7 12 1 1 1 10 100 12 1 9 12 1 10 12 1 1 10 12 1 1 9 12 1 1 10 12 1 1 10 12 1 10 12 1 10 12 1 1 10 12 1 1 10 12 1 10 12 1 10 10 12 1 10 12 1 10 100 1 10 10 12 1 10 12 1 10 12 1 7 10 12 1 9 12 1 1 10 12 1 1 8 1 10 100 12 1 1 1 10 12 1 1 10 12 1 1 10 12 1 1 11 100 1 100 1 9 12 1 100 1 10 8 1 10 12 1 1 10 12 1 1 8 1 10 12 1 10 100 12 1 1 1 10 12 1 1 10 100 1 8 1 10 8 1 10 12 1 8 1 1 1 1 1 1 1 1 1 1 1 1 1 1 1 1 1 3 1 1 1 1 1 1 1 1 1 1 1 1 1 1 1 1 1 1 1 1 1 1 1 1 1 1 1 1 1 1 1 1 1 1 1 1 1 1 1 1 1 1
instanceKlass sbt/internal/util/Terminal$proxyErrorStream$
instanceKlass sbt/internal/util/Terminal$LinePrintStream
ciInstanceKlass java/io/PrintStream 1 1 346 100 1 10 12 1 1 8 1 10 7 12 1 1 1 10 7 12 1 1 1 100 1 100 1 100 1 10 10 7 12 1 1 9 12 1 1 9 12 1 9 12 1 7 1 10 9 12 1 1 7 1 10 12 1 9 12 1 1 10 12 1 10 12 1 8 1 7 1 10 12 1 10 12 1 10 12 1 100 1 10 10 12 1 8 1 10 12 1 9 12 1 1 100 1 8 1 10 10 12 1 1 10 12 1 10 12 1 10 10 10 12 1 1 10 12 1 1 100 1 10 100 12 1 1 1 10 12 1 10 12 1 10 10 12 1 10 12 1 10 10 12 1 10 12 10 100 12 1 1 1 10 12 1 1 10 10 12 1 10 12 1 10 12 1 10 12 1 10 12 1 10 10 12 1 10 10 100 12 1 1 1 10 12 1 10 12 1 1 10 12 1 10 12 10 12 1 10 12 1 10 12 1 10 12 10 12 10 12 10 12 1 1 10 12 1 9 12 1 1 10 100 12 1 1 1 9 100 12 1 1 1 10 100 12 1 1 1 10 12 1 10 12 1 10 12 1 8 1 11 100 12 1 1 1 10 12 1 1 10 12 1 10 12 1 100 1 100 1 1 1 1 1 1 1 1 1 1 1 1 1 1 1 1 100 1 1 1 1 1 1 1 1 100 1 1 1 1 1 1 1 1 1 100 1 1 1 1 1 1 1 1 1 1 1 1 1 1 1 1 1 1 1 1 1 1 1 1 1 1 100 1 1 1 1 1 1 1 1 1 1 1 1 1 1 1
instanceKlass java/security/Provider
ciInstanceKlass java/util/Properties 1 1 651 10 7 12 1 1 1 100 1 10 7 12 1 1 7 1 10 12 1 9 12 1 1 9 12 1 1 9 12 1 1 10 7 12 1 1 1 10 12 1 1 8 1 10 7 12 1 1 1 7 1 10 12 1 10 12 1 1 8 1 10 12 1 7 1 10 12 10 12 1 1 9 12 1 1 10 12 1 1 7 1 10 12 1 10 12 1 10 12 1 1 100 1 8 1 10 12 1 10 12 1 10 12 1 1 10 12 1 100 1 3 10 10 100 12 1 1 1 10 12 1 10 12 1 1 8 1 10 12 1 10 12 1 1 8 1 10 100 12 1 1 10 12 1 1 10 12 1 10 12 1 1 100 1 10 12 1 10 12 1 1 100 1 9 100 12 1 1 1 10 12 1 10 12 1 1 100 1 10 10 10 12 1 1 11 7 12 1 1 1 11 7 12 1 1 1 11 12 1 1 7 1 11 12 1 11 12 1 10 12 1 1 8 1 10 12 1 10 12 1 100 1 10 10 12 1 1 10 100 12 1 1 9 100 12 1 1 10 12 1 1 10 100 12 1 1 1 100 1 100 1 100 1 10 8 1 8 1 10 12 1 10 12 1 10 12 1 1 10 10 12 1 1 10 12 1 1 7 1 10 10 12 1 11 7 12 1 1 10 7 12 1 1 1 8 1 10 100 12 1 1 11 8 1 10 100 1 11 10 12 1 10 12 1 10 12 1 10 12 1 1 10 12 1 1 10 12 1 1 10 12 1 10 12 1 10 10 12 1 10 12 1 10 12 1 10 10 12 1 1 10 12 1 1 7 1 10 10 12 1 10 12 1 10 12 1 10 12 1 10 12 1 1 10 12 1 1 10 12 1 10 12 1 10 12 1 1 10 12 10 12 1 1 10 12 1 1 10 12 1 10 12 1 1 10 12 1 1 10 12 100 1 10 11 100 12 1 1 4 11 10 12 1 1 10 100 12 1 1 11 12 1 10 12 1 1 10 100 12 1 1 10 12 1 100 1 8 1 10 12 1 10 10 100 12 1 1 1 100 1 6 0 10 12 1 1 11 100 12 1 1 1 10 12 1 10 12 1 1 1 1 1 5 0 1 1 1 1 1 1 1 1 1 1 1 1 1 1 1 1 1 1 1 1 1 1 1 1 1 1 1 1 1 1 1 1 1 1 1 1 1 1 1 1 100 1 1 1 1 1 1 1 1 1 1 1 1 1 1 1 1 1 1 1 1 100 1 1 1 1 1 1 1 100 1 100 1 1 1 1 100 1 1 1 1 1 1 1 1 1 1 1 1 1 1 1 1 1 1 1 1 1 1 1 1 1 1 1 1 1 1 1 1 1 1 1 1 1 1 1 1 1 1 1 1 1 1 1 1 1 1 1 1 1 1 1 1 1 1 1 1 1 1 1 1 1 1 1 1 1 1 1 1 1 1 1 1 100 1 1 1 1 1 1 1 1 1 100 1 1 1
staticfield java/util/Properties UNSAFE Ljdk/internal/misc/Unsafe; jdk/internal/misc/Unsafe
instanceKlass scala/collection/convert/Wrappers$DictionaryWrapper
instanceKlass java/util/Hashtable
ciInstanceKlass java/util/Dictionary 1 1 36 10 7 12 1 1 1 100 1 1 1 1 1 1 1 1 1 1 1 1 1 1 1 1 1 1 1 1 1 1 1 1 1 1 1 1
instanceKlass java/util/Properties
ciInstanceKlass java/util/Hashtable 1 1 512 100 1 10 7 12 1 1 1 9 7 12 1 1 1 100 1 100 1 10 8 1 10 12 1 1 10 12 1 10 12 1 1 10 12 1 10 7 12 1 1 1 8 1 10 12 1 9 12 1 1 7 1 9 12 1 1 4 10 7 12 1 1 1 9 12 1 4 10 12 1 11 100 12 1 1 1 10 12 1 1 10 12 1 1 9 12 1 10 12 1 1 100 1 10 9 12 1 1 10 7 12 1 1 1 9 12 1 1 10 12 1 10 12 1 3 9 12 1 9 12 1 3 10 12 1 10 12 1 10 12 1 1 11 12 1 1 11 100 12 1 1 1 11 100 12 1 1 1 11 12 1 100 1 11 12 1 11 12 1 10 12 1 1 10 12 1 1 10 12 1 9 12 1 1 9 12 9 12 1 1 10 100 1 100 1 10 12 1 10 8 1 10 10 12 1 8 1 10 8 1 10 100 12 1 1 1 7 1 10 12 1 10 12 1 100 1 10 12 1 10 12 1 1 100 1 10 100 1 10 10 12 1 1 11 12 1 1 11 12 1 100 1 10 10 10 100 12 1 1 11 100 12 1 1 1 100 1 10 11 100 12 1 1 11 100 12 1 10 12 1 10 12 1 1 10 100 12 1 1 10 12 1 1 10 12 1 1 10 12 1 1 10 100 12 1 1 1 8 10 100 12 1 1 100 1 8 1 10 4 10 12 4 10 12 1 8 1 10 12 10 100 12 1 1 1 100 1 11 100 12 1 1 1 10 100 12 1 1 1 10 12 1 10 12 1 1 10 100 1 100 1 1 1 1 1 1 5 0 1 1 1 1 1 3 1 3 1 3 1 1 1 1 1 1 1 1 1 1 1 1 1 1 1 1 1 1 1 1 1 1 1 1 1 100 1 1 1 1 1 1 1 1 1 1 1 1 1 1 1 1 1 1 1 1 1 1 1 1 1 1 1 1 1 100 1 1 1 1 1 1 1 1 1 1 1 1 1 1 1 1 1 1 1 1 1 1 1 1 1 1 1 1 1 1 1 1 1 1 1 1 1 1 1 1 1 1 1 1 1 1 1 1 1 1 1 1 1 1 1 1 1 1 100 1 1 1 100 1 1 1 1 1 100 1 1 1 1 1 1 1 1 1 1 1 1 1 1 1 1 1 1
ciInstanceKlass java/util/Set 1 1 140 100 1 10 100 12 1 1 1 9 7 12 1 1 1 7 1 10 12 1 1 10 12 1 7 1 7 1 10 12 1 7 1 7 1 7 1 10 12 1 10 12 1 1 11 12 1 1 100 1 1 1 1 1 1 1 1 1 1 1 1 1 1 1 1 1 1 1 1 1 1 1 1 1 1 1 1 1 1 1 1 1 1 1 1 1 1 1 1 1 1 1 1 1 1 1 1 1 1 1 1 1 1 1 1 1 1 1 1 1 1 1 1 1 1 1 1 1 1 1 1 1 1 1 1 1 1 1 1 1 1 1 1 1 1 1 1 1 1 1
instanceKlass sun/nio/ch/ChannelInputStream
instanceKlass scala/tools/nsc/symtab/classfile/ReusableDataReader$$anon$1
instanceKlass sbt/internal/util/WindowsInputStream$$anon$1
instanceKlass sbt/internal/util/Terminal$WriteableInputStream
instanceKlass org/jline/utils/NonBlockingInputStream
instanceKlass sbt/internal/util/Terminal$$anonfun$nullInputStream$lzycompute$1
instanceKlass sbt/internal/util/Terminal$proxyInputStream$
instanceKlass sbt/internal/util/WindowsInputStream
instanceKlass sbt/internal/util/Terminal$WrappedSystemIn$
instanceKlass sbt/internal/util/Terminal$$anon$2
instanceKlass java/io/ObjectInputStream
instanceKlass sbt/internal/BootServerSocket$1
instanceKlass java/util/zip/ZipFile$ZipFileInputStream
instanceKlass java/io/FilterInputStream
instanceKlass java/io/FileInputStream
instanceKlass java/io/ByteArrayInputStream
ciInstanceKlass java/io/InputStream 1 1 184 100 1 10 7 12 1 1 1 100 1 10 10 7 12 1 1 1 10 7 12 1 1 1 10 12 1 100 1 3 10 12 1 1 100 1 8 1 10 12 1 10 7 12 1 1 1 3 100 1 8 1 10 10 7 12 1 1 1 7 1 10 11 7 12 1 1 1 10 12 1 1 11 12 1 1 11 7 12 1 1 1 11 12 1 1 7 1 10 7 12 1 1 1 5 0 10 12 1 10 12 1 1 100 1 10 8 1 10 8 1 8 1 10 12 1 1 10 100 12 1 1 1 100 1 1 1 1 3 1 3 1 1 1 1 1 1 1 1 1 1 1 1 1 1 1 1 1 1 1 1 1 1 1 1 1 1 1 1 1 1 1 1 1 1 1 1 1 1 1 1 1 1 1 1 1 1 1 1 1 1 1 1 1
ciInstanceKlass java/io/ByteArrayInputStream 1 1 96 10 7 12 1 1 1 9 7 12 1 1 1 9 12 1 1 9 12 1 9 12 1 10 100 12 1 1 1 10 7 12 1 1 1 10 7 12 1 1 1 10 100 12 1 1 1 10 12 1 1 10 100 12 1 1 1 1 1 1 1 1 1 1 1 1 1 1 1 1 1 1 1 1 1 1 1 1 1 1 1 100 1 1 1 1 1 1 1 1 1 1 1 1 1 1
ciMethod java/io/InputStream readNBytes ([BII)I 512 512 383 0 -1
instanceKlass java/security/DigestInputStream
instanceKlass java/io/DataInputStream
instanceKlass scala/reflect/io/FileZipArchive$LeakyEntry$$anon$2
instanceKlass sun/net/www/protocol/jar/JarURLConnection$JarURLInputStream
instanceKlass java/util/jar/Manifest$FastInputStream
instanceKlass java/util/zip/InflaterInputStream
instanceKlass java/io/BufferedInputStream
ciInstanceKlass java/io/FilterInputStream 1 1 62 10 7 12 1 1 1 9 7 12 1 1 1 10 12 1 1 10 12 1 10 10 12 1 1 10 12 1 10 12 1 10 12 1 1 10 12 1 10 12 1 1 1 1 1 1 1 1 1 100 1 1 1 1 1 1 1 1 1 1 1 1
ciMethod java/io/InputStream readAllBytes ()[B 22 0 11 0 -1
instanceKlass sbt/internal/CommandExchange$FastTrackThread
instanceKlass sbt/internal/ui/UserThread$$anon$1
instanceKlass sbt/internal/ShutdownHooks$$anon$1
instanceKlass sbt/internal/classpath/ClassLoaderCache$CleanupThread
instanceKlass org/jline/utils/ShutdownHooks$1
instanceKlass com/sun/jna/internal/Cleaner$1
instanceKlass java/util/logging/LogManager$Cleaner
instanceKlass scala/sys/ShutdownHookThread
instanceKlass java/util/concurrent/ForkJoinWorkerThread
instanceKlass sbt/internal/parser/SbtParserInit$$anon$2
instanceKlass jdk/internal/misc/InnocuousThread
instanceKlass java/lang/ref/Finalizer$FinalizerThread
instanceKlass java/lang/ref/Reference$ReferenceHandler
ciInstanceKlass java/lang/Thread 1 1 612 9 7 12 1 1 1 9 12 1 1 10 12 1 1 9 12 1 1 9 12 1 1 100 1 8 1 10 12 1 1 3 8 1 100 1 5 0 10 12 1 1 10 7 12 1 1 9 12 1 1 9 12 1 9 12 1 1 9 12 1 100 1 8 1 10 9 12 1 1 10 7 12 1 1 1 10 100 12 1 1 1 10 10 7 12 1 1 10 12 1 1 10 12 1 1 9 100 12 1 1 1 10 12 1 1 10 12 1 9 12 1 1 10 12 1 1 10 12 1 1 9 12 1 10 12 1 1 9 12 1 1 10 7 12 1 1 1 9 12 1 1 9 12 1 1 10 12 1 1 10 7 12 1 1 1 9 12 1 10 12 1 1 9 12 1 100 1 10 7 1 10 8 1 10 12 1 1 10 12 1 10 12 1 10 12 1 1 10 12 1 10 12 1 9 12 1 100 1 10 10 12 1 1 10 12 1 10 12 1 100 1 11 7 12 1 1 9 7 12 1 1 1 10 12 1 10 12 1 10 12 9 12 1 1 10 9 12 1 10 12 1 100 1 10 10 12 1 1 9 12 1 10 12 1 11 100 12 1 1 10 12 1 9 12 1 10 12 1 10 12 1 10 10 12 1 10 12 1 10 12 1 10 12 1 10 12 1 1 100 1 10 10 12 1 10 12 1 10 12 1 9 100 12 1 1 1 10 12 1 1 10 12 1 100 1 8 1 10 10 12 1 10 12 8 1 10 12 1 8 1 10 8 1 8 1 10 100 12 1 1 10 100 12 1 1 1 100 1 8 1 10 9 12 1 9 12 1 1 10 12 1 1 10 10 12 1 1 9 12 1 10 12 1 1 100 1 10 12 11 100 12 1 1 1 9 100 12 1 1 1 9 12 1 1 10 12 1 1 100 1 10 12 1 11 100 12 1 1 1 100 1 10 12 1 10 12 1 1 11 12 1 10 12 1 100 1 10 12 1 10 12 1 1 10 7 12 1 1 1 8 1 9 12 1 10 12 1 1 11 100 12 1 1 1 10 100 12 1 1 1 11 12 1 10 12 1 7 1 1 1 1 3 1 3 1 3 1 1 1 1 1 1 1 1 1 1 1 1 1 1 1 1 1 1 1 7 1 1 1 1 1 1 1 1 1 1 1 1 100 1 100 1 1 1 1 1 1 1 1 1 1 1 1 1 1 1 1 1 1 1 1 1 1 1 1 1 1 1 1 1 1 1 1 1 1 1 1 1 1 1 1 1 1 1 100 100 1 1 1 1 1 1 1 1 1 100 1 1 1 1 1 1 1 1 1 1 1 1 1 1 1 1 1 1 1 1 1 1 1 1 1 1 1 1 100 1 1 1 1 1 1 100 1 1 100 1 1 1 1 1 1
staticfield java/lang/Thread EMPTY_STACK_TRACE [Ljava/lang/StackTraceElement; 0 [Ljava/lang/StackTraceElement;
ciMethod java/lang/System getSecurityManager ()Ljava/lang/SecurityManager; 512 0 64684 0 96
ciMethod java/lang/System allowSecurityManager ()Z 512 0 64688 0 0
instanceKlass jdk/internal/loader/URLClassPath$FileLoader$1
instanceKlass sun/net/www/protocol/jrt/JavaRuntimeURLConnection$1
instanceKlass jdk/internal/loader/URLClassPath$JarLoader$2
ciInstanceKlass jdk/internal/loader/Resource 1 1 117 10 7 12 1 1 1 9 7 12 1 1 1 10 12 1 1 10 12 1 10 7 12 1 1 1 10 12 1 1 100 1 100 1 3 10 7 12 1 1 1 10 7 12 1 1 1 10 7 12 1 1 1 100 1 8 1 10 12 1 10 12 1 100 1 10 12 1 1 10 12 1 7 1 11 12 1 1 1 1 1 1 1 1 1 1 1 1 1 1 1 1 1 1 1 1 1 1 1 1 1 1 1 1 100 100 1 1 1 1 1 1 1 1 1 1 1
ciInstanceKlass jdk/internal/loader/URLClassPath$JarLoader$2 1 1 132 9 7 12 1 1 1 9 12 1 1 9 12 1 1 9 12 1 1 10 7 12 1 1 1 9 12 1 1 9 7 12 1 1 9 12 1 1 10 7 12 1 1 1 10 7 12 1 1 1 10 7 12 1 1 1 11 7 12 1 1 1 10 12 1 1 10 12 1 1 10 12 1 1 10 12 1 1 7 1 10 10 12 1 1 10 12 1 10 12 1 100 1 8 1 10 12 1 1 1 1 1 1 1 1 1 1 1 1 1 1 1 1 1 1 1 1 1 1 1 100 1 1 1 12 1 1 1 7 1 1 1
ciInstanceKlass jdk/internal/util/jar/JarIndex 1 1 339 10 7 12 1 1 1 7 1 10 9 7 12 1 1 1 9 12 1 10 10 12 1 1 9 12 1 1 10 12 1 1 8 1 10 7 12 1 1 1 10 12 1 1 10 12 10 12 1 1 7 1 10 10 12 1 1 10 12 1 1 10 12 1 10 7 12 1 1 1 10 12 1 1 10 12 1 1 10 12 1 1 100 1 9 100 12 1 1 1 10 12 1 1 10 12 1 10 12 1 1 11 100 12 1 1 1 11 12 1 1 100 1 10 12 1 1 8 1 10 12 1 8 1 8 1 10 12 1 1 9 12 1 1 10 12 10 12 1 10 12 1 100 1 100 1 9 7 12 1 1 1 10 12 1 10 12 1 8 1 10 12 1 100 1 10 10 12 1 1 8 1 10 12 1 10 12 1 1 11 100 12 1 1 11 12 1 10 12 1 7 1 7 1 10 12 1 10 12 1 7 1 10 10 12 1 8 1 10 12 1 10 12 1 10 10 12 1 1 10 12 1 1 7 10 12 1 1 11 100 1 100 1 11 12 1 11 12 1 10 12 1 1 8 1 8 1 10 7 12 1 1 1 1 1 1 1 1 1 1 1 1 1 1 1 100 1 1 1 1 1 1 1 1 1 1 100 1 1 1 1 1 1 1 1 1 1 1 1 1 1 1 1 1 1 1 1 1 1 1 1 1 1 1 1 1 1 1 1 1 1 1 1 1 1 1 1 1 1 1 100 1 1 1 1 1 1 1 1 1 1 1 1 1 1 1 100 1 1
staticfield jdk/internal/util/jar/JarIndex metaInfFilenames Z 0
ciMethod jdk/internal/util/jar/JarIndex get (Ljava/lang/String;)Ljava/util/LinkedList; 122 0 61 0 -1
ciMethod jdk/internal/util/jar/JarIndex getJarFiles ()[Ljava/lang/String; 2 0 1 0 -1
ciMethod jdk/internal/loader/Resource <init> ()V 768 0 1386 0 0
ciInstanceKlass java/lang/StringLatin1 1 1 380 7 1 10 100 12 1 1 1 100 1 10 12 1 10 7 12 1 1 1 10 7 12 1 1 1 10 12 1 10 7 12 1 1 1 10 12 1 1 10 7 12 1 1 1 10 12 1 1 10 12 1 1 10 10 12 1 10 12 1 1 10 9 7 12 1 1 1 10 12 1 1 10 7 12 1 1 1 10 12 10 12 1 1 10 12 1 1 10 12 1 1 10 7 12 1 1 1 10 12 1 10 12 1 1 9 12 1 1 100 1 10 10 100 12 1 1 1 10 7 12 1 1 1 10 12 1 10 12 1 100 1 100 1 8 1 10 12 1 8 1 10 12 100 1 10 10 10 7 12 1 1 1 8 1 8 1 8 1 10 12 1 1 10 100 12 1 1 10 12 1 10 12 1 1 10 12 1 1 10 12 1 1 10 12 1 10 12 10 12 10 12 1 10 12 10 10 12 1 10 12 1 10 12 1 10 100 12 1 1 1 10 100 12 1 1 1 10 12 1 1 10 12 1 1 10 10 7 12 1 1 1 1 1 1 1 1 1 1 1 1 1 1 1 1 1 1 1 1 1 1 1 1 1 1 1 1 1 1 1 1 1 1 1 1 1 1 1 1 1 1 1 1 1 1 1 1 1 1 1 1 100 1 1 1 1 1 1 1 1 1 1 1 1 1 1 1 1 1 1 1 1 1 1 1 1 1 1 1 1 1 1 1 1 1 1 1 1 1 1 1 1 1 1 1 1 100 1 1 1 1 1 1 1 1 1 1 1 1 1 1 1 1 1 1 1 1 1 100 1 1 1 1 1 1 1 1 1 1 1 1 1 1 1 1 1 1 1 1 1 1 1 1 1 1 100 1 1 1 1
staticfield java/lang/StringLatin1 $assertionsDisabled Z 1
instanceKlass java/net/SocketPermission
instanceKlass java/io/FilePermission
instanceKlass java/security/UnresolvedPermission
instanceKlass java/security/AllPermission
instanceKlass java/security/BasicPermission
ciInstanceKlass java/security/Permission 1 1 96 10 7 12 1 1 1 9 7 12 1 1 1 10 100 12 1 1 1 10 100 12 1 1 1 10 12 1 1 10 100 12 1 1 1 100 1 10 8 1 10 12 1 1 10 12 1 1 10 100 12 1 1 8 1 8 1 10 12 1 100 1 100 1 1 1 1 5 0 1 1 1 1 1 1 1 1 1 1 1 1 1 1 100 1 1 1 1 1 1 1 1 1 1 1 1
ciInstanceKlass java/io/FilePermission 1 1 403 7 1 10 7 12 1 1 1 9 12 1 1 9 12 1 9 12 1 1 9 12 1 1 9 12 1 1 9 12 1 9 12 1 9 12 1 9 12 1 11 7 12 1 1 1 9 12 1 11 12 1 1 11 12 1 1 11 12 1 100 1 8 1 10 9 7 12 1 1 10 12 1 1 100 1 8 1 10 8 1 10 7 12 1 1 1 9 12 1 8 1 10 12 1 1 100 1 10 12 1 10 12 1 1 10 12 1 1 10 12 1 1 8 1 10 12 1 9 12 1 1 7 1 10 10 12 1 10 7 12 1 1 11 12 1 9 12 1 11 11 12 1 100 1 8 1 8 1 100 1 10 12 1 10 100 12 1 1 1 10 12 1 1 9 12 1 1 10 12 1 1 10 12 1 1 10 12 1 1 10 12 1 1 10 12 1 10 12 1 1 10 12 1 1 11 12 1 10 100 12 1 1 11 12 1 9 12 1 11 12 1 10 100 12 1 1 1 100 1 10 100 12 1 1 1 10 100 12 1 1 10 12 1 1 100 1 8 1 8 1 8 1 8 1 8 1 10 12 1 1 8 1 100 1 8 1 10 12 1 10 12 1 1 10 10 12 1 1 7 1 10 10 12 10 100 12 1 1 10 100 12 1 1 10 12 1 10 7 12 1 1 1 8 1 10 7 12 1 1 1 8 1 7 1 10 10 7 12 1 1 1 100 1 1 1 3 1 3 1 3 1 3 1 3 1 3 1 3 1 3 1 3 1 1 5 0 1 1 1 1 1 1 1 1 1 1 1 1 1 1 1 1 1 1 1 1 1 1 1 1 1 1 1 1 1 1 1 1 1 1 1 1 1 1 1 1 1 100 1 1 1 1 1 1 1 1 1 100 1 1 1 1 100 1 1 1 1 1 1 1 1 1
staticfield java/io/FilePermission builtInFS Ljava/nio/file/FileSystem; sun/nio/fs/WindowsFileSystem
staticfield java/io/FilePermission here Ljava/nio/file/Path; sun/nio/fs/WindowsPath
staticfield java/io/FilePermission EMPTY_PATH Ljava/nio/file/Path; sun/nio/fs/WindowsPath
staticfield java/io/FilePermission DASH_PATH Ljava/nio/file/Path; sun/nio/fs/WindowsPath
staticfield java/io/FilePermission DOTDOT_PATH Ljava/nio/file/Path; sun/nio/fs/WindowsPath
ciMethod java/security/Permission getActions ()Ljava/lang/String; 0 0 1 0 -1
ciMethod java/security/Permission getName ()Ljava/lang/String; 256 0 128 0 -1
ciInstanceKlass java/lang/Math 1 1 395 10 100 12 1 1 1 10 7 12 1 1 1 10 12 1 10 12 1 10 12 1 10 12 1 10 12 1 7 1 6 0 6 0 10 12 1 10 12 1 10 12 1 10 12 1 10 12 1 10 12 1 1 10 12 1 10 12 1 10 12 1 10 12 1 10 12 1 10 7 12 1 1 1 100 1 3 3 3 10 7 12 1 1 1 100 1 5 0 5 0 5 0 5 0 5 0 9 100 12 1 1 1 10 100 12 1 1 1 100 1 8 1 10 12 1 8 1 10 12 1 1 10 12 1 1 100 1 5 0 5 0 100 1 3 5 0 3 5 0 10 12 1 10 12 1 8 1 10 12 1 8 1 9 12 1 1 9 12 1 10 12 1 1 6 0 10 12 1 9 12 1 1 100 1 10 10 12 1 100 1 10 12 1 10 12 1 1 10 12 1 10 12 1 10 12 1 10 12 1 1 10 12 1 1 10 12 1 1 10 12 6 0 10 12 1 1 10 12 1 1 10 12 10 12 1 4 10 12 1 1 10 12 1 10 12 1 10 12 10 12 1 10 12 1 10 12 1 10 12 1 10 12 1 10 12 1 10 12 1 5 0 6 0 4 6 0 4 6 0 4 10 12 1 1 9 12 1 1 10 12 1 9 12 1 10 7 12 1 1 1 4 6 0 1 1 6 0 1 6 0 1 1 1 1 1 1 1 1 1 1 1 1 1 1 1 1 1 1 1 1 1 1 1 1 1 1 1 1 1 1 1 1 1 1 1 1 1 1 1 1 1 1 1 1 1 1 1 1 1 1 1 1 1 1 1 1 1 1 1 1 1 1 1 1 1 1 1 1 1 1 1 1 1 1 1 1 1 1 1 1 1 1 1 1 1 1 1 1 1 1 1 1 1 1
staticfield java/lang/Math negativeZeroFloatBits J -2147483648
staticfield java/lang/Math negativeZeroDoubleBits J -9223372036854775808
staticfield java/lang/Math $assertionsDisabled Z 1
ciInstanceKlass java/util/Arrays 1 1 988 10 7 12 1 1 1 10 100 12 1 1 1 10 7 12 1 1 1 10 12 1 10 12 1 10 12 1 10 12 1 10 12 1 10 12 1 10 100 12 1 1 1 100 1 100 1 10 8 1 10 12 1 1 10 12 1 8 1 8 1 10 12 1 1 10 12 1 100 1 10 12 1 9 100 12 1 1 1 10 7 12 1 1 100 1 10 12 1 1 10 7 12 1 1 10 7 12 1 1 1 100 1 10 12 1 10 12 1 1 7 1 9 7 12 1 1 1 10 12 1 1 10 7 12 1 1 10 12 1 10 12 1 1 10 12 1 10 12 1 1 7 1 11 12 1 1 10 12 1 10 7 12 1 1 1 10 12 10 12 1 10 12 1 10 12 10 12 1 11 100 12 1 1 1 10 7 12 1 1 1 100 1 10 12 1 10 100 1 10 12 1 10 100 1 10 12 1 10 100 1 10 12 1 10 10 12 1 1 10 12 1 10 12 1 10 12 1 10 12 1 10 12 1 10 100 12 1 1 1 10 12 1 10 100 12 1 1 1 10 12 1 10 12 1 10 7 12 1 1 1 10 12 1 10 12 1 10 12 1 10 12 1 10 12 1 10 12 1 10 12 1 10 12 1 10 12 1 10 12 1 10 12 1 10 12 1 10 12 1 10 12 1 10 12 1 10 12 1 1 10 12 1 1 10 7 12 1 1 1 10 12 1 8 1 7 1 10 12 10 12 1 10 12 1 1 10 12 1 1 9 100 12 1 1 1 100 1 10 12 1 9 100 1 100 1 10 12 1 9 100 1 100 1 10 12 1 9 100 1 100 1 10 12 1 9 100 1 100 1 10 12 1 9 100 1 100 1 10 12 1 9 100 1 10 12 1 100 1 10 12 1 10 12 1 9 12 1 100 1 10 10 12 1 1 10 12 1 10 12 1 10 12 1 10 12 1 10 12 1 10 12 1 10 12 1 10 12 1 10 12 1 8 1 8 1 10 12 1 10 12 1 8 1 10 12 1 10 12 1 10 12 1 10 100 12 1 1 1 3 10 100 1 10 10 12 1 1 11 100 12 1 1 10 12 1 1 10 12 1 10 12 1 10 12 1 10 12 1 10 12 1 10 12 1 10 12 1 10 12 1 11 12 1 8 1 10 11 12 1 11 100 12 1 1 1 11 100 12 1 1 1 11 12 1 1 18 12 1 1 11 12 1 1 11 100 12 1 1 1 18 12 1 11 100 12 1 1 1 18 12 1 11 100 12 1 1 1 18 12 1 100 1 10 7 12 1 1 1 10 12 1 10 12 1 10 12 1 10 12 1 10 12 1 10 12 1 10 12 1 10 12 1 1 10 12 1 10 7 12 1 1 10 12 1 10 12 1 10 12 1 1 10 12 1 10 12 1 10 12 1 1 10 12 1 10 12 1 10 12 1 1 10 12 1 10 12 1 10 12 1 10 12 1 10 12 10 12 1 10 12 10 12 10 12 1 10 12 10 12 1 10 12 1 10 12 1 1 1 1 3 1 3 1 1 1 1 1 1 1 1 1 1 1 1 1 1 1 1 1 1 1 1 1 1 1 1 1 1 1 1 1 1 1 1 1 1 1 1 1 1 1 1 1 1 1 1 1 1 1 1 1 1 1 1 1 1 1 1 1 1 1 1 1 1 1 1 1 1 1 1 1 1 1 1 1 1 1 1 1 1 1 1 1 1 1 1 1 1 1 1 1 1 1 1 1 1 1 1 1 1 1 1 1 1 1 1 1 1 1 1 1 1 1 1 1 1 1 1 1 1 1 1 1 1 1 1 1 1 1 1 1 1 1 1 1 1 1 1 1 1 1 1 1 1 1 1 1 1 1 1 1 1 1 1 1 1 1 1 1 1 1 1 1 1 1 1 1 1 1 1 1 1 1 1 1 1 1 1 1 1 1 1 1 1 1 1 1 1 1 1 1 1 1 1 1 1 1 1 1 1 1 1 1 1 1 1 1 1 1 1 1 1 1 1 1 1 1 1 1 1 1 1 1 1 1 1 1 1 1 1 1 1 1 1 1 1 1 1 1 1 1 1 1 1 1 1 1 1 1 1 1 1 1 1 1 1 1 1 1 1 1 1 1 100 1 1 15 10 100 12 1 1 1 16 15 10 12 15 10 12 15 10 12 15 10 12 1 1 100 1 100 1 1 1 1 100 1 1 1 1 1 1 100 1 1 100 1 1 100 1 1 1 100 1 100 1 1
staticfield java/util/Arrays $assertionsDisabled Z 1
ciMethod java/lang/StringLatin1 charAt ([BI)C 540 0 1561896 0 128
ciMethod java/lang/StringLatin1 newString ([BII)Ljava/lang/String; 238 0 5383 0 -1
ciInstanceKlass java/lang/StringUTF16 1 1 598 100 1 7 1 10 100 12 1 1 1 100 1 10 7 1 3 100 1 100 1 10 8 1 10 12 1 1 10 12 1 8 1 10 12 1 1 10 12 1 9 12 1 1 10 12 1 1 100 1 8 1 10 12 1 9 12 1 1 9 12 1 10 10 12 1 1 10 12 1 1 10 100 12 1 1 1 10 12 1 10 12 1 1 10 12 1 1 10 12 1 1 10 12 1 1 10 12 1 10 12 1 1 10 12 1 1 10 12 1 1 10 12 1 1 10 12 1 10 12 1 10 12 1 1 10 12 1 100 1 10 12 1 10 10 12 1 1 10 12 1 10 12 1 1 10 12 1 10 100 12 1 1 1 10 100 12 1 1 1 10 12 10 12 1 1 10 12 1 10 12 1 1 10 12 1 1 10 12 1 10 12 1 10 12 1 3 10 12 1 1 10 12 1 10 12 1 10 12 1 10 12 1 10 12 1 10 12 1 1 9 12 1 10 12 1 10 12 1 10 12 1 10 12 1 10 12 1 10 10 12 10 12 10 10 100 12 1 1 1 10 100 12 1 1 1 10 12 1 10 12 1 100 1 8 1 8 1 10 12 1 1 100 1 10 10 100 12 1 1 1 10 100 12 1 1 8 1 8 1 8 1 10 12 1 1 10 12 1 1 10 12 10 12 1 10 100 12 1 1 10 12 1 1 10 12 1 1 10 12 1 10 12 10 12 10 12 1 10 12 10 12 1 10 12 1 10 12 1 10 12 1 10 12 1 10 100 12 1 1 1 10 100 12 1 1 1 10 12 1 1 10 12 1 1 11 100 12 1 1 10 12 1 10 12 1 10 12 1 1 9 12 1 1 9 12 1 5 0 5 0 10 12 1 10 12 10 12 10 7 12 1 1 1 10 12 1 1 1 1 1 1 1 1 1 1 1 1 1 1 1 1 1 1 1 1 1 1 1 1 1 1 1 1 1 1 1 100 1 1 1 1 1 1 1 1 1 1 1 1 1 1 1 1 1 1 1 1 1 1 1 1 1 1 1 1 1 1 1 1 1 1 1 1 1 1 1 1 1 1 1 1 1 1 1 1 1 1 1 1 1 1 1 1 1 1 1 1 1 1 1 1 1 1 1 1 1 1 1 1 1 1 1 1 1 1 1 1 1 1 100 1 1 1 1 1 1 1 1 1 1 1 1 1 1 1 1 1 100 1 1 1 1 1 1 1 1 1 1 1 1 1 1 1 1 1 1 1 1 1 1 1 1 1 1 1 1 1 1 1 1 1 1 1 1 1 1 1 1 1 1 1 1 1 1 1 1 1 1 1 1 1 1 1 1 1 1 1 1 1 100 1 100 1 1 1 1 1
staticfield java/lang/StringUTF16 HI_BYTE_SHIFT I 0
staticfield java/lang/StringUTF16 LO_BYTE_SHIFT I 8
staticfield java/lang/StringUTF16 $assertionsDisabled Z 1
ciMethod java/lang/StringUTF16 checkIndex (I[B)V 0 0 20 0 -1
ciMethod java/lang/StringUTF16 getChar ([BI)C 1024 0 10377 0 -1
ciMethod java/lang/StringUTF16 charAt ([BI)C 0 0 5 0 0
ciMethod java/lang/StringUTF16 newString ([BII)Ljava/lang/String; 0 0 1 0 -1
instanceKlass scala/tools/nsc/transform/SpecializeTypes$UnifyError$
instanceKlass sbt/internal/server/LangServerError
instanceKlass sbt/Cancelled
instanceKlass scala/tools/nsc/typechecker/Infer$NoInstance
instanceKlass scala/reflect/internal/Types$MissingAliasControl
instanceKlass scala/reflect/internal/Types$TypeError
instanceKlass scala/reflect/internal/Types$NoCommonType
instanceKlass scala/tools/util/SystemExit
instanceKlass sjsonnew/PersistedException
instanceKlass scala/util/control/BreakControl
instanceKlass scala/runtime/Nothing$
instanceKlass scala/runtime/NonLocalReturnControl
instanceKlass scala/runtime/Nothing$
instanceKlass java/lang/Exception
instanceKlass java/lang/Error
ciInstanceKlass java/lang/Throwable 1 1 393 10 7 12 1 1 1 9 7 12 1 1 1 9 12 1 1 9 12 1 9 12 1 1 9 12 1 10 12 1 1 9 12 1 1 10 12 1 1 10 12 1 100 1 7 1 10 8 1 10 12 1 1 8 1 10 7 12 1 1 10 10 12 1 100 1 8 1 10 10 12 1 1 10 7 12 1 1 10 12 1 8 1 9 100 12 1 1 1 10 12 1 1 100 1 10 12 10 12 1 100 1 10 10 7 12 1 1 1 11 100 12 1 1 1 10 100 12 1 1 1 10 12 1 1 10 12 1 1 8 1 10 12 1 10 12 1 1 8 1 8 1 10 12 1 1 10 12 1 8 1 8 1 9 12 1 1 10 100 12 1 1 100 1 10 11 12 1 8 1 8 1 10 7 12 1 1 8 1 10 12 1 8 1 100 1 10 12 1 9 12 1 1 10 12 1 10 100 12 1 9 12 1 1 10 12 1 1 100 1 8 1 10 12 1 10 100 12 1 1 10 12 1 1 7 1 10 100 12 1 1 1 10 12 1 11 7 12 1 1 1 11 100 12 1 1 1 11 12 1 8 1 10 12 1 1 8 1 10 10 9 100 12 1 1 1 8 1 10 12 1 1 10 100 1 8 1 10 11 12 1 1 8 1 9 12 1 10 100 12 1 1 11 9 12 1 1 11 12 1 1 100 10 12 1 10 12 1 1 100 1 1 1 1 5 0 1 1 1 1 1 1 1 1 1 1 1 1 1 100 1 1 1 1 1 1 1 1 1 1 1 1 1 1 1 1 1 1 1 1 1 1 1 1 1 1 1 1 1 1 1 1 1 1 1 1 1 1 1 1 1 1 100 1 100 1 1 1 1 1 1 1 1 1 1 1 1 1 1 1 1 1 1
staticfield java/lang/Throwable UNASSIGNED_STACK [Ljava/lang/StackTraceElement; 0 [Ljava/lang/StackTraceElement;
staticfield java/lang/Throwable SUPPRESSED_SENTINEL Ljava/util/List; java/util/Collections$EmptyList
staticfield java/lang/Throwable EMPTY_THROWABLE_ARRAY [Ljava/lang/Throwable; 0 [Ljava/lang/Throwable;
staticfield java/lang/Throwable $assertionsDisabled Z 1
instanceKlass lmcoursier/internal/shaded/coursier/error/CoursierError
instanceKlass lmcoursier/internal/shaded/scala/cli/config/ConfigDb$ConfigDbFormatError
instanceKlass sjsonnew/shaded/org/typelevel/jawn/ParseException
instanceKlass sjsonnew/shaded/org/typelevel/jawn/IncompleteParseException
instanceKlass java/util/concurrent/ExecutionException
instanceKlass java/text/ParseException
instanceKlass sbt/internal/util/Dag$Cyclic
instanceKlass scala/tools/nsc/ast/parser/Scanners$MalformedInput
instanceKlass scala/tools/nsc/plugins/PluginLoadException
instanceKlass scala/tools/nsc/transform/Erasure$UnknownSig
instanceKlass sbt/internal/IncompatiblePluginsException
instanceKlass sun/nio/fs/WindowsException
instanceKlass scala/ScalaReflectionException
instanceKlass java/util/concurrent/TimeoutException
instanceKlass org/xml/sax/SAXException
instanceKlass scala/tools/nsc/ast/DocComments$ExpansionLimitExceeded
instanceKlass scala/reflect/internal/Positions$ValidateException
instanceKlass sbt/Incomplete
instanceKlass sbt/internal/util/Init$Uninitialized
instanceKlass scala/reflect/internal/FatalError
instanceKlass java/security/PrivilegedActionException
instanceKlass sbt/internal/ServerAlreadyBootingException
instanceKlass java/lang/InterruptedException
instanceKlass java/net/URISyntaxException
instanceKlass java/io/IOException
instanceKlass java/lang/ReflectiveOperationException
instanceKlass java/lang/RuntimeException
ciInstanceKlass java/lang/Exception 1 1 40 10 7 12 1 1 1 10 12 1 10 12 1 10 12 1 10 12 1 100 1 1 1 1 5 0 1 1 1 1 1 1 1 1 1 1 1 1 1 1
instanceKlass java/lang/InstantiationException
instanceKlass java/lang/reflect/InvocationTargetException
instanceKlass java/lang/IllegalAccessException
instanceKlass java/lang/NoSuchFieldException
instanceKlass java/lang/NoSuchMethodException
instanceKlass java/lang/ClassNotFoundException
ciInstanceKlass java/lang/ReflectiveOperationException 1 1 34 10 7 12 1 1 1 10 12 1 10 12 1 10 12 1 100 1 1 1 1 5 0 1 1 1 1 1 1 1 1 1 1 1
ciMethod java/lang/Throwable getCause ()Ljava/lang/Throwable; 16 0 14 0 -1
instanceKlass com/typesafe/sbt/jse/SbtJsTask$JsTaskFailure
instanceKlass play/api/UsefulException
instanceKlass play/sbt/PlayImport$ComponentExternalisedException$1
instanceKlass xsbti/CompileCancelled
instanceKlass sjsonnew/SerializationException
instanceKlass sbt/internal/io/TranslatedException
instanceKlass sjsonnew/DeserializationException
instanceKlass java/nio/BufferUnderflowException
instanceKlass com/sun/tools/javac/util/ClientCodeException
instanceKlass com/sun/tools/javac/util/PropagatedException
instanceKlass sbt/internal/inc/MissingScalaJar
instanceKlass sbt/internal/inc/InvalidComponent
instanceKlass sbt/internal/inc/InvalidScalaInstance
instanceKlass sbt/internal/inc/InvalidScalaProvider
instanceKlass sbt/AutoPluginException
instanceKlass java/nio/file/FileSystemAlreadyExistsException
instanceKlass java/nio/file/FileSystemNotFoundException
instanceKlass sbt/TestsFailedException
instanceKlass sbt/internal/util/TranslatedException
instanceKlass sbt/internal/protocol/JsonRpcResponseError
instanceKlass sbt/compiler/EvalException
instanceKlass sbt/RebootCurrent
instanceKlass sbt/librarymanagement/ResolveException
instanceKlass java/lang/reflect/InaccessibleObjectException
instanceKlass java/util/concurrent/RejectedExecutionException
instanceKlass sbt/internal/util/Init$InvalidReference
instanceKlass sbt/internal/util/Init$RuntimeUndefined
instanceKlass com/sun/jna/LastErrorException
instanceKlass java/lang/TypeNotPresentException
instanceKlass sbt/internal/util/MessageOnlyException
instanceKlass java/lang/reflect/UndeclaredThrowableException
instanceKlass scala/reflect/io/FileOperationException
instanceKlass xsbti/CompileFailed
instanceKlass scala/MatchError
instanceKlass xsbt/boot/Locks$InternalLockNPE
instanceKlass java/lang/IllegalStateException
instanceKlass java/lang/SecurityException
instanceKlass java/util/NoSuchElementException
instanceKlass java/lang/UnsupportedOperationException
instanceKlass java/lang/IndexOutOfBoundsException
instanceKlass scala/MatchError
instanceKlass xsbti/FullReload
instanceKlass xsbti/RetrieveException
instanceKlass xsbt/boot/BootException
instanceKlass java/lang/IllegalArgumentException
instanceKlass java/lang/ArithmeticException
instanceKlass java/lang/NullPointerException
instanceKlass java/lang/IllegalMonitorStateException
instanceKlass java/lang/ArrayStoreException
instanceKlass java/lang/ClassCastException
ciInstanceKlass java/lang/RuntimeException 1 1 40 10 7 12 1 1 1 10 12 1 10 12 1 10 12 1 10 12 1 100 1 1 1 1 5 0 1 1 1 1 1 1 1 1 1 1 1 1 1 1
instanceKlass java/nio/file/ProviderMismatchException
instanceKlass java/util/regex/PatternSyntaxException
instanceKlass java/lang/NumberFormatException
instanceKlass java/nio/charset/UnsupportedCharsetException
instanceKlass java/nio/charset/IllegalCharsetNameException
ciInstanceKlass java/lang/IllegalArgumentException 1 1 35 10 7 12 1 1 1 10 12 1 10 12 1 10 12 1 100 1 1 1 1 5 0 1 1 1 1 1 1 1 1 1 1 1 1
instanceKlass java/util/ServiceConfigurationError
instanceKlass java/io/IOError
instanceKlass scala/NotImplementedError
instanceKlass java/lang/AssertionError
instanceKlass java/lang/VirtualMachineError
instanceKlass java/lang/LinkageError
instanceKlass java/lang/ThreadDeath
ciInstanceKlass java/lang/Error 1 1 40 10 7 12 1 1 1 10 12 1 10 12 1 10 12 1 10 12 1 100 1 1 1 1 5 0 1 1 1 1 1 1 1 1 1 1 1 1 1 1
instanceKlass java/lang/StackOverflowError
instanceKlass java/lang/OutOfMemoryError
instanceKlass java/lang/InternalError
ciInstanceKlass java/lang/VirtualMachineError 1 1 34 10 100 12 1 1 1 10 12 1 10 12 1 10 12 1 100 1 1 1 1 5 0 1 1 1 1 1 1 1 1 1 1 1
ciInstanceKlass java/lang/StackOverflowError 1 1 26 10 100 12 1 1 1 10 12 1 100 1 1 1 1 5 0 1 1 1 1 1 1 1 1 1
instanceKlass java/lang/UnsatisfiedLinkError
instanceKlass java/lang/ExceptionInInitializerError
instanceKlass java/lang/IncompatibleClassChangeError
instanceKlass java/lang/BootstrapMethodError
instanceKlass java/lang/NoClassDefFoundError
ciInstanceKlass java/lang/LinkageError 1 1 31 10 7 12 1 1 1 10 12 1 10 12 1 100 1 1 1 1 5 0 1 1 1 1 1 1 1 1 1 1 1
ciInstanceKlass java/lang/ArrayStoreException 1 1 26 10 100 12 1 1 1 10 12 1 100 1 1 1 1 5 0 1 1 1 1 1 1 1 1 1
ciInstanceKlass java/lang/ThreadDeath 0 0 21 10 100 12 1 1 1 100 1 1 1 1 5 0 1 1 1 1 1 1 1
ciMethod java/lang/Exception <init> (Ljava/lang/String;Ljava/lang/Throwable;)V 514 0 10114 0 -1
ciInstanceKlass java/lang/StackTraceElement 0 0 224 10 100 12 1 1 1 10 100 12 1 1 9 12 1 1 9 12 1 1 9 12 1 9 12 1 8 1 10 100 12 1 1 1 100 1 9 12 1 8 1 9 12 1 9 12 1 9 12 1 1 8 1 10 12 1 1 10 12 1 100 1 10 10 12 1 1 8 1 10 12 1 1 10 12 1 8 1 8 1 8 1 10 12 1 8 1 8 1 10 12 1 8 1 8 1 10 12 1 1 10 12 1 10 12 1 1 10 12 1 9 12 1 1 10 100 12 1 1 1 10 12 1 1 100 1 10 12 1 1 10 100 12 1 1 10 100 12 1 1 1 10 100 12 1 1 10 100 12 1 1 10 10 12 1 1 10 12 1 10 12 1 1 100 1 1 1 1 1 3 1 3 1 1 5 0 1 1 1 1 1 1 1 1 1 1 1 1 1 1 1 1 1 1 1 1 1 1 1 1 1 1 100 1 100 1 1 1 1 1 1 1 1 1 1 100 1 1 1 1 1 1 1 1
instanceKlass scala/collection/convert/Wrappers$IterableWrapper
instanceKlass com/sun/jna/Structure$StructureSet
instanceKlass java/util/LinkedHashMap$LinkedValues
instanceKlass java/util/IdentityHashMap$Values
instanceKlass java/util/AbstractQueue
instanceKlass java/util/HashMap$Values
instanceKlass java/util/ArrayDeque
instanceKlass java/util/AbstractSet
instanceKlass java/util/ImmutableCollections$AbstractImmutableCollection
instanceKlass java/util/AbstractList
ciInstanceKlass java/util/AbstractCollection 1 1 160 10 7 12 1 1 1 10 7 12 1 1 1 10 12 1 1 11 7 12 1 1 1 11 12 1 1 10 12 1 1 10 100 12 1 1 1 10 12 1 1 10 12 1 1 10 7 12 1 1 10 7 12 1 1 1 7 1 10 100 12 1 1 1 10 100 12 1 1 1 100 1 10 11 12 1 11 7 1 10 12 1 10 12 1 10 100 12 1 1 1 11 8 1 100 1 10 10 12 1 1 8 1 10 12 1 10 12 1 1 1 1 1 1 1 1 1 1 1 1 1 1 1 1 1 1 1 1 1 1 1 1 1 1 1 1 1 1 1 1 1 1 1 1 1 1 1 1 1 1 1 1 1 1 1 1 1 1 1 1
ciMethod java/lang/Throwable addSuppressed (Ljava/lang/Throwable;)V 0 0 4 0 0
ciInstanceKlass java/lang/Boolean 1 1 151 10 7 12 1 1 1 9 7 12 1 1 1 10 12 1 1 10 12 1 8 1 10 7 12 1 1 9 12 1 1 9 12 1 8 1 10 12 1 1 10 12 1 1 10 7 12 1 1 1 100 1 100 1 10 12 1 1 9 100 12 1 1 9 12 10 100 12 1 1 1 10 12 1 1 8 1 10 7 12 1 1 1 9 12 1 1 100 1 100 1 100 1 1 1 1 1 1 5 0 1 1 1 1 1 1 1 1 1 1 3 1 1 1 1 1 1 1 1 1 1 1 1 1 1 1 1 1 1 1 1 100 1 1 1 1 1 1 1 1 1 1 100 1 1 1 1 1 1 1 1
staticfield java/lang/Boolean TRUE Ljava/lang/Boolean; java/lang/Boolean
staticfield java/lang/Boolean FALSE Ljava/lang/Boolean; java/lang/Boolean
staticfield java/lang/Boolean TYPE Ljava/lang/Class; java/lang/Class
instanceKlass java/util/concurrent/locks/AbstractQueuedSynchronizer
ciInstanceKlass java/util/concurrent/locks/AbstractOwnableSynchronizer 1 1 32 10 7 12 1 1 1 9 7 12 1 1 1 100 1 1 1 1 5 0 1 1 1 1 1 1 1 1 1 1 1 1
instanceKlass java/lang/LiveStackFrameInfo
ciInstanceKlass java/lang/StackFrameInfo 0 0 132 10 100 12 1 1 1 9 100 12 1 1 1 9 100 1 9 12 1 1 11 100 12 1 1 1 9 12 1 1 11 12 1 1 10 12 1 1 10 100 12 1 1 1 10 12 1 11 12 1 11 12 1 1 11 12 1 10 12 1 1 9 12 1 1 10 12 1 1 10 100 12 1 1 10 12 1 1 11 12 1 1 10 12 1 9 12 1 1 10 12 1 1 100 1 8 1 10 12 1 10 100 12 1 1 1 100 1 1 1 1 1 1 1 1 1 1 1 1 1 1 1 1 1 1 100 1 1 1 1 1 1
ciInstanceKlass java/lang/LiveStackFrameInfo 0 0 97 10 100 12 1 1 1 9 100 12 1 1 1 9 12 1 9 12 1 9 12 1 9 12 1 1 100 1 10 12 1 1 10 12 1 8 1 10 12 1 1 8 1 8 1 8 1 10 100 1 10 12 1 100 1 10 12 1 100 1 100 1 1 1 3 1 3 1 1 1 1 1 1 1 1 1 1 1 1 1 1 1 1 1 1 1 1 1 1 1 1 1 1 1 100 1 1
ciMethod java/lang/Boolean parseBoolean (Ljava/lang/String;)Z 28 0 75 0 0
ciInstanceKlass java/lang/Character 1 1 576 7 1 100 1 100 1 9 12 1 1 8 1 9 12 1 1 100 1 9 12 1 1 10 100 12 1 1 1 10 100 12 1 1 1 10 100 12 1 1 1 10 7 12 1 1 1 9 7 12 1 1 1 10 12 1 10 12 1 1 10 12 1 1 10 7 12 1 1 10 12 1 1 3 3 3 3 3 10 12 1 1 10 12 1 3 11 7 12 1 1 1 11 12 1 1 10 12 1 1 10 12 1 1 100 1 10 10 12 1 3 10 12 1 1 10 12 1 10 12 1 1 100 1 8 1 10 12 1 1 10 12 1 10 12 1 10 12 1 10 12 1 10 12 1 1 10 12 1 10 7 12 1 1 10 10 12 1 10 10 12 1 10 12 1 1 10 12 1 10 10 12 1 10 12 1 10 12 1 10 12 1 10 12 1 10 12 1 10 12 1 10 12 10 10 12 10 10 12 1 10 10 12 1 10 10 12 1 10 10 12 1 10 10 12 1 10 10 12 1 10 10 12 1 1 10 10 12 1 10 5 0 10 12 1 10 12 1 10 10 12 1 10 10 12 1 1 10 10 12 1 10 10 12 1 9 12 1 1 100 1 10 10 12 1 10 12 1 1 3 10 100 12 1 1 1 10 12 1 10 100 12 1 1 100 1 10 10 12 1 1 10 12 1 1 10 12 1 1 8 1 10 12 1 9 100 12 1 1 1 10 12 1 10 10 12 1 10 12 1 1 10 12 1 10 10 12 1 1 10 10 12 1 1 100 1 8 1 10 12 1 1 10 7 12 1 1 1 8 1 10 12 1 1 9 12 1 1 100 1 100 1 100 1 1 1 1 3 1 3 1 3 1 3 1 1 1 1 1 3 1 1 3 1 3 1 3 1 3 1 3 1 3 1 3 1 3 1 3 1 3 1 3 1 3 1 3 1 3 1 3 1 3 1 3 1 3 1 3 1 3 1 3 1 3 1 3 1 3 1 3 1 3 1 3 1 3 1 1 1 1 1 1 1 1 1 1 1 1 1 1 1 1 1 1 1 3 1 1 1 1 1 1 1 3 1 1 3 1 1 1 1 1 3 1 1 5 0 1 1 1 1 1 1 1 1 1 1 1 1 1 1 1 1 1 1 1 1 1 1 1 1 1 1 1 1 1 1 1 1 1 1 1 1 1 1 1 1 1 1 1 1 1 1 1 1 1 1 1 1 1 1 1 1 1 1 1 1 1 1 1 1 1 1 1 1 1 1 1 1 1 1 1 1 1 1 1 1 1 1 1 1 1 1 1 1 1 100 1 100 1 1 1 1 1 1
staticfield java/lang/Character TYPE Ljava/lang/Class; java/lang/Class
staticfield java/lang/Character $assertionsDisabled Z 1
ciInstanceKlass java/lang/Float 1 1 223 7 1 100 1 10 100 12 1 1 1 10 100 12 1 1 1 4 100 1 10 12 1 1 10 12 1 1 8 1 8 1 10 100 12 1 1 1 10 12 1 1 10 12 1 1 10 4 4 4 10 7 12 1 1 9 12 1 1 10 12 1 1 10 12 1 10 12 1 10 12 1 1 10 12 1 10 12 1 3 10 12 1 1 10 12 1 1 10 12 1 10 100 12 1 1 1 10 12 1 1 10 12 1 1 8 1 10 7 12 1 1 1 9 12 1 1 100 1 100 1 100 1 1 1 1 1 4 1 1 1 4 1 1 3 1 3 1 3 1 3 1 1 1 1 5 0 1 1 1 1 1 1 1 1 1 1 100 1 1 1 1 1 1 1 1 1 1 1 1 1 3 1 1 1 1 1 1 1 1 1 1 1 1 1 1 1 1 1 1 1 1 1 1 1 1 1 1 1 1 1 1 1 1 1 1 1 1 1 1 100 1 1 1 1 1 1 1 100 1 100 1 1
staticfield java/lang/Float TYPE Ljava/lang/Class; java/lang/Class
instanceKlass com/sun/jna/IntegerType
instanceKlass java/math/BigDecimal
instanceKlass java/util/concurrent/atomic/Striped64
instanceKlass scala/math/ScalaNumber
instanceKlass scala/math/ScalaNumber
instanceKlass java/math/BigInteger
instanceKlass java/util/concurrent/atomic/AtomicLong
instanceKlass java/util/concurrent/atomic/AtomicInteger
instanceKlass java/lang/Long
instanceKlass java/lang/Integer
instanceKlass java/lang/Short
instanceKlass java/lang/Byte
instanceKlass java/lang/Double
instanceKlass java/lang/Float
ciInstanceKlass java/lang/Number 1 1 37 10 7 12 1 1 1 10 100 12 1 1 1 100 1 1 1 1 5 0 1 1 1 1 1 1 1 1 1 1 1 1 1 1 1 1 1
ciMethod java/lang/Float isNaN (F)Z 1024 0 7785 0 0
ciInstanceKlass java/lang/Double 1 1 285 7 1 100 1 10 7 12 1 1 1 10 12 1 1 10 12 1 100 1 10 12 1 1 10 100 12 1 1 1 6 0 8 1 10 12 1 1 8 1 10 12 1 1 8 1 6 0 10 12 1 1 100 1 5 0 5 0 8 1 8 1 10 100 12 1 1 1 10 100 12 1 1 1 8 1 10 12 1 1 8 1 8 1 8 1 10 12 1 1 10 12 1 10 12 1 1 10 12 1 10 12 1 10 12 1 1 10 12 1 10 6 0 6 0 6 0 10 7 12 1 1 9 12 1 1 10 12 1 10 12 1 10 12 1 10 12 1 5 0 10 12 1 1 10 12 1 10 12 1 10 100 12 1 1 1 10 12 1 1 10 12 1 1 8 1 10 7 12 1 1 1 9 12 1 1 100 1 100 1 100 1 1 1 1 1 6 0 1 1 1 6 0 1 1 3 1 3 1 3 1 3 1 1 1 1 5 0 1 1 1 1 1 1 1 1 1 1 1 1 1 1 1 1 100 1 1 1 1 1 1 1 1 1 1 1 1 3 1 1 1 1 1 1 1 1 1 1 1 1 1 1 1 1 1 1 1 1 1 1 1 1 1 1 1 1 1 1 1 1 1 1 100 1 1 1 1 1 1 1 100 1 100 1 1
staticfield java/lang/Double TYPE Ljava/lang/Class; java/lang/Class
ciInstanceKlass java/lang/Byte 1 1 215 7 1 100 1 10 100 12 1 1 1 9 12 1 1 8 1 9 12 1 1 100 1 10 12 1 1 10 12 1 1 10 100 12 1 1 1 10 100 12 1 1 1 9 7 12 1 1 1 10 12 1 1 100 1 100 1 10 12 1 1 8 1 10 12 1 1 8 1 10 12 1 10 12 1 10 12 1 10 12 1 1 10 12 1 10 12 1 10 12 1 1 10 8 1 8 1 10 7 1 9 12 1 1 10 12 1 10 12 1 1 10 12 1 1 10 12 1 1 10 12 1 5 0 10 12 1 1 8 1 10 7 12 1 1 1 9 12 1 1 100 1 100 1 1 1 3 1 3 1 1 1 1 3 1 3 1 1 5 0 1 1 1 1 1 1 1 1 1 1 1 1 1 1 1 1 1 1 1 1 1 1 1 1 1 1 1 1 1 1 1 1 1 1 1 1 1 1 1 1 1 1 1 1 1 1 1 1 1 1 1 1 1 1 1
staticfield java/lang/Byte TYPE Ljava/lang/Class; java/lang/Class
ciInstanceKlass java/lang/Short 1 1 224 7 1 100 1 100 1 10 100 12 1 1 1 10 12 1 1 100 1 100 1 10 12 1 1 8 1 10 12 1 1 8 1 10 12 1 10 12 1 10 12 1 10 12 1 1 10 12 1 1 10 12 1 9 12 1 1 8 1 9 12 1 1 100 1 10 12 1 1 10 12 1 10 100 12 1 1 1 10 100 12 1 1 1 9 7 12 1 1 1 10 12 1 10 12 1 1 10 8 1 8 1 10 7 1 9 12 1 1 10 12 1 10 12 1 1 10 12 1 1 10 12 1 1 10 12 1 3 3 5 0 10 12 1 1 8 1 10 7 12 1 1 1 9 12 1 1 100 1 100 1 1 1 3 1 3 1 1 1 1 3 1 3 1 1 5 0 1 1 1 1 1 1 1 1 1 1 1 1 1 1 1 1 1 1 1 1 1 1 1 1 1 1 1 3 1 1 1 1 1 1 1 1 1 1 1 1 1 1 1 1 1 1 1 1 1 1 1 1 1 1 1 1 1
staticfield java/lang/Short TYPE Ljava/lang/Class; java/lang/Class
ciInstanceKlass java/lang/Integer 1 1 445 7 1 100 1 7 1 7 1 10 12 1 1 9 12 1 1 9 12 1 1 10 100 12 1 1 1 10 12 1 1 10 100 12 1 1 1 10 10 12 1 1 10 100 12 1 1 1 10 12 1 10 12 1 1 10 7 12 1 1 1 10 12 1 1 10 12 1 1 10 12 1 10 12 1 10 12 1 1 10 10 12 1 9 12 1 1 9 12 1 100 1 8 1 10 12 1 100 1 10 12 1 8 1 10 12 1 1 10 12 1 8 1 10 12 1 8 1 10 12 1 1 3 10 12 1 1 3 10 12 1 1 10 12 1 1 10 7 12 1 1 1 11 7 1 100 1 10 11 10 12 1 1 8 1 10 12 1 1 8 1 100 1 10 12 1 1 10 12 1 1 5 0 8 1 10 12 1 10 12 1 10 12 1 10 12 1 1 7 1 9 12 1 1 9 12 1 1 10 12 1 10 7 1 9 12 1 10 12 1 10 12 1 10 12 1 1 10 7 12 1 1 1 100 1 100 1 10 12 1 1 10 12 1 1 8 1 8 1 10 12 1 1 8 1 8 1 8 1 8 1 8 1 8 1 10 12 1 10 12 1 10 12 1 5 0 3 3 3 3 10 12 1 3 10 12 1 10 100 12 1 1 1 10 12 1 1 10 12 1 1 8 1 10 7 12 1 1 1 9 12 1 1 3 3 3 3 3 3 9 12 1 1 100 1 100 1 100 1 1 1 1 1 1 1 3 1 3 1 1 5 0 1 1 1 1 1 1 1 1 1 100 1 1 1 1 1 1 1 1 1 1 1 1 1 1 1 1 1 1 1 1 1 1 1 1 1 1 1 1 1 1 1 1 1 1 1 1 1 1 1 3 1 1 1 1 1 1 1 1 1 1 1 1 1 1 1 1 100 1 1 1 1 1 1 1 1 1 1 1 1 1 1 1 1 1 1 1 1 1 1 1 1 1 1 1 1 1 1 1 100 1 1 1 1 1 1 1 1 1 100 1 100 1 1
staticfield java/lang/Integer TYPE Ljava/lang/Class; java/lang/Class
staticfield java/lang/Integer digits [C 36
staticfield java/lang/Integer DigitTens [B 100
staticfield java/lang/Integer DigitOnes [B 100
staticfield java/lang/Integer sizeTable [I 10
ciMethod java/lang/Integer numberOfLeadingZeros (I)I 34 0 32612 0 -1
ciInstanceKlass java/lang/Long 1 1 506 7 1 100 1 7 1 7 1 10 12 1 1 9 12 1 1 9 7 12 1 1 1 10 100 12 1 1 1 10 12 1 1 10 100 12 1 1 1 10 10 12 10 12 1 10 12 1 10 12 1 5 0 5 0 7 1 10 12 1 1 10 12 1 1 10 12 1 10 12 1 10 12 1 10 12 1 1 10 100 12 1 1 10 12 1 10 12 1 1 10 12 1 1 10 12 1 1 10 12 1 1 10 7 12 1 1 1 10 12 1 1 10 12 1 10 12 1 10 12 1 10 12 1 1 10 10 12 1 5 0 5 0 9 12 1 1 9 12 1 5 0 100 1 8 1 10 12 1 8 1 10 12 1 8 1 8 1 10 12 1 1 5 0 10 12 1 1 5 0 10 12 1 1 10 12 1 1 10 100 12 1 1 1 11 100 1 100 1 10 11 10 12 1 1 8 1 10 12 1 1 8 1 100 1 10 12 1 1 10 12 1 8 1 8 1 11 12 1 1 10 12 1 10 12 1 10 12 1 5 0 5 0 9 7 12 1 1 1 10 12 1 10 12 1 1 8 1 8 1 10 12 1 1 8 1 8 1 8 1 8 1 8 1 8 1 10 12 1 10 12 1 10 12 1 1 10 7 1 9 12 1 1 10 12 1 10 12 1 1 10 100 12 1 1 1 100 1 100 1 10 12 1 1 10 12 1 1 5 0 10 12 1 10 12 1 5 0 5 0 5 0 10 12 1 1 5 0 5 0 10 12 1 10 12 1 10 100 12 1 1 1 10 12 1 1 10 12 1 1 8 1 10 7 12 1 1 1 9 12 1 1 100 1 100 1 100 1 1 1 1 5 0 1 1 1 1 3 1 3 1 5 0 1 1 1 1 1 1 1 1 1 100 1 1 1 1 1 1 1 1 1 1 1 1 1 1 1 1 1 1 1 1 1 1 1 1 1 1 1 1 1 1 1 1 1 1 1 1 1 1 1 1 1 1 1 1 1 1 1 1 1 1 1 1 1 1 3 1 1 1 1 1 1 1 1 1 1 1 1 1 1 1 100 1 1 1 1 1 1 1 1 1 1 1 1 1 1 1 1 1 1 1 1 1 1 1 1 1 1 1 100 1 1 1 1 1 1 1 1 1 100 1 100 1 1
staticfield java/lang/Long TYPE Ljava/lang/Class; java/lang/Class
instanceKlass java/lang/ref/PhantomReference
instanceKlass java/lang/ref/FinalReference
instanceKlass java/lang/ref/WeakReference
instanceKlass java/lang/ref/SoftReference
ciInstanceKlass java/lang/ref/Reference 1 1 195 9 7 12 1 1 1 9 7 12 1 1 10 12 1 1 10 12 1 1 9 12 1 1 10 12 1 1 9 12 1 1 9 12 1 1 7 1 10 12 1 10 7 12 1 1 10 12 1 10 12 1 1 10 12 1 9 12 1 10 12 1 1 10 12 1 10 12 1 9 12 1 100 1 100 1 10 12 1 9 12 1 9 12 1 100 1 10 10 12 1 10 10 7 12 1 1 10 7 12 1 1 1 10 12 1 1 10 7 12 1 1 7 1 8 1 10 12 1 10 12 1 1 10 12 1 1 10 12 1 7 1 10 10 7 12 1 1 1 1 1 1 1 1 1 1 1 1 1 1 1 1 1 1 1 100 1 1 1 100 1 1 1 1 1 1 1 1 1 1 1 1 1 1 1 1 1 1 1 1 1 1 1 1 1 1 1 1 1 1 1 1 1 1 1
staticfield java/lang/ref/Reference processPendingLock Ljava/lang/Object; java/lang/Object
staticfield java/lang/ref/Reference $assertionsDisabled Z 1
instanceKlass sun/util/locale/provider/LocaleResources$ResourceReference
instanceKlass sun/util/resources/Bundles$BundleReference
instanceKlass sun/util/locale/LocaleObjectCache$CacheEntry
instanceKlass sbt/internal/classpath/ClassLoaderCache$ClassLoaderReference
instanceKlass java/lang/invoke/LambdaFormEditor$Transform
ciInstanceKlass java/lang/ref/SoftReference 1 1 47 10 7 12 1 1 1 9 7 12 1 1 1 9 12 1 10 12 1 10 12 1 1 1 1 1 1 1 1 1 1 1 1 1 1 1 1 1 1 1 1 100 1 1 1 1 1
instanceKlass scala/ref/WeakReferenceWithWrapper
instanceKlass scala/reflect/internal/util/WeakHashSet$Entry
instanceKlass java/lang/WeakPairMap$WeakRefPeer
instanceKlass com/sun/jna/CallbackReference
instanceKlass java/util/logging/LogManager$LoggerWeakRef
instanceKlass java/util/logging/Level$KnownLevel
instanceKlass sun/nio/ch/FileLockTable$FileLockReference
instanceKlass java/lang/ClassValue$Entry
instanceKlass java/lang/invoke/MethodType$ConcurrentWeakInternSet$WeakEntry
instanceKlass java/lang/ThreadLocal$ThreadLocalMap$Entry
instanceKlass java/util/WeakHashMap$Entry
ciInstanceKlass java/lang/ref/WeakReference 1 1 31 10 7 12 1 1 1 10 12 1 100 1 1 1 1 1 1 1 1 1 1 1 1 1 1 1 1 1 1 1 1
instanceKlass java/lang/ref/Finalizer
ciInstanceKlass java/lang/ref/FinalReference 1 1 47 10 7 12 1 1 1 10 7 12 1 1 1 10 12 1 1 100 1 8 1 10 12 1 1 1 1 1 1 1 1 1 1 1 1 1 1 1 1 1 1 1 1 1 1 1 1
ciInstanceKlass java/lang/ref/Finalizer 1 1 152 9 7 12 1 1 1 10 7 12 1 1 1 9 12 1 1 9 12 1 1 9 12 1 9 12 1 10 12 1 10 12 1 1 9 12 1 1 100 1 10 12 1 7 1 11 7 12 1 1 100 1 10 12 1 100 1 10 12 1 10 100 12 1 1 1 10 100 12 1 1 1 100 1 10 10 12 1 10 7 12 1 1 1 7 1 10 7 1 10 10 7 12 1 1 1 10 12 1 1 10 7 12 1 1 7 1 10 12 1 10 12 1 1 10 12 1 1 10 12 1 1 1 1 1 1 1 1 1 1 1 1 1 1 1 1 1 1 1 1 1 1 1 1 1 1 1 1 1 1 1 1
staticfield java/lang/ref/Finalizer lock Ljava/lang/Object; java/lang/Object
staticfield java/lang/ref/Finalizer $assertionsDisabled Z 1
instanceKlass com/sun/jna/internal/Cleaner$CleanerRef
instanceKlass jdk/internal/ref/PhantomCleanable
instanceKlass jdk/internal/ref/Cleaner
ciInstanceKlass java/lang/ref/PhantomReference 1 1 39 10 100 12 1 1 1 10 7 12 1 1 1 1 1 1 1 1 1 1 1 1 1 1 1 1 1 1 1 1 1 1 1 1 1 1 1 1 1
instanceKlass java/lang/reflect/Executable
instanceKlass java/lang/reflect/Field
ciInstanceKlass java/lang/reflect/AccessibleObject 1 1 398 10 7 12 1 1 1 9 100 12 1 1 1 10 100 12 1 1 1 10 7 12 1 1 10 7 12 1 1 1 10 100 12 1 1 1 10 12 1 1 10 12 1 1 9 12 1 1 100 1 10 7 12 1 1 1 11 12 1 100 1 10 12 1 7 1 100 1 10 12 1 10 12 1 1 7 1 10 7 12 1 1 1 10 12 1 1 7 1 10 12 1 1 7 1 10 10 10 7 12 1 1 1 10 12 1 1 10 12 1 10 12 1 10 12 1 1 10 12 1 8 1 7 1 10 10 12 1 1 8 1 10 12 1 10 12 1 8 1 8 1 8 1 8 1 8 1 8 1 7 1 10 12 1 10 12 1 9 12 1 1 10 12 1 1 10 12 1 10 11 100 1 100 1 8 1 10 10 12 1 10 12 1 1 8 1 10 12 1 8 1 10 12 1 1 10 100 1 8 1 10 11 7 12 1 1 10 12 1 1 10 12 1 1 10 12 1 1 9 12 1 1 100 1 10 12 1 7 1 10 12 1 10 12 1 1 10 100 1 10 12 1 10 12 10 12 1 10 12 1 1 10 12 1 10 12 1 1 10 12 1 9 12 1 10 7 12 1 1 8 1 10 7 12 1 1 1 8 1 10 100 12 1 1 1 9 12 1 100 1 10 7 1 10 10 7 12 1 1 1 7 1 10 10 7 12 1 1 1 7 1 9 12 1 1 1 1 1 1 1 1 1 1 1 1 1 1 1 1 1 1 1 1 1 1 1 1 1 1 1 1 1 1 1 1 1 1 1 1 1 1 1 1 1 1 1 1 1 1 1 1 1 1 1 1 1 1 1 1 1 1 1 1 1 1 1 1 1 1 1 1 1 1 1 1 1 1 1 1 1 1 1 1 1 1 1 1 1
staticfield java/lang/reflect/AccessibleObject reflectionFactory Ljdk/internal/reflect/ReflectionFactory; jdk/internal/reflect/ReflectionFactory
instanceKlass java/lang/reflect/Constructor
instanceKlass java/lang/reflect/Method
ciInstanceKlass java/lang/reflect/Executable 1 1 548 10 7 12 1 1 1 10 7 12 1 1 1 10 7 12 1 1 1 11 7 12 1 1 1 10 7 12 1 1 1 10 12 1 1 10 7 12 1 1 1 10 7 12 1 1 1 10 12 1 8 1 10 10 12 1 1 10 12 1 1 10 7 12 1 1 1 18 12 1 1 11 7 12 1 1 1 8 1 8 1 8 1 10 7 12 1 1 1 11 12 1 1 7 1 8 1 8 1 10 12 1 100 1 8 1 10 12 1 8 1 11 100 12 1 1 1 100 1 10 12 1 1 11 12 1 8 1 18 8 1 10 12 1 10 12 1 1 18 8 1 10 12 1 100 1 10 12 1 10 12 1 11 7 12 1 1 10 12 1 1 8 1 8 1 10 12 1 1 10 12 1 1 10 10 12 1 100 1 10 10 12 1 10 12 1 1 10 100 12 1 1 10 12 1 10 12 1 10 12 1 1 10 100 12 1 1 10 12 1 10 12 1 10 100 12 1 1 1 10 12 1 8 1 10 12 1 10 12 1 3 100 1 8 1 10 12 1 10 12 1 10 10 12 1 10 12 1 1 8 1 8 1 8 1 9 12 1 10 12 1 100 1 8 1 9 12 1 10 12 1 10 12 1 1 10 12 1 1 10 12 1 10 12 10 12 1 100 1 10 12 1 10 12 1 1 100 1 10 100 12 1 1 1 100 1 10 7 12 1 1 1 10 12 1 1 11 7 12 1 1 10 7 12 1 1 10 100 12 1 1 1 10 12 1 1 9 12 1 10 12 1 1 10 12 1 10 12 1 1 9 100 12 1 1 1 10 100 12 1 1 1 10 12 1 10 12 1 1 9 12 1 10 10 10 10 100 12 1 1 1 10 12 1 9 12 1 10 12 1 1 9 12 1 100 1 100 1 1 1 1 1 1 1 1 1 1 1 1 1 1 1 1 1 1 1 1 1 1 1 1 1 1 1 1 1 1 1 1 1 1 100 1 1 1 1 1 1 1 1 100 1 1 1 1 1 1 1 1 1 1 1 1 100 1 1 1 1 1 1 1 1 1 1 1 1 1 1 1 1 1 1 1 1 1 1 1 1 1 1 1 1 1 1 1 1 1 1 1 1 1 1 1 1 1 100 1 1 1 1 1 1 1 1 1 1 1 1 1 1 1 1 1 1 1 1 1 100 1 100 1 1 15 10 7 12 1 1 1 16 15 16 1 16 1 15 10 12 16 1 100 1 1 100 1 100 1 1
ciInstanceKlass java/lang/reflect/Constructor 1 1 429 10 100 12 1 1 1 10 100 12 1 1 9 7 12 1 1 1 10 12 1 1 10 12 1 1 10 100 12 1 1 9 12 1 1 10 7 12 1 1 1 9 12 1 1 9 12 1 1 9 12 1 9 12 1 1 9 12 1 9 12 1 1 9 12 1 1 9 12 1 100 1 8 1 10 12 1 10 12 1 9 12 1 1 10 7 12 1 1 10 7 12 1 1 1 10 12 1 1 10 12 1 1 10 12 1 7 1 100 1 8 1 10 10 12 1 10 12 1 10 12 1 1 10 12 1 1 100 1 10 7 12 1 1 10 12 1 1 10 12 1 10 12 1 1 10 100 12 1 1 1 10 7 12 1 1 10 12 1 1 10 12 1 10 7 12 1 1 1 8 1 10 10 12 1 100 1 8 1 10 12 1 10 12 1 1 10 12 1 1 10 12 1 10 12 1 10 12 1 1 10 12 1 1 9 12 1 1 10 12 1 1 10 12 1 1 10 12 1 8 1 10 12 1 1 11 7 12 1 1 1 10 12 1 1 10 12 1 10 12 1 9 12 1 1 10 7 12 1 1 1 10 12 1 1 10 12 1 1 10 12 1 1 10 12 1 1 10 12 1 9 100 12 1 1 10 12 1 10 12 1 10 12 1 100 1 8 1 10 10 12 1 1 10 12 1 10 10 12 1 1 10 12 1 1 10 100 12 1 1 1 11 100 12 1 1 1 10 12 1 1 9 100 12 1 1 1 10 100 12 1 1 1 10 12 1 1 1 1 1 1 1 1 1 1 1 1 1 1 1 1 1 1 1 1 1 1 1 1 1 1 1 1 1 1 1 1 1 1 1 1 1 1 1 1 1 1 1 1 1 1 1 1 1 1 1 100 1 100 1 100 1 100 1 1 1 1 1 1 1 1 1 1 1 1 1 1 1 1 1 1 1 1 1 1 1 1 1 1 1 1 1 1 1 1 1 100 1 1
ciInstanceKlass java/lang/reflect/Method 1 1 446 9 7 12 1 1 1 10 7 12 1 1 1 10 7 12 1 1 9 12 1 1 10 12 1 1 10 12 1 1 10 7 12 1 1 10 7 12 1 1 1 9 12 1 1 9 12 1 9 12 1 1 9 12 1 9 12 1 9 12 1 1 9 12 1 9 12 1 1 9 12 1 9 12 1 9 12 1 1 7 1 8 1 10 12 1 10 12 1 9 12 1 1 8 1 10 7 12 1 1 10 7 12 1 1 1 10 12 1 1 10 12 1 1 10 12 1 10 12 1 1 10 12 1 1 100 1 10 12 1 1 10 12 10 7 12 1 1 10 12 1 1 10 12 1 10 12 1 10 12 1 10 7 12 1 1 1 10 12 1 1 10 7 1 10 7 12 1 1 1 10 7 12 1 1 10 12 1 1 10 12 1 1 10 12 1 10 7 12 1 1 1 10 12 1 10 8 1 10 12 1 10 12 1 7 1 8 1 8 1 8 1 10 12 1 10 12 1 1 10 12 1 1 10 10 12 1 1 10 12 1 11 100 1 9 12 1 1 10 12 1 1 10 12 1 10 12 1 1 10 12 1 1 11 7 12 1 1 1 10 12 1 10 12 1 10 12 1 10 12 1 10 12 1 9 12 1 1 10 7 12 1 1 1 10 12 1 1 10 100 12 1 1 1 10 100 12 1 1 1 10 100 12 1 1 1 11 100 12 1 1 1 10 100 12 1 1 1 100 1 100 1 100 1 10 12 1 10 12 1 1 10 12 1 100 1 8 1 10 12 1 10 10 12 1 1 10 12 1 1 10 12 1 1 10 12 1 1 8 1 10 12 1 1 1 1 1 1 1 1 1 1 1 1 1 1 1 1 1 1 1 1 1 1 1 1 1 1 1 1 1 1 1 1 1 1 1 1 1 1 1 1 1 1 1 1 1 1 1 1 1 1 1 1 1 100 1 7 1 7 1 1 1 1 1 1 1 1 1 1 1 1 1 1 1 1 1 1 1 1 1 1 1 1 1 1
ciInstanceKlass java/lang/reflect/Field 1 1 437 9 7 12 1 1 1 10 12 1 1 10 100 12 1 1 1 10 100 12 1 1 9 12 1 1 10 12 1 1 10 12 1 1 10 100 12 1 1 10 7 12 1 1 1 9 12 1 1 9 12 1 9 12 1 9 12 1 1 9 12 1 1 9 12 1 9 12 1 1 9 12 1 1 100 1 8 1 10 12 1 10 12 1 9 12 1 1 9 12 1 10 12 1 10 7 12 1 1 10 12 1 1 10 12 1 1 10 12 1 10 12 1 1 7 1 10 12 1 1 10 12 1 1 10 12 1 1 10 12 1 10 12 1 10 100 1 10 100 12 1 1 100 1 10 8 1 10 12 1 1 10 12 1 1 8 1 10 12 10 12 1 8 1 8 1 10 11 100 1 9 12 1 10 12 1 1 10 12 1 1 11 7 12 1 1 1 11 12 1 1 11 12 1 1 11 12 1 1 11 12 1 1 11 12 1 1 11 12 1 1 11 12 1 1 11 12 1 1 11 12 1 1 11 12 1 1 11 12 1 1 11 12 1 1 11 12 1 1 11 12 1 1 11 12 1 1 11 12 1 1 11 12 1 1 10 12 1 10 7 12 1 1 10 12 1 10 12 1 1 10 12 9 12 1 1 10 7 12 1 1 1 10 12 1 1 10 100 12 1 1 10 12 1 1 11 100 1 10 12 1 100 1 10 100 12 1 1 1 10 100 12 1 1 1 9 12 1 10 100 12 1 1 1 11 100 12 1 1 1 10 12 1 1 10 12 1 1 9 100 12 1 1 1 10 100 12 1 1 1 10 12 1 1 100 1 1 1 1 1 1 1 1 1 1 1 1 1 1 1 1 1 1 1 1 1 1 1 1 1 1 1 1 1 1 1 1 1 1 1 100 1 1 1 1 1 1 1 1 1 1 1 1 1 1 1 1 1 1 1 1 1 1 1 1 1 1 1 1 1 1 1 1 1 1 100 1 1 1 1 1 1 1 1 100 1 1
ciInstanceKlass java/lang/reflect/Parameter 0 0 226 10 100 12 1 1 1 9 100 12 1 1 1 9 12 1 1 9 12 1 1 9 12 1 10 12 1 1 10 12 1 1 10 100 12 1 1 1 100 1 10 10 12 1 1 11 100 12 1 1 1 10 12 1 10 100 12 1 1 1 10 12 1 1 10 12 1 10 12 1 8 1 8 1 10 100 12 1 1 1 10 12 1 10 12 10 12 1 8 1 10 12 1 9 12 1 1 10 12 1 1 9 12 1 1 10 12 1 1 10 12 1 1 10 12 1 1 10 12 1 10 10 12 1 10 100 12 1 1 1 10 12 1 1 11 100 12 1 1 10 100 12 1 1 100 1 10 100 12 1 1 1 10 12 1 1 10 12 1 1 10 12 1 1 10 12 1 1 9 12 1 100 1 10 11 12 1 1 11 12 1 1 100 1 1 1 1 1 1 1 1 1 1 1 1 1 1 1 1 1 1 1 1 1 1 1 1 1 1 1 1 1 1 1 1 1 1 1 1 1 1 100 1 1 1 1
ciInstanceKlass java/lang/StringBuffer 1 1 470 10 7 12 1 1 1 10 12 1 10 12 1 10 12 1 1 9 7 12 1 1 1 10 12 1 1 10 12 1 10 12 1 1 9 12 1 1 10 12 1 10 12 1 1 10 12 1 1 10 12 1 10 12 1 1 10 12 1 10 12 1 1 10 12 1 1 10 100 12 1 1 1 10 12 1 1 10 12 1 10 12 1 10 12 1 10 12 1 10 12 1 10 12 1 10 12 1 10 12 1 10 12 1 10 12 1 10 12 1 10 12 1 10 12 1 10 12 1 1 10 12 1 10 12 1 1 10 12 1 1 10 10 12 1 1 10 12 1 10 12 1 10 12 1 10 12 1 10 12 1 10 12 1 10 12 10 12 1 10 12 1 10 12 1 10 12 1 1 10 12 1 10 12 1 10 10 12 1 1 10 12 1 1 9 12 1 1 10 7 12 1 1 1 10 100 1 10 10 100 12 1 1 1 10 10 12 1 10 8 10 100 12 1 1 1 8 10 12 1 8 1 10 12 1 10 12 1 10 100 12 1 1 1 10 100 12 1 1 1 7 1 10 12 100 1 8 1 10 10 12 1 1 10 12 1 1 10 12 1 1 10 12 1 10 12 1 10 12 1 10 12 1 10 12 1 10 12 1 10 12 1 10 12 1 10 12 1 10 12 1 10 12 1 10 12 1 10 12 1 10 12 1 10 12 1 10 12 1 10 12 10 12 10 12 1 10 12 1 10 12 1 10 12 10 12 1 10 12 1 10 12 1 10 12 1 10 12 1 10 12 1 10 12 1 10 12 1 10 12 1 10 12 1 10 12 1 7 1 10 12 1 9 7 12 1 1 1 9 7 1 9 12 1 1 100 1 100 1 100 1 1 1 1 5 0 1 1 1 1 1 1 1 1 1 1 1 1 1 1 1 1 1 1 1 1 1 1 1 1 1 1 1 1 1 1 1 1 1 1 1 1 1 1 1 1 1 1 1 1 1 1 1 1 1 1 1 1 1 1 1 1 1 1 1 1 100 1 1 1 1 1 100 1 1 1 1 1 1 1 1 1 1 1 1 1 1 1 1 1
staticfield java/lang/StringBuffer serialPersistentFields [Ljava/io/ObjectStreamField; 3 [Ljava/io/ObjectStreamField;
instanceKlass java/lang/StringBuilder
instanceKlass java/lang/StringBuffer
ciInstanceKlass java/lang/AbstractStringBuilder 1 1 547 7 1 7 1 10 7 12 1 1 1 9 7 12 1 1 1 9 12 1 9 12 1 1 9 12 1 1 10 7 12 1 1 1 10 12 1 1 3 3 10 12 1 10 12 1 1 11 7 1 100 1 100 1 10 8 1 10 12 1 10 12 1 10 12 1 1 10 12 1 10 12 1 10 12 1 9 12 1 1 10 12 1 1 10 7 12 1 1 1 10 10 12 1 10 12 1 10 12 1 1 10 12 1 1 10 7 12 1 1 1 10 7 12 1 1 1 100 1 8 1 10 10 12 1 1 100 1 10 12 10 12 1 1 10 10 12 1 1 10 12 1 1 10 12 1 1 10 12 1 1 100 1 10 10 12 1 10 100 12 1 1 1 10 12 1 1 10 12 1 10 12 1 1 10 10 12 1 1 10 12 10 12 1 10 12 1 1 10 12 1 1 10 12 1 1 10 12 1 10 10 12 1 1 10 12 1 10 12 1 1 8 1 10 12 1 1 10 12 1 10 12 1 10 12 1 10 12 1 10 12 1 10 12 1 10 7 12 1 1 10 12 1 10 12 1 10 7 12 1 1 1 10 12 1 10 12 1 10 12 1 10 12 1 10 12 1 1 10 12 1 10 12 1 1 10 12 1 1 10 10 7 12 1 1 1 10 12 1 10 12 1 10 12 1 1 10 12 1 10 12 1 10 12 1 10 12 1 10 12 1 10 12 1 10 12 1 10 12 1 10 12 1 1 10 12 1 10 12 1 10 12 10 12 1 1 18 12 1 1 100 1 10 100 12 1 1 1 18 10 12 1 1 10 12 1 10 12 1 1 11 12 1 10 12 1 10 12 1 10 10 12 1 10 8 1 8 1 8 1 10 10 100 1 10 12 1 100 1 10 100 1 10 100 1 1 1 3 1 1 1 1 1 1 1 1 1 1 100 1 1 1 1 1 1 1 1 1 1 1 1 1 1 1 1 1 1 1 1 1 1 1 1 1 1 1 1 1 1 1 1 1 1 1 1 1 1 1 1 1 1 1 1 1 1 1 1 1 1 1 1 1 1 1 1 1 1 1 1 1 1 1 1 1 1 1 1 1 1 1 1 1 1 1 1 1 1 1 1 1 1 1 1 1 1 1 1 1 1 1 1 1 1 1 1 1 100 1 1 100 1 1 1 1 1 100 1 1 1 1 1 1 15 10 100 12 1 1 1 16 1 15 10 12 16 15 10 12 1 1 1 1 100 1 100 1 1
staticfield java/lang/AbstractStringBuilder EMPTYVALUE [B 0
ciMethod java/lang/AbstractStringBuilder append (Ljava/lang/String;)Ljava/lang/AbstractStringBuilder; 342 0 17395 0 -1
ciMethod java/lang/AbstractStringBuilder append (I)Ljava/lang/AbstractStringBuilder; 12 0 9548 0 -1
ciMethod java/lang/AbstractStringBuilder <init> (I)V 178 0 5233 0 -1
ciMethod java/lang/AbstractStringBuilder isLatin1 ()Z 544 0 98049 0 -1
ciInstanceKlass java/lang/SecurityManager 0 0 576 10 100 12 1 1 1 9 100 12 1 1 1 10 100 12 1 1 1 100 1 8 1 10 12 1 10 12 1 1 10 100 12 1 1 1 10 100 1 10 100 1 10 9 100 12 1 1 1 10 100 12 1 1 1 10 12 1 1 10 100 12 1 1 100 1 8 1 10 9 12 1 1 9 12 1 8 1 9 12 1 100 1 10 8 1 10 12 1 1 10 12 1 10 12 1 1 100 1 10 10 12 1 1 100 1 8 1 10 12 1 8 1 8 1 8 1 8 1 8 1 8 1 10 12 1 8 1 8 1 8 1 8 1 8 1 10 100 12 1 1 1 10 12 1 1 8 1 100 1 8 1 10 8 1 8 1 8 1 8 1 8 1 10 100 12 1 1 8 1 100 1 8 1 8 1 10 8 1 10 12 1 100 1 8 1 10 10 12 1 1 10 12 1 10 12 1 10 12 1 10 100 12 1 1 1 10 12 1 10 100 12 1 1 11 100 12 1 1 1 18 12 1 1 11 100 12 1 1 1 18 12 1 1 11 12 1 1 18 18 11 12 1 18 12 1 11 12 1 1 9 12 1 1 9 12 1 9 12 1 9 12 1 100 1 10 100 12 1 1 10 12 1 10 12 1 18 12 1 18 10 100 12 1 1 1 18 12 1 10 12 1 18 18 8 1 10 12 1 9 12 1 1 11 100 12 1 1 1 8 1 100 1 10 12 1 10 12 1 1 10 12 1 1 9 12 1 1 10 12 1 10 12 1 1 8 1 100 1 10 9 12 1 8 1 10 12 1 8 1 100 1 10 10 100 12 1 1 10 100 1 9 100 12 1 1 1 11 12 1 1 10 12 1 11 12 1 10 12 1 100 1 10 10 12 1 1 10 12 1 1 1 1 1 1 1 1 1 1 1 100 1 1 1 1 1 1 1 1 1 1 1 1 1 1 1 1 1 1 1 1 1 1 1 1 1 1 1 1 1 1 1 1 1 1 1 1 1 1 1 1 1 1 1 1 1 1 1 1 1 1 1 1 1 1 1 1 3 1 1 1 1 1 1 1 1 1 1 100 1 1 1 1 1 1 1 1 1 1 1 1 1 1 1 1 1 1 1 1 1 1 1 1 1 1 1 1 1 1 1 1 1 1 1 1 1 1 15 10 100 12 1 1 1 16 15 10 100 12 1 1 1 16 1 16 15 10 12 16 1 15 10 12 16 15 11 100 1 16 1 16 1 15 10 12 16 15 10 12 16 15 10 12 1 16 1 15 11 12 1 15 10 12 16 15 10 16 1 1 1 1 100 1 100 1 1
ciMethod java/lang/SecurityManager checkPermission (Ljava/security/Permission;)V 0 0 1 0 -1
ciMethod java/lang/SecurityManager checkRead (Ljava/lang/String;)V 0 0 1 0 -1
ciMethod java/lang/SecurityManager checkConnect (Ljava/lang/String;I)V 0 0 1 0 -1
ciInstanceKlass java/security/AccessControlContext 1 1 373 9 7 12 1 1 1 9 12 1 1 10 100 12 1 1 1 8 1 10 100 12 1 1 1 10 7 12 1 1 1 9 12 1 9 12 1 1 9 12 1 1 10 7 12 1 1 100 1 10 12 1 11 100 12 1 1 1 11 12 1 11 12 1 11 12 1 1 7 1 11 12 1 1 10 12 1 10 7 12 1 1 1 9 100 12 1 1 1 10 100 12 1 1 1 11 100 12 1 1 1 10 7 1 100 1 8 1 10 12 1 10 12 1 1 7 1 10 7 12 1 1 1 9 12 1 9 12 1 9 12 1 9 12 1 1 9 12 1 1 9 12 1 9 12 1 10 7 12 1 1 1 9 12 1 10 12 1 1 10 12 1 1 8 1 10 12 1 1 10 12 1 1 10 100 12 1 1 1 100 1 10 10 12 1 1 10 100 12 1 1 1 10 8 1 10 100 12 1 1 8 1 10 100 12 1 1 8 1 8 1 10 12 1 8 1 10 12 1 8 1 10 12 1 10 12 1 10 12 1 1 8 1 8 1 100 1 10 12 1 10 12 1 1 100 1 10 12 1 8 1 10 12 1 10 12 1 10 8 1 10 12 1 1 10 12 1 1 10 12 1 1 10 12 1 1 10 12 1 10 12 1 10 12 1 10 12 1 1 10 10 10 12 1 1 1 1 1 1 1 1 1 1 1 1 1 1 1 1 1 1 1 1 1 1 1 1 100 1 1 1 1 1 1 1 1 1 1 1 1 1 1 1 1 1 1 1 1 1 1 1 1 1 1 1 1 1 1 1 1 1 1 1 1 1 1 1 1 1 1 1 1 1 1 1 1 1 1 1 1 3 1 1
ciMethod java/security/AccessControlContext isAuthorized ()Z 0 0 1 0 -1
ciInstanceKlass java/net/URL 1 1 743 10 7 12 1 1 1 10 12 1 10 7 12 1 1 9 12 1 1 9 12 1 10 7 12 1 1 1 10 12 1 1 10 12 1 1 9 12 1 1 10 7 12 1 1 1 8 1 10 12 1 1 100 1 10 10 12 1 1 8 1 10 12 1 1 9 12 1 100 1 8 1 10 12 1 10 12 1 8 1 9 12 1 10 12 1 1 9 12 1 10 12 1 10 12 1 9 12 1 9 12 1 8 1 9 12 1 10 12 1 1 8 1 9 12 1 1 10 12 1 1 10 7 12 1 1 1 8 1 10 12 1 7 1 10 12 1 10 12 1 10 12 1 10 12 1 1 10 12 1 1 8 1 10 12 1 1 10 12 1 8 1 9 12 1 8 1 10 12 1 10 7 12 1 1 1 100 1 10 12 1 10 12 1 1 10 7 12 1 1 1 100 1 8 1 10 10 12 1 8 1 10 12 1 1 10 12 1 10 12 1 10 12 1 10 12 1 10 12 1 8 1 10 12 1 10 10 7 12 1 1 1 10 12 1 9 100 12 1 1 1 10 100 12 1 1 1 9 12 1 1 10 12 1 10 100 12 1 1 1 100 1 100 1 10 12 1 10 12 1 10 12 1 10 12 1 10 12 1 10 12 10 10 10 12 1 100 1 10 12 1 10 12 1 1 8 1 9 100 12 1 1 1 10 100 12 1 1 1 10 12 1 1 9 100 12 1 1 1 10 12 1 1 100 1 10 12 1 10 12 1 10 10 12 1 1 10 12 1 1 10 12 1 10 12 1 10 12 1 10 7 12 1 1 1 10 12 1 1 10 12 1 9 12 1 1 9 12 1 1 100 1 8 1 10 10 12 1 9 12 1 1 10 7 12 1 1 8 1 10 7 12 1 1 8 1 10 12 1 1 10 12 1 8 1 8 1 10 7 12 1 1 1 100 1 10 100 12 1 1 1 10 12 1 10 12 1 7 1 10 9 12 1 1 10 7 12 1 1 8 1 10 12 1 1 7 1 10 10 7 12 1 1 1 8 9 7 12 1 1 1 10 12 1 10 12 1 10 12 1 10 12 1 10 7 12 1 1 11 7 12 1 1 10 12 1 10 12 1 9 12 1 10 12 1 1 10 100 12 1 1 10 100 12 1 1 1 8 10 100 12 1 1 100 1 10 8 8 10 12 1 8 8 8 100 1 10 12 1 9 12 1 1 10 12 1 10 12 1 1 10 12 1 10 12 10 12 1 1 10 12 1 1 10 10 10 12 1 10 12 1 10 12 1 10 12 1 10 12 1 10 10 12 1 100 1 8 1 10 10 10 12 1 1 10 12 1 10 12 1 1 8 1 7 1 10 10 10 7 1 10 12 1 9 7 12 1 1 1 9 12 1 1 7 1 10 10 7 12 1 1 1 100 1 1 1 1 1 5 0 1 1 1 1 1 1 1 1 1 1 1 1 1 1 1 1 1 1 1 1 1 1 1 1 1 1 1 1 1 1 1 1 1 1 1 1 1 1 1 100 1 1 1 1 1 1 1 1 1 1 1 1 1 1 1 1 1 1 1 1 1 1 1 1 1 1 1 1 1 1 1 1 1 1 1 1 1 100 1 1 1 1 1 1 1 1 1 1 1 1 1 1 1 1 100 1 1 1 1 1 1 1 1 1 1 1 1 1 1 1 1 1 1
staticfield java/net/URL defaultFactory Ljava/net/URLStreamHandlerFactory; java/net/URL$DefaultFactory
staticfield java/net/URL streamHandlerLock Ljava/lang/Object; java/lang/Object
staticfield java/net/URL serialPersistentFields [Ljava/io/ObjectStreamField; 7 [Ljava/io/ObjectStreamField;
ciMethod java/net/URL <init> (Ljava/net/URL;Ljava/lang/String;Ljava/net/URLStreamHandler;)V 774 3694 6314 0 -1
ciMethod java/net/URL <init> (Ljava/net/URL;Ljava/lang/String;)V 768 0 1429 0 0
ciMethod java/net/URL toLowerCase (Ljava/lang/String;)Ljava/lang/String; 26 0 1226 0 -1
ciMethod java/net/URL checkSpecifyHandler (Ljava/lang/SecurityManager;)V 0 0 1 0 -1
ciMethod java/net/URL getURLStreamHandler (Ljava/lang/String;)Ljava/net/URLStreamHandler; 24 0 1225 0 -1
ciMethod java/net/URL isValidProtocol (Ljava/lang/String;)Z 20 68 839 0 -1
ciMethod java/net/URL getHost ()Ljava/lang/String; 260 0 130 0 -1
ciMethod java/net/URL getPort ()I 258 0 129 0 -1
ciMethod java/net/URL openConnection ()Ljava/net/URLConnection; 226 0 135 0 -1
ciInstanceKlass java/util/jar/Manifest 1 1 336 10 7 12 1 1 1 7 1 10 9 7 12 1 1 1 7 1 10 9 12 1 1 9 12 1 1 10 12 1 10 12 1 1 10 12 1 1 10 12 1 1 10 12 1 1 11 7 1 11 12 1 1 10 12 1 1 10 100 12 1 1 1 100 1 100 1 10 8 1 10 12 1 1 10 12 1 1 10 12 1 10 12 1 11 100 1 10 12 1 10 12 1 1 11 12 1 1 10 12 1 11 12 1 1 11 100 12 1 1 1 11 100 12 1 1 11 12 1 1 100 1 10 12 1 8 1 11 12 1 7 1 10 12 1 1 11 12 1 10 12 1 10 12 1 10 100 12 1 1 1 8 1 10 12 1 1 10 9 7 12 1 1 1 10 12 1 1 10 100 12 1 10 12 1 10 12 1 9 100 12 1 1 1 8 1 10 12 1 8 1 8 1 7 1 10 12 1 10 12 1 10 12 1 1 100 1 8 1 10 12 1 1 8 1 10 10 12 1 1 8 1 10 12 1 1 10 7 12 1 1 1 10 12 1 10 11 12 1 1 10 12 1 10 7 12 1 1 1 10 12 1 1 10 12 1 1 11 10 12 1 11 10 12 1 100 1 1 1 1 1 1 1 1 1 1 1 1 1 1 1 1 1 1 1 1 1 1 1 1 1 1 1 1 1 1 1 1 1 1 1 1 1 1 1 1 1 1 1 100 1 1 1 1 1 1 1 1 1 1 1 1 1 1 100 1 1 1 1 1 1 1 1 1 1 1
instanceKlass sbt/io/DescendantOrSelfPathFinder$$anon$3
instanceKlass sbt/io/Path$AttributedFile
ciInstanceKlass java/io/File 1 1 645 9 7 12 1 1 1 9 12 1 1 10 7 12 1 1 1 9 7 12 1 1 9 12 1 9 12 1 1 10 7 12 1 1 1 9 12 1 1 9 12 1 1 100 1 10 10 7 12 1 1 1 10 12 1 1 7 1 10 10 12 1 1 10 12 1 10 12 1 1 10 7 12 1 1 100 1 8 1 10 12 1 10 12 1 8 1 10 12 1 8 1 10 12 1 1 8 1 10 12 1 8 1 10 12 1 8 1 10 12 1 8 1 10 12 1 8 1 10 12 1 9 12 1 1 10 12 1 1 10 12 1 1 10 12 1 1 10 12 1 1 10 12 1 10 12 1 10 12 1 1 10 12 1 10 12 10 12 1 10 12 1 10 12 100 1 8 1 10 10 12 1 10 12 1 8 1 10 12 1 7 1 10 10 12 1 1 10 12 1 10 12 1 100 1 10 100 1 8 1 10 12 1 10 12 1 1 10 12 1 10 12 1 1 10 8 1 10 12 1 100 1 100 1 10 12 1 10 7 12 1 1 1 10 100 12 1 1 10 12 1 1 10 12 1 10 12 1 10 12 1 1 10 12 1 10 12 1 10 12 1 10 12 1 10 7 12 1 1 10 12 1 1 10 12 1 1 7 1 10 11 7 12 1 1 1 11 100 12 1 1 11 12 1 11 12 1 1 100 1 10 12 1 10 10 10 7 1 11 7 12 1 10 12 1 10 12 1 10 12 1 10 12 1 10 12 1 10 12 1 10 12 1 1 8 1 10 12 1 1 10 12 1 10 12 1 1 10 12 1 1 10 12 1 10 12 1 10 12 1 10 12 1 1 100 1 8 1 10 10 12 1 1 10 12 1 1 100 1 5 0 8 1 8 1 8 1 10 7 12 1 1 10 12 1 1 100 1 8 1 10 10 12 1 10 12 1 1 10 12 1 1 10 12 1 10 100 12 1 1 10 12 1 1 10 100 12 1 1 1 8 10 100 12 1 1 1 10 12 1 1 9 12 1 1 9 12 1 1 10 7 12 1 1 1 9 12 1 10 12 1 1 9 12 1 1 10 7 12 1 1 1 10 7 12 1 1 10 7 12 1 1 10 7 12 1 1 1 10 12 1 10 12 1 9 12 1 10 12 1 9 12 1 9 12 1 10 12 1 1 10 12 1 1 8 100 1 100 1 1 1 5 0 1 1 1 1 1 1 1 1 1 1 1 1 1 1 1 1 1 1 1 1 1 1 1 1 1 1 1 1 1 1 1 1 1 1 1 1 1 1 1 1 1 1 1 1 1 1 1 1 1 1 1 1 1 1 1 1 1 1 1 1 1 1 1 1 1 1 1 1 1 1 1 1 1 1 1 1 1 1 1 1 1 1 1 1 1 1 1 1 1 1 1 1 1 1 1 1 1 1 1 1 1 1 100 1 1 1 1 100 1 100 1 1 1 1 1 1 1 1 1 1 1 1
staticfield java/io/File fs Ljava/io/FileSystem; java/io/WinNTFileSystem
staticfield java/io/File separatorChar C 92
staticfield java/io/File separator Ljava/lang/String; "\"staticfield java/io/File pathSeparatorChar C 59
staticfield java/io/File pathSeparator Ljava/lang/String; ";"staticfield java/io/File UNSAFE Ljdk/internal/misc/Unsafe; jdk/internal/misc/Unsafe
staticfield java/io/File PATH_OFFSET J 16
staticfield java/io/File PREFIX_LENGTH_OFFSET J 12
staticfield java/io/File $assertionsDisabled Z 1
ciInstanceKlass java/util/Objects 1 1 151 10 7 12 1 1 1 100 1 8 1 10 12 1 10 12 1 1 10 7 12 1 1 1 10 12 1 1 10 12 1 10 100 12 1 1 1 10 12 1 1 11 100 12 1 1 1 100 1 10 10 12 1 8 1 10 7 12 1 1 1 8 1 100 1 11 12 1 1 8 1 10 7 12 1 1 1 10 12 1 1 10 12 1 10 12 1 10 12 1 10 12 1 1 1 1 1 1 1 1 1 1 1 1 1 1 1 1 1 1 1 1 1 1 1 1 1 1 1 1 1 1 1 1 1 1 1 1 1 1 1 1 1 1 1 1 1 1 1 1 1 1 1 1 1 1 1 1 1 1 1
instanceKlass java/util/Collections$SingletonMap
instanceKlass java/util/concurrent/ConcurrentSkipListMap
instanceKlass scala/collection/convert/Wrappers$MapWrapper
instanceKlass java/util/EnumMap
instanceKlass java/util/TreeMap
instanceKlass java/util/IdentityHashMap
instanceKlass java/util/WeakHashMap
instanceKlass java/util/Collections$EmptyMap
instanceKlass sun/util/PreHashedMap
instanceKlass java/util/HashMap
instanceKlass java/util/ImmutableCollections$AbstractImmutableMap
instanceKlass java/util/concurrent/ConcurrentHashMap
ciInstanceKlass java/util/AbstractMap 1 1 192 10 7 12 1 1 1 10 7 12 1 1 1 11 7 12 1 1 1 10 11 12 1 1 11 7 12 1 1 1 11 12 1 1 7 1 11 12 1 10 12 1 1 11 12 1 100 1 10 11 12 1 11 7 1 10 12 1 1 11 12 1 9 12 1 1 7 1 10 12 1 9 12 1 1 100 1 10 11 11 12 1 1 11 12 1 100 1 100 1 11 12 1 8 1 7 1 10 10 12 1 1 8 1 10 12 1 10 12 1 1 10 12 1 1 1 1 1 1 1 1 1 1 1 1 1 1 1 1 1 1 1 1 1 1 1 1 1 1 1 1 1 1 1 1 1 1 1 1 1 1 1 1 100 1 1 1 1 1 1 1 1 1 1 1 1 1 1 1 1 100 1 1 1 1 1 1 1 1 1 100 1 100 1 100 1 100 1 1 1 1 1
ciInstanceKlass java/util/List 1 1 217 10 100 12 1 1 1 11 100 12 1 1 1 11 100 12 1 1 1 11 12 1 1 11 100 12 1 1 11 12 1 1 11 12 1 1 10 100 12 1 1 1 100 1 100 1 10 12 1 1 100 1 10 100 12 1 1 1 9 7 12 1 1 1 7 1 10 12 10 12 1 7 1 10 12 1 1 10 12 1 10 12 1 1 100 1 1 1 1 1 1 1 1 1 1 1 1 1 1 1 1 1 1 1 1 1 1 1 1 1 1 1 1 1 1 1 1 1 1 1 1 1 1 1 1 1 1 1 1 1 1 1 1 1 1 100 1 100 1 1 1 1 1 1 1 1 1 1 1 1 1 1 1 1 1 1 1 1 1 1 1 1 1 1 1 1 1 1 1 1 1 1 1 1 1 1 1 1 1 1 1 1 1 1 1 1 1 1 1 1 1 1 1 1 1 1 1 1 1 1 1 1 1 1 1 1 1 1 1 1 100 1 1 100 1 1 1
instanceKlass java/util/Collections$CopiesList
instanceKlass scala/collection/convert/Wrappers$MutableBufferWrapper
instanceKlass java/util/Collections$SingletonList
instanceKlass sun/security/jca/ProviderList$3
instanceKlass java/util/AbstractSequentialList
instanceKlass java/util/Vector
instanceKlass java/util/ArrayList$SubList
instanceKlass java/util/Arrays$ArrayList
instanceKlass java/util/Collections$EmptyList
instanceKlass java/util/ArrayList
ciInstanceKlass java/util/AbstractList 1 1 218 10 7 12 1 1 1 9 7 12 1 1 1 10 12 1 1 10 12 1 1 100 1 10 10 12 1 1 11 100 12 1 1 1 11 12 1 1 11 12 1 10 7 12 1 1 1 10 12 1 11 12 1 11 12 1 11 12 1 10 12 1 1 10 12 1 1 11 100 12 1 1 1 11 7 1 11 7 1 10 12 1 100 1 10 12 1 10 12 1 1 100 1 100 1 10 12 1 100 1 10 100 1 100 1 10 8 1 10 12 1 1 10 12 1 10 12 1 1 10 12 1 8 1 100 1 8 1 8 1 8 1 10 100 1 11 10 10 12 1 11 12 1 10 12 1 1 8 1 8 1 1 1 1 1 1 1 1 1 1 1 1 1 1 1 1 1 1 1 1 1 1 1 1 1 1 1 1 1 1 1 1 1 1 1 1 1 1 1 1 1 1 1 1 1 1 1 1 1 1 1 1 1 1 1 1 1 1 100 1 100 1 1 1 1 1 1 1
ciMethod java/util/Objects equals (Ljava/lang/Object;Ljava/lang/Object;)Z 610 0 34137 0 -1
ciMethod java/util/Objects requireNonNull (Ljava/lang/Object;Ljava/lang/String;)Ljava/lang/Object; 514 0 110332 0 96
ciInstanceKlass java/lang/AssertionStatusDirectives 0 0 24 10 100 12 1 1 1 100 1 1 1 1 1 1 1 1 1 1 1 1 1 1 1 1
ciInstanceKlass java/lang/invoke/MethodHandleNatives$CallSiteContext 1 1 49 10 7 12 1 1 1 7 1 10 10 7 12 1 1 1 10 7 12 1 1 1 10 7 12 1 1 1 100 1 1 1 1 1 1 1 1 1 1 1 1 1 1 1 1 1 100 1 1
ciInstanceKlass jdk/internal/invoke/NativeEntryPoint 0 0 92 10 100 12 1 1 1 9 100 12 1 1 1 10 100 12 1 1 1 100 1 9 12 1 9 12 1 9 12 1 1 9 12 1 1 9 12 1 1 100 1 8 1 10 12 1 11 100 12 1 1 1 10 12 1 1 10 12 1 11 100 12 1 1 11 12 1 10 12 1 1 10 12 1 1 1 1 1 1 1 1 1 1 1 1 1 1 1 1 1 1 1
instanceKlass java/lang/invoke/VolatileCallSite
instanceKlass java/lang/invoke/MutableCallSite
instanceKlass java/lang/invoke/ConstantCallSite
ciInstanceKlass java/lang/invoke/CallSite 1 1 302 10 7 12 1 1 1 10 7 12 1 1 1 9 7 12 1 1 1 10 12 1 1 9 12 1 1 10 7 12 1 1 1 10 12 1 100 1 10 12 1 1 10 12 1 1 9 100 12 1 1 1 10 100 12 1 1 10 12 1 1 100 1 100 1 10 10 100 12 1 1 1 10 12 1 1 8 1 10 12 1 10 12 1 1 10 12 1 10 12 1 1 10 12 1 1 10 10 7 12 1 1 10 12 1 1 9 12 1 9 7 12 1 1 1 8 1 10 7 12 1 1 1 10 12 1 1 100 1 10 12 1 1 9 12 1 8 1 100 1 10 12 1 10 12 1 100 1 8 1 10 10 12 1 10 12 1 1 100 1 10 12 1 1 10 12 1 10 12 1 10 12 1 1 10 12 1 1 9 12 1 1 8 10 12 1 1 9 12 1 1 100 1 10 10 12 1 10 100 12 1 1 1 10 12 1 1 10 12 1 1 10 12 1 10 7 12 1 1 1 100 1 8 1 10 10 12 10 12 1 1 100 1 100 1 100 1 8 1 10 12 1 10 7 12 1 1 1 1 1 1 1 1 1 1 1 1 1 1 1 1 1 1 1 1 1 1 1 1 1 1 1 1 1 1 1 1 1 1 1 1 1 1 1 1 1 1 1 1 1 1 1 1 1 1 1 1 1 1 1 1 1
staticfield java/lang/invoke/CallSite $assertionsDisabled Z 1
ciInstanceKlass java/lang/invoke/VolatileCallSite 0 0 37 10 100 12 1 1 1 10 12 1 10 100 12 1 1 1 10 12 1 10 12 1 1 1 1 1 1 1 1 1 1 1 1 1 1 1 1
ciInstanceKlass java/lang/invoke/MethodType 1 1 771 7 1 10 7 12 1 1 1 9 12 1 1 9 12 1 1 9 12 1 1 10 7 12 1 1 1 9 7 12 1 1 8 1 10 100 12 1 1 1 9 7 1 9 7 1 10 12 1 1 100 1 10 8 1 10 12 1 1 10 12 1 10 12 1 1 100 1 8 1 10 12 1 100 1 10 10 12 1 10 12 1 1 10 12 1 1 11 7 12 1 1 1 9 12 1 11 12 1 1 7 7 1 10 7 12 1 1 1 10 12 1 9 12 1 1 10 7 12 1 1 10 12 1 1 10 7 12 1 1 1 10 7 12 1 1 1 10 12 1 9 12 1 1 10 12 1 1 100 1 10 12 1 1 10 12 1 1 10 12 1 1 10 12 1 1 10 12 1 1 10 12 1 10 12 1 10 12 1 1 10 12 1 8 1 8 1 10 12 1 1 9 12 1 1 100 1 10 10 12 1 1 10 12 1 10 12 1 1 10 12 1 1 10 12 1 10 12 1 1 10 12 1 8 1 10 12 1 1 10 100 12 1 1 1 10 12 1 10 12 1 1 10 12 1 10 12 1 10 12 1 1 10 12 1 10 12 1 9 12 1 10 12 1 10 10 12 1 1 10 12 1 9 12 1 1 10 12 1 1 10 12 1 1 10 12 1 1 10 12 1 1 7 1 10 12 10 12 1 10 12 1 100 1 8 1 8 1 8 1 10 12 1 10 12 1 10 12 1 10 11 12 1 1 11 12 1 10 100 12 1 1 1 9 12 1 10 12 1 10 12 1 1 10 12 1 1 10 12 1 10 12 1 10 100 12 1 1 1 10 12 1 1 10 12 1 10 12 1 10 12 1 10 9 12 1 1 7 1 10 12 1 10 12 1 1 9 100 12 1 1 1 10 100 12 1 1 1 10 100 12 1 1 1 10 12 1 1 10 100 12 1 1 1 10 12 1 1 8 1 10 7 12 1 1 1 11 12 1 1 9 12 1 1 10 12 1 1 10 12 1 10 12 1 1 10 12 1 1 10 100 12 1 1 100 1 10 12 1 1 11 100 12 1 1 1 18 12 1 1 11 12 1 1 18 12 1 11 12 1 100 1 11 100 12 1 1 10 12 1 100 1 10 12 1 10 100 12 1 1 10 12 1 1 9 12 1 1 9 100 12 1 1 1 10 100 12 1 1 1 9 12 1 10 100 12 1 1 10 12 1 100 10 12 1 1 10 12 1 10 7 1 7 1 9 12 1 1 100 1 100 1 100 1 1 1 5 0 1 1 1 1 1 1 1 3 1 3 1 3 1 1 1 1 1 1 1 1 1 1 1 1 1 1 1 1 1 1 1 1 1 1 1 1 1 1 1 1 1 1 1 1 1 1 1 1 1 1 1 1 1 1 1 1 1 1 1 1 1 1 1 1 1 1 1 1 1 1 1 1 1 1 1 1 1 1 1 1 1 1 1 1 1 1 1 1 1 1 1 1 1 1 1 1 1 1 1 1 1 1 1 1 1 1 1 1 1 1 1 1 1 1 1 1 1 1 1 1 1 1 1 1 1 1 1 1 1 1 1 1 1 1 1 1 1 1 1 7 1 7 1 1 1 1 1 1 1 1 1 1 1 1 1 100 1 1 1 100 1 1 1 1 1 1 1 1 1 1 1 1 1 1 1 1 1 1 1 1 1 15 10 100 12 1 1 1 16 15 10 12 16 16 15 10 12 16 1 1 1 1 100 1 1 100 1 1 100 1 100 1 1
staticfield java/lang/invoke/MethodType internTable Ljava/lang/invoke/MethodType$ConcurrentWeakInternSet; java/lang/invoke/MethodType$ConcurrentWeakInternSet
staticfield java/lang/invoke/MethodType NO_PTYPES [Ljava/lang/Class; 0 [Ljava/lang/Class;
staticfield java/lang/invoke/MethodType objectOnlyTypes [Ljava/lang/invoke/MethodType; 20 [Ljava/lang/invoke/MethodType;
staticfield java/lang/invoke/MethodType METHOD_HANDLE_ARRAY [Ljava/lang/Class; 1 [Ljava/lang/Class;
staticfield java/lang/invoke/MethodType serialPersistentFields [Ljava/io/ObjectStreamField; 0 [Ljava/io/ObjectStreamField;
staticfield java/lang/invoke/MethodType $assertionsDisabled Z 1
ciInstanceKlass java/lang/BootstrapMethodError 0 0 45 10 100 12 1 1 1 10 12 1 10 12 1 10 100 12 1 1 1 10 100 12 1 1 1 1 1 1 5 0 1 1 1 1 1 1 1 1 1 1 1 100 1 1 1
ciInstanceKlass sun/net/www/ParseUtil 1 1 511 7 1 10 100 12 1 1 1 10 12 1 1 9 7 12 1 1 1 10 12 1 10 12 1 1 10 7 12 1 1 1 10 12 1 1 5 0 5 0 10 12 1 1 10 12 1 1 10 100 12 1 1 1 10 12 1 1 7 1 3 10 12 1 10 7 12 1 1 1 10 12 1 1 10 12 1 1 7 1 10 12 1 10 7 12 1 1 1 10 7 12 1 1 9 7 12 1 1 1 10 12 1 1 9 7 12 1 1 1 10 7 12 1 1 1 10 12 1 9 12 1 1 100 1 10 10 12 1 1 10 12 1 1 10 12 1 1 10 12 1 1 100 1 100 1 10 10 12 1 10 12 1 10 12 1 10 12 1 1 10 7 12 1 1 1 8 1 10 12 1 10 12 1 1 10 12 10 12 1 1 10 12 1 10 10 12 1 10 12 1 8 1 10 12 1 1 10 10 12 1 10 12 1 7 1 8 1 8 1 10 12 1 10 12 1 10 12 1 10 12 1 10 12 1 10 12 1 8 1 10 12 1 1 10 12 1 1 100 1 10 12 1 10 12 1 100 1 10 10 12 1 1 10 12 1 1 8 1 10 12 1 5 0 5 0 10 12 1 1 10 12 1 1 5 0 5 0 8 1 5 0 5 0 8 1 8 1 10 12 1 10 12 1 1 10 12 1 10 12 1 1 10 12 1 1 10 12 1 10 12 1 1 10 12 1 1 5 0 5 0 10 12 1 1 10 100 12 1 1 1 100 1 10 12 1 10 12 1 1 9 12 1 1 10 7 12 1 1 1 10 12 1 8 1 10 12 1 10 7 12 1 1 10 12 1 1 10 12 1 1 1 1 1 5 0 1 1 1 1 5 0 1 1 5 0 1 1 5 0 1 1 1 5 0 1 5 0 1 5 0 1 1 5 0 1 5 0 1 5 0 1 1 1 1 5 0 1 1 1 1 5 0 1 1 1 1 1 1 1 1 1 1 1 1 1 1 1 1 1 1 1 1 1 1 1 1 1 1 1 1 1 1 100 1 1 1 1 1 1 1 1 1 1 1 1 1 1 1 1 1 1 1 1 100 1 1 1 1 1 1 1 1 1 1 1 1 1 1 1 1 1 1 1 1 1 1 1 1 1 1 1 1 1 1 1 1 1 1 1 1
staticfield sun/net/www/ParseUtil HEX_UPPERCASE Ljava/util/HexFormat; java/util/HexFormat
staticfield sun/net/www/ParseUtil $assertionsDisabled Z 1
ciMethod sun/net/www/ParseUtil match (CJJ)Z 132 0 1242 0 0
ciMethod sun/net/www/ParseUtil encodePath (Ljava/lang/String;IC)Ljava/lang/String; 2 90 1 0 -1
ciMethod sun/net/www/ParseUtil encodePath (Ljava/lang/String;Z)Ljava/lang/String; 768 0 5652 0 0
ciMethod sun/net/www/ParseUtil firstEncodeIndex (Ljava/lang/String;)I 220 8224 1585 0 640
instanceKlass jdk/net/UnixDomainPrincipal
ciInstanceKlass java/lang/Record 0 0 22 10 100 12 1 1 1 100 1 1 1 1 1 1 1 1 1 1 1 1 1 1
ciInstanceKlass java/lang/ClassNotFoundException 1 1 96 7 1 10 7 12 1 1 1 10 12 1 10 12 1 1 10 100 12 1 1 1 8 1 10 100 12 1 1 1 10 7 12 1 1 10 100 12 1 1 1 10 100 12 1 1 1 10 12 1 1 7 1 10 12 1 9 12 1 1 1 1 1 5 0 1 1 1 1 1 1 1 1 1 1 1 1 1 1 1 1 1 1 100 1 1 1 1 1 1 1 1 1 1 1 1
staticfield java/lang/ClassNotFoundException serialPersistentFields [Ljava/io/ObjectStreamField; 1 [Ljava/io/ObjectStreamField;
ciInstanceKlass jdk/internal/loader/ClassLoaders$AppClassLoader 1 1 119 8 1 10 7 12 1 1 1 10 7 12 1 1 1 10 100 12 1 1 1 10 12 1 1 10 100 12 1 1 1 10 12 1 1 10 12 1 1 7 1 8 1 10 12 10 7 12 1 1 1 10 100 12 1 1 10 12 1 1 10 12 1 1 10 7 12 1 1 1 100 1 10 12 1 1 1 1 1 1 1 1 1 1 1 1 1 1 1 1 1 1 1 1 1 100 1 1 1 1 1 1 1 1 1 1 1 1 1 1 1 1 1 1 1 100 1 1 1
ciInstanceKlass jdk/internal/loader/ClassLoaders$PlatformClassLoader 1 1 42 8 1 10 7 12 1 1 1 10 7 12 1 1 1 100 1 10 12 1 100 1 1 1 1 1 1 1 1 1 1 1 1 1 1 100 1 1 1 100 1 1
ciInstanceKlass java/lang/ArithmeticException 1 1 26 10 100 12 1 1 1 10 12 1 100 1 1 1 1 5 0 1 1 1 1 1 1 1 1 1
ciInstanceKlass java/lang/NullPointerException 1 1 52 10 7 12 1 1 1 10 12 1 9 7 12 1 1 1 10 12 1 1 9 12 1 1 10 12 1 1 10 12 1 1 1 1 5 0 1 1 1 1 1 1 1 1 100 1 100 1 100 1 1 1
ciInstanceKlass java/lang/IllegalMonitorStateException 1 1 26 10 100 12 1 1 1 10 12 1 100 1 1 1 1 5 0 1 1 1 1 1 1 1 1 1
ciInstanceKlass java/lang/OutOfMemoryError 1 1 26 10 100 12 1 1 1 10 12 1 100 1 1 1 1 5 0 1 1 1 1 1 1 1 1 1
ciInstanceKlass java/lang/InternalError 0 0 34 10 100 12 1 1 1 10 12 1 10 12 1 10 12 1 100 1 1 1 1 5 0 1 1 1 1 1 1 1 1 1 1 1
ciInstanceKlass java/lang/ClassCastException 1 1 26 10 100 12 1 1 1 10 12 1 100 1 1 1 1 5 0 1 1 1 1 1 1 1 1 1
ciInstanceKlass java/lang/NoClassDefFoundError 0 0 26 10 100 12 1 1 1 10 12 1 100 1 1 1 1 5 0 1 1 1 1 1 1 1 1 1
instanceKlass java/nio/DoubleBuffer
instanceKlass java/nio/FloatBuffer
instanceKlass java/nio/ShortBuffer
instanceKlass java/nio/IntBuffer
instanceKlass java/nio/LongBuffer
instanceKlass java/nio/CharBuffer
instanceKlass java/nio/ByteBuffer
ciInstanceKlass java/nio/Buffer 1 1 224 100 1 10 7 12 1 1 1 9 7 12 1 1 1 9 12 1 9 12 1 1 9 12 1 9 12 1 1 10 12 1 1 10 12 1 1 10 12 100 1 100 1 10 8 1 10 12 1 1 10 12 1 8 1 8 1 10 12 1 1 10 12 1 8 1 9 12 1 1 100 1 8 1 10 12 1 8 1 8 1 9 12 10 12 1 8 1 8 1 8 1 10 12 1 8 1 8 1 8 1 100 1 10 100 1 10 100 1 10 100 1 10 10 100 12 1 1 1 10 11 100 12 1 1 10 7 12 1 1 1 10 7 12 1 1 1 9 12 1 1 10 7 12 1 1 1 9 12 1 1 7 1 10 10 7 12 1 1 1 1 1 3 1 1 1 1 1 1 1 1 1 1 1 1 1 1 1 1 1 1 100 1 1 1 1 1 1 1 1 1 1 1 1 1 1 1 1 1 1 1 1 1 1 1 1 1 1 1 1 1 1 1 1 1 1 1 1 1 1 1 1 1 1
staticfield java/nio/Buffer UNSAFE Ljdk/internal/misc/Unsafe; jdk/internal/misc/Unsafe
staticfield java/nio/Buffer SCOPED_MEMORY_ACCESS Ljdk/internal/misc/ScopedMemoryAccess; jdk/internal/misc/ScopedMemoryAccess
staticfield java/nio/Buffer $assertionsDisabled Z 1
ciInstanceKlass jdk/internal/misc/UnsafeConstants 1 1 34 10 100 12 1 1 1 9 7 12 1 1 1 9 12 1 9 12 1 1 9 12 1 9 12 1 1 1 1 1 1 1 1 1
staticfield jdk/internal/misc/UnsafeConstants ADDRESS_SIZE0 I 8
staticfield jdk/internal/misc/UnsafeConstants PAGE_SIZE I 4096
staticfield jdk/internal/misc/UnsafeConstants BIG_ENDIAN Z 0
staticfield jdk/internal/misc/UnsafeConstants UNALIGNED_ACCESS Z 1
staticfield jdk/internal/misc/UnsafeConstants DATA_CACHE_LINE_FLUSH_SIZE I 0
instanceKlass java/lang/invoke/BoundMethodHandle
instanceKlass java/lang/invoke/DelegatingMethodHandle
instanceKlass java/lang/invoke/DirectMethodHandle
ciInstanceKlass java/lang/invoke/MethodHandle 1 1 644 100 1 9 7 12 1 1 1 10 7 12 1 1 1 10 7 12 1 1 1 7 1 7 1 10 12 1 1 9 12 1 1 10 12 1 10 12 1 1 10 12 1 1 10 100 12 1 1 1 10 12 1 1 10 12 1 1 11 100 12 1 1 1 10 12 1 1 10 12 1 10 12 1 9 12 1 1 10 12 1 1 100 1 100 1 10 8 1 10 12 1 1 10 12 1 8 1 10 12 1 1 10 12 1 10 7 12 1 1 1 10 12 1 10 12 1 1 10 12 1 1 10 12 1 1 10 12 1 1 10 7 12 1 1 1 10 100 12 1 1 1 7 1 10 12 1 1 10 12 1 1 10 12 1 1 8 1 10 7 12 1 1 1 8 1 10 12 1 1 10 12 1 1 10 12 1 1 10 12 1 8 1 10 12 1 1 8 1 10 12 1 8 1 10 100 12 1 1 1 9 12 1 1 100 1 10 9 100 12 1 1 1 9 100 1 8 1 10 12 1 1 10 12 1 10 12 1 1 10 12 1 10 12 1 1 10 12 1 10 12 1 1 10 12 1 10 12 1 1 10 12 1 1 8 1 10 12 1 1 8 1 10 12 1 10 12 1 1 10 12 1 10 12 1 10 12 1 1 9 100 12 1 1 1 10 12 1 1 11 12 1 10 12 1 10 12 1 1 10 100 12 1 1 1 100 1 11 12 1 10 100 1 11 12 1 100 1 10 12 1 11 12 1 9 100 12 1 1 1 11 12 1 1 11 100 12 1 1 1 10 12 1 1 9 12 1 11 12 1 9 12 1 9 12 1 9 12 1 11 12 1 1 9 12 1 9 12 1 9 12 1 9 12 1 9 12 1 9 12 1 9 12 1 8 1 10 12 1 10 12 1 8 1 10 12 1 10 12 1 10 10 7 12 1 1 10 12 1 1 100 1 8 1 10 12 1 1 10 12 1 1 10 12 1 10 12 1 100 1 10 100 12 1 1 1 10 12 1 9 7 12 1 1 1 10 12 1 1 10 12 1 1 8 1 9 12 1 9 12 1 1 9 12 1 1 10 12 1 7 1 10 12 1 10 12 1 1 9 12 1 1 9 12 1 1 10 7 12 1 1 1 11 7 12 1 1 9 12 1 10 12 1 1 10 12 1 9 12 1 10 12 1 8 10 12 1 1 8 1 1 1 1 1 1 7 1 1 1 1 1 1 1 1 1 1 1 1 1 1 1 1 1 1 1 1 1 1 1 1 1 1 1 1 1 1 1 1 1 1 1 1 1 1 1 1 1 1 1 1 1 1 1 1 1 1 1 1 1 1 1 1 1 1 1 1 1 1 1 1 1 1 1 1 1 100 1 1 1 1 1 1 1 1 1 100 1 1 1 1 1 1 1 1 1 1 1 1 1 1 1 1 1 1 1 1 1 1 1 1 1 1 1 100 1 1 100 1 1 100 1 1 1 1
staticfield java/lang/invoke/MethodHandle FORM_OFFSET J 20
staticfield java/lang/invoke/MethodHandle UPDATE_OFFSET J 13
staticfield java/lang/invoke/MethodHandle $assertionsDisabled Z 1
ciInstanceKlass jdk/internal/reflect/CallerSensitive 0 0 17 100 1 100 1 100 1 1 1 1 1 1 1 1 1 1 1
ciInstanceKlass jdk/internal/reflect/NativeConstructorAccessorImpl 1 1 126 10 7 12 1 1 1 9 7 12 1 1 1 9 12 1 1 10 7 12 1 1 1 10 100 12 1 1 1 10 100 12 1 1 1 9 12 1 9 12 1 1 9 12 1 1 10 7 12 1 1 1 100 1 10 10 12 1 1 10 12 1 10 12 1 10 12 1 1 9 12 1 1 10 100 12 1 1 1 100 1 10 12 1 1 10 12 1 1 8 10 12 1 1 1 1 1 1 1 1 1 1 1 1 1 1 1 1 1 1 1 1 1 1 100 1 100 1 100 1 1 1 1 1 1 1
staticfield jdk/internal/reflect/NativeConstructorAccessorImpl U Ljdk/internal/misc/Unsafe; jdk/internal/misc/Unsafe
staticfield jdk/internal/reflect/NativeConstructorAccessorImpl GENERATED_OFFSET J 16
instanceKlass com/sun/jna/win32/W32APIOptions$2
instanceKlass com/sun/jna/win32/W32APIOptions$1
instanceKlass java/lang/ProcessEnvironment
instanceKlass java/util/LinkedHashMap
ciInstanceKlass java/util/HashMap 1 1 610 10 7 12 1 1 1 100 1 10 12 1 1 100 1 10 100 12 1 1 1 100 1 11 12 1 1 11 12 1 11 12 1 1 10 7 12 1 1 1 7 1 3 10 7 12 1 1 1 100 1 100 1 10 8 1 10 12 1 1 10 12 1 10 12 1 1 10 12 1 10 7 12 1 1 1 8 1 10 12 1 9 12 1 1 10 12 1 9 12 1 1 4 10 12 1 10 12 1 1 11 7 12 1 1 9 12 1 1 4 10 12 1 1 11 12 1 1 11 7 12 1 1 1 11 7 12 1 1 1 11 12 1 1 7 1 11 12 1 11 12 1 10 12 1 10 12 1 1 9 12 10 12 1 1 9 7 12 1 1 1 9 12 9 12 1 10 12 1 1 9 12 1 7 1 10 12 1 1 10 12 1 1 10 12 1 1 10 12 1 1 10 12 1 1 9 12 1 10 12 1 1 3 10 12 1 1 10 12 1 1 9 12 1 1 9 10 12 1 1 10 12 1 1 10 12 1 1 10 12 1 9 12 1 1 7 1 10 12 1 10 12 1 10 100 12 1 1 1 100 1 9 12 1 1 7 1 10 9 12 7 1 10 100 1 10 11 7 12 1 1 1 100 1 10 11 100 12 1 1 11 100 12 1 1 1 10 12 1 100 1 100 1 10 12 1 10 12 1 10 12 1 10 100 12 1 1 10 12 1 1 10 12 1 1 10 100 12 1 1 1 8 10 100 12 1 1 1 100 1 10 4 10 100 12 1 1 1 4 10 12 1 10 100 12 1 1 1 10 12 1 8 1 4 10 100 12 1 1 1 100 1 11 100 12 1 1 1 10 12 1 10 12 1 10 10 12 1 1 100 1 100 1 1 1 1 5 0 1 3 1 1 1 3 1 3 1 3 1 1 1 1 1 1 1 1 1 1 1 1 1 1 1 1 1 1 1 1 1 1 100 1 1 1 1 1 1 1 1 1 1 1 1 1 1 1 1 1 1 1 1 1 1 1 1 1 1 1 1 1 1 1 1 100 1 1 1 1 1 1 1 1 1 1 1 1 1 1 1 1 1 1 1 1 1 1 1 1 1 1 1 1 1 1 1 1 1 1 1 1 1 1 1 1 1 1 1 1 1 1 1 1 1 1 100 1 1 1 1 1 1 1 1 1 1 1 1 1 1 1 1 1 1 1 1 1 1 1 1 1 1 1 1 1 1 1 1 1 1 1 1 1 1 1 1 1 1 1 1 1 1 1 1 100 1 1 1 1 1 1 1 1 100 1 1 1 1 1 1 1 1 1 1 1 1 1 1 100 1 100 1 100 1 100 1 100 1 100 1 100 1 100 1 1 1 1 1 1 1 1 1 1 1 1 1 1 1 1 1 1
instanceKlass scala/tools/nsc/backend/jvm/opt/LruMap$LruMapImpl
ciInstanceKlass java/util/LinkedHashMap 1 1 289 9 7 12 1 1 1 9 12 1 9 7 12 1 1 9 12 1 10 7 12 1 1 1 10 12 1 1 10 12 1 1 9 12 1 1 9 12 1 1 9 12 1 10 12 1 1 100 1 10 10 12 1 1 10 12 1 10 12 1 1 9 12 1 1 9 12 1 10 100 12 1 1 1 10 12 1 10 12 1 10 12 10 12 1 1 10 100 12 1 1 1 10 12 1 1 10 12 1 1 9 7 1 10 12 1 9 12 1 1 7 1 10 12 1 9 12 1 1 7 1 10 9 12 1 7 1 10 100 1 10 11 100 12 1 1 1 100 1 10 11 100 12 1 1 1 100 1 1 1 1 5 0 1 1 1 1 1 1 1 1 1 1 1 1 1 1 1 1 1 1 1 1 1 1 1 1 1 1 1 1 1 1 1 1 1 1 1 1 1 1 1 1 1 1 1 1 1 1 1 1 1 1 1 100 1 1 1 1 1 1 1 1 1 1 1 1 1 1 1 1 1 1 1 1 1 1 1 1 1 100 1 1 1 1 1 1 1 1 100 1 1 1 1 1 100 1 1 1 1 1 1 1 1 1 1 1 1 1 1 1 1 1 1 1 1 1 1 100 1 100 1 100 1 100 1 1 1 1 1 100 1 1 1 1 1 1 1 1
ciMethod java/util/HashMap get (Ljava/lang/Object;)Ljava/lang/Object; 1024 0 31156 0 -1
ciMethod java/util/HashMap put (Ljava/lang/Object;Ljava/lang/Object;)Ljava/lang/Object; 1024 0 24457 0 -1
ciMethod java/util/HashMap containsKey (Ljava/lang/Object;)Z 512 0 5807 0 -1
instanceKlass java/lang/invoke/DirectMethodHandle$Special
instanceKlass java/lang/invoke/DirectMethodHandle$Interface
instanceKlass java/lang/invoke/DirectMethodHandle$Constructor
instanceKlass java/lang/invoke/DirectMethodHandle$Accessor
ciInstanceKlass java/lang/invoke/DirectMethodHandle 1 1 940 7 1 7 1 100 1 7 1 7 1 10 7 12 1 1 1 10 7 12 1 1 1 100 1 10 12 1 10 12 1 1 10 7 12 1 1 10 12 1 1 10 12 1 10 12 1 7 1 10 12 1 1 10 12 1 1 10 12 1 10 12 1 1 10 7 12 1 1 1 10 12 1 9 12 1 1 100 1 10 9 12 1 1 9 12 1 10 12 1 10 12 1 10 12 1 1 10 12 1 10 12 1 10 12 1 10 7 12 1 1 1 10 12 1 10 12 1 1 8 1 10 12 1 1 7 1 10 12 1 7 1 10 10 12 1 10 12 1 10 12 1 10 7 12 1 1 1 10 12 1 1 100 1 10 12 1 10 12 1 7 1 10 12 1 10 12 1 1 10 12 1 1 10 12 1 8 10 100 12 1 1 1 10 12 1 10 12 1 10 12 1 1 10 12 1 9 7 12 1 1 1 7 1 10 12 1 10 7 12 1 1 1 10 12 1 10 12 1 1 9 12 1 1 100 1 10 8 1 10 12 1 1 10 12 1 10 12 1 10 10 12 1 10 12 1 10 12 1 10 12 1 10 12 1 1 10 12 1 10 12 1 1 10 12 1 10 12 1 1 10 10 7 12 1 1 1 10 12 1 10 12 1 1 10 12 1 10 12 1 1 8 1 9 7 12 1 1 1 8 1 9 12 1 9 12 1 8 1 9 12 1 9 12 1 8 1 9 12 1 9 12 1 8 1 10 12 1 10 12 1 1 9 12 1 1 7 1 10 12 1 1 100 1 10 7 12 1 1 1 10 12 1 1 10 12 1 10 12 1 1 7 1 10 12 1 1 10 12 1 10 12 1 1 7 1 10 12 1 1 10 7 12 1 1 1 10 12 1 10 12 1 10 12 1 9 12 1 1 10 7 1 9 12 9 12 1 10 7 12 1 1 1 10 12 1 7 1 7 1 7 1 9 12 1 1 10 7 12 1 10 12 1 1 10 12 1 7 1 10 12 1 10 12 1 1 9 7 12 1 1 1 10 12 1 1 100 1 10 100 12 1 1 1 10 12 1 10 12 1 8 1 9 12 1 9 12 1 10 12 1 9 12 1 1 10 100 12 1 1 1 9 12 1 1 9 12 1 1 10 12 1 10 12 1 10 12 1 10 12 1 10 12 1 1 10 12 1 10 7 12 1 1 9 12 1 10 12 1 10 12 1 10 12 1 10 12 1 1 10 12 1 1 9 12 1 1 10 12 1 1 9 7 12 1 1 1 9 12 1 9 12 1 9 12 1 9 12 1 9 12 1 9 12 1 9 12 1 9 12 1 9 12 1 9 12 1 9 12 1 9 12 1 9 12 1 9 12 1 9 12 1 9 12 1 9 12 1 9 12 1 9 12 1 9 12 1 9 12 1 9 12 1 9 12 1 9 12 1 9 12 1 9 12 1 9 12 1 9 12 1 9 12 1 9 12 1 9 12 1 9 12 1 9 12 1 9 12 1 9 12 1 9 12 1 8 1 9 12 1 1 9 12 1 1 10 12 1 10 12 1 1 9 7 1 10 12 1 9 12 1 1 10 12 10 12 1 10 12 1 10 12 1 10 8 1 8 1 8 1 8 1 10 12 1 1 9 12 1 1 10 12 1 10 100 12 1 1 1 8 9 12 1 1 10 12 1 1 8 1 8 8 9 12 1 8 1 8 8 8 8 8 1 8 10 12 1 10 12 1 8 1 8 1 10 12 1 10 12 1 10 12 1 10 12 1 1 7 1 1 1 1 3 1 3 1 3 1 3 1 3 1 3 1 3 1 3 1 3 1 3 1 1 1 1 1 1 1 1 1 1 3 1 3 1 1 1 1 3 1 1 1 1 1 1 1 1 1 1 1 1 1 1 1 1 1 1 1 1 1 1 1 1 1 1 1 1 1 1 1 1 1 1 1 1 1 1 1 1 1 1 1 1 1 1 1 1 1 1 1 1 1 1 1 1 100 1 1 1 1 1 1 1 1 1 1 1 1 100 1 1 1 1 1 1 1 1 1 1 1 1 1 1 1 1 1 1 1 1 1 1 1 1 1 1 1 1 1 1 1 1 1 1 1 1 1 1 1 1 1 1 1 1 1 1 1 1 1 1 1
staticfield java/lang/invoke/DirectMethodHandle IMPL_NAMES Ljava/lang/invoke/MemberName$Factory; java/lang/invoke/MemberName$Factory
staticfield java/lang/invoke/DirectMethodHandle FT_UNCHECKED_REF I 8
staticfield java/lang/invoke/DirectMethodHandle ACCESSOR_FORMS [Ljava/lang/invoke/LambdaForm; 132 [Ljava/lang/invoke/LambdaForm;
staticfield java/lang/invoke/DirectMethodHandle ALL_WRAPPERS [Lsun/invoke/util/Wrapper; 10 [Lsun/invoke/util/Wrapper;
staticfield java/lang/invoke/DirectMethodHandle NFS [Ljava/lang/invoke/LambdaForm$NamedFunction; 12 [Ljava/lang/invoke/LambdaForm$NamedFunction;
staticfield java/lang/invoke/DirectMethodHandle OBJ_OBJ_TYPE Ljava/lang/invoke/MethodType; java/lang/invoke/MethodType
staticfield java/lang/invoke/DirectMethodHandle LONG_OBJ_TYPE Ljava/lang/invoke/MethodType; java/lang/invoke/MethodType
staticfield java/lang/invoke/DirectMethodHandle $assertionsDisabled Z 1
ciInstanceKlass java/lang/Void 1 1 31 10 100 12 1 1 1 8 1 10 7 12 1 1 1 9 7 12 1 1 1 1 1 1 1 1 1 1 1 1 1
staticfield java/lang/Void TYPE Ljava/lang/Class; java/lang/Class
ciInstanceKlass java/lang/invoke/LambdaForm 1 1 1052 100 1 9 7 12 1 1 1 10 7 12 1 1 1 10 7 12 1 1 9 12 1 1 9 12 1 1 10 12 1 1 100 1 10 9 12 1 10 12 1 1 9 12 1 10 7 12 1 1 1 9 12 1 9 12 1 9 12 1 1 9 12 1 10 12 1 1 7 1 10 12 1 10 100 12 1 1 1 10 100 12 1 1 1 10 12 1 10 12 1 1 9 100 12 1 1 1 10 12 1 1 9 12 1 10 12 1 1 10 12 1 10 12 1 1 10 12 1 1 10 100 12 1 1 1 7 1 10 10 12 1 1 8 1 10 12 1 10 12 1 10 12 1 1 7 1 10 7 12 1 1 1 10 12 1 1 10 12 1 10 12 1 1 9 12 1 1 9 12 1 9 12 1 1 10 12 1 9 12 1 10 100 12 1 1 1 10 12 1 1 10 12 1 9 12 1 1 10 100 12 1 1 1 10 12 1 10 12 1 10 12 1 10 12 1 10 12 1 10 12 1 1 10 12 1 10 12 1 1 8 1 10 12 1 10 12 1 8 1 8 1 9 12 1 9 12 1 9 12 1 1 10 12 1 1 10 12 1 9 12 1 10 12 1 1 10 7 12 1 1 1 10 12 1 1 10 12 1 10 12 1 10 12 1 1 9 12 1 10 12 1 8 1 8 1 8 1 8 1 8 1 8 1 8 1 8 1 10 12 1 9 12 1 7 1 10 12 1 1 9 12 1 10 12 1 10 12 1 1 10 12 10 12 1 10 12 1 1 10 12 1 1 10 10 12 1 1 10 12 1 1 7 1 8 1 10 12 1 1 10 12 1 10 12 1 1 10 8 1 10 12 1 1 8 1 8 1 8 1 10 12 1 9 12 1 1 10 12 1 1 10 12 1 1 100 1 10 12 1 1 10 12 1 10 7 12 1 1 1 10 12 1 1 9 12 1 1 8 1 10 100 12 1 1 1 10 7 12 1 1 10 12 10 10 12 1 1 9 12 1 8 10 12 1 1 100 1 10 12 1 1 10 12 1 9 7 12 1 1 9 12 1 1 8 1 10 100 12 1 1 10 12 1 1 100 1 100 1 10 10 12 1 1 10 12 1 1 8 1 8 1 100 1 8 1 10 12 10 12 1 10 12 1 10 12 1 1 8 1 8 1 9 100 12 1 1 1 10 12 1 10 12 1 1 8 1 8 1 8 1 100 1 8 1 100 1 8 1 100 1 8 1 10 12 1 8 1 9 10 7 12 1 1 1 10 12 1 9 12 1 1 10 12 1 10 10 12 1 10 12 1 10 12 1 10 12 1 1 10 12 1 10 12 1 1 10 12 1 1 10 12 1 1 8 1 100 10 12 1 10 12 1 9 12 1 1 10 7 12 1 1 8 1 8 1 100 1 8 1 8 1 8 1 8 1 8 1 8 1 8 1 8 1 10 12 1 1 10 12 1 1 10 12 1 10 12 1 8 1 8 1 8 1 10 12 1 8 1 10 12 1 8 1 8 1 8 1 8 1 8 1 10 12 1 10 12 1 10 12 1 1 10 7 12 1 1 1 10 12 1 10 12 1 10 12 1 10 12 1 10 12 1 10 12 1 10 12 1 9 12 1 1 8 1 10 12 1 1 9 12 1 1 10 12 1 1 9 12 1 9 12 1 1 9 12 1 9 12 1 1 7 1 10 7 12 1 1 1 9 12 1 10 12 1 10 12 1 8 1 10 12 1 9 12 1 1 7 1 10 7 12 1 1 1 8 1 100 1 10 12 1 9 12 1 9 12 1 10 12 1 10 12 1 10 7 12 1 1 1 10 12 1 9 7 12 1 1 10 12 1 1 10 12 1 10 12 1 9 12 10 12 1 10 10 12 1 9 9 12 1 7 9 12 1 1 10 12 1 1 9 12 1 10 12 1 10 7 1 9 1 1 1 1 3 1 3 1 3 1 1 1 1 1 1 1 1 1 1 1 1 1 1 1 1 1 1 1 1 1 1 1 1 1 1 1 1 1 1 1 1 1 1 1 1 1 1 1 1 1 1 1 1 1 1 1 1 1 1 1 1 1 1 1 1 100 1 1 1 1 1 1 1 1 1 1 1 1 1 1 1 1 1 1 1 1 1 1 1 1 1 1 1 1 1 1 1 1 1 1 1 1 1 1 1 1 1 1 1 1 1 1 1 1 1 1 1 1 1 1 1 1 1 1 1 100 1 1 1 1 1 1 1 1 1 1 1 1 1 1 1 1 1 1 1 1 1 1 1 1 1 1 1 1 1 1 1 1 1 1 100 1 1 1 1 1 1 1 1 1 1 1 1 1 1 1 1 1 1 1 1 1 1 100 1 1 1 100 1 1 100 1 1 1 1 1 1 1 1 1 1 1
staticfield java/lang/invoke/LambdaForm COMPILE_THRESHOLD I 0
staticfield java/lang/invoke/LambdaForm INTERNED_ARGUMENTS [[Ljava/lang/invoke/LambdaForm$Name; 5 [[Ljava/lang/invoke/LambdaForm$Name;
staticfield java/lang/invoke/LambdaForm IMPL_NAMES Ljava/lang/invoke/MemberName$Factory; java/lang/invoke/MemberName$Factory
staticfield java/lang/invoke/LambdaForm LF_identity [Ljava/lang/invoke/LambdaForm; 6 [Ljava/lang/invoke/LambdaForm;
staticfield java/lang/invoke/LambdaForm LF_zero [Ljava/lang/invoke/LambdaForm; 6 [Ljava/lang/invoke/LambdaForm;
staticfield java/lang/invoke/LambdaForm NF_identity [Ljava/lang/invoke/LambdaForm$NamedFunction; 6 [Ljava/lang/invoke/LambdaForm$NamedFunction;
staticfield java/lang/invoke/LambdaForm NF_zero [Ljava/lang/invoke/LambdaForm$NamedFunction; 6 [Ljava/lang/invoke/LambdaForm$NamedFunction;
staticfield java/lang/invoke/LambdaForm createFormsLock Ljava/lang/Object; java/lang/Object
staticfield java/lang/invoke/LambdaForm DEBUG_NAME_COUNTERS Ljava/util/HashMap; null
staticfield java/lang/invoke/LambdaForm DEBUG_NAMES Ljava/util/HashMap; null
staticfield java/lang/invoke/LambdaForm TRACE_INTERPRETER Z 0
staticfield java/lang/invoke/LambdaForm $assertionsDisabled Z 1
ciInstanceKlass java/lang/invoke/MethodHandleNatives 1 1 684 100 1 10 7 12 1 1 1 9 7 12 1 1 1 10 12 1 1 100 1 10 10 12 1 1 10 12 1 10 12 1 8 1 8 1 8 1 8 1 8 1 8 1 8 1 8 1 8 1 8 1 10 12 1 1 7 1 10 7 12 1 1 1 10 100 12 1 1 1 7 1 10 10 12 1 1 8 1 10 12 1 8 1 10 12 1 1 8 1 10 12 1 1 9 100 12 1 1 1 8 1 10 100 12 1 1 1 100 1 10 12 100 1 100 1 8 1 7 1 10 10 12 1 7 1 9 7 12 1 1 10 12 1 1 10 12 1 10 7 12 1 1 1 7 1 10 12 1 1 10 7 12 1 1 1 10 12 1 10 12 1 1 10 12 1 1 9 12 1 8 1 10 12 1 8 1 10 12 1 8 1 8 1 8 1 100 1 10 12 1 8 1 10 12 1 1 10 12 1 10 100 12 1 1 1 100 1 8 1 10 100 12 1 1 1 7 1 8 1 10 12 1 8 1 8 1 8 1 8 1 8 1 10 12 1 1 10 12 1 1 10 12 1 10 12 1 1 10 12 1 1 7 1 10 12 1 100 1 100 1 10 12 1 10 12 1 8 1 8 1 10 10 12 1 1 10 12 1 1 8 1 10 100 12 1 1 1 8 1 8 1 10 12 1 1 10 7 12 1 1 1 100 1 10 12 1 1 7 1 9 12 1 1 10 7 12 1 1 1 10 10 12 1 9 12 1 10 12 1 1 9 12 1 9 12 1 10 12 1 1 10 12 1 10 12 1 1 7 1 7 1 10 12 1 1 10 12 1 10 12 1 1 10 7 12 1 1 1 10 12 1 8 1 10 12 1 10 12 1 10 12 1 1 10 12 1 10 7 12 1 1 1 10 12 1 1 100 1 8 1 10 9 7 12 1 1 1 10 12 1 1 10 12 1 1 100 1 10 12 1 1 10 12 1 1 100 1 100 1 10 10 100 1 100 1 10 100 1 10 10 12 1 1 10 100 1 10 12 1 10 12 1 10 12 1 1 10 12 1 1 10 12 1 1 10 12 1 10 12 1 1 10 8 1 100 1 10 12 1 10 12 1 10 12 1 10 12 1 10 12 1 1 10 12 1 9 12 1 1 10 7 12 1 1 1 9 12 1 1 11 7 12 1 1 1 10 12 1 10 12 1 10 10 12 1 10 7 12 1 1 1 1 1 1 1 1 1 1 1 1 1 1 1 100 1 1 1 1 1 1 1 1 1 1 1 1 1 1 1 1 1 1 1 1 1 1 1 1 1 1 1 1 1 1 1 1 1 1 1 1 1 1 1 1 1 1 1 1 1 1 1 1 1 1 1 1 1 1 1 1 1 1 1 1 1 1 1 1 1 1 1 1 1 1 1 1 1 1 1 1 1 1 1 1 1 1 1 1 1 1 1 1 1 1 1 1 1 1 1 1 1 1 100 1 1 1 1 1 1 1 1 1 1 1 1 1 1 1 1 1 1 1 1 1 1 1 1 1 1 1 1 100 1 1 1 1 1 1 1 100 1 1 1
staticfield java/lang/invoke/MethodHandleNatives JLA Ljdk/internal/access/JavaLangAccess; java/lang/System$2
staticfield java/lang/invoke/MethodHandleNatives $assertionsDisabled Z 1
ciInstanceKlass jdk/internal/reflect/ConstantPool 1 1 142 10 100 12 1 1 1 9 7 12 1 1 1 10 12 1 1 10 12 1 1 10 12 1 10 12 1 1 10 12 1 1 10 12 1 10 12 1 1 10 12 1 10 12 1 1 10 12 1 10 12 1 10 12 1 10 12 1 1 10 12 1 1 10 12 1 1 10 12 1 1 10 12 1 10 12 1 1 10 100 12 1 1 1 8 11 7 12 1 1 1 10 7 12 1 1 1 1 1 1 1 1 1 1 1 1 1 1 1 1 1 1 1 1 1 1 1 1 1 1 1 1 1 1 1 1 1 1 1 1 1 1 1 1 1 1 1 1 1 1 1 1
instanceKlass jdk/internal/reflect/UnsafeQualifiedStaticFieldAccessorImpl
instanceKlass jdk/internal/reflect/UnsafeStaticObjectFieldAccessorImpl
ciInstanceKlass jdk/internal/reflect/UnsafeStaticFieldAccessorImpl 1 1 47 10 7 12 1 1 1 9 7 12 1 1 1 10 7 12 1 1 1 9 12 1 1 8 11 7 12 1 1 1 10 7 12 1 1 1 1 1 1 1 1 1 1 1 1 1 1
instanceKlass jdk/internal/reflect/UnsafeFieldAccessorImpl
ciInstanceKlass jdk/internal/reflect/FieldAccessorImpl 1 1 59 10 7 12 1 1 1 100 1 100 1 1 1 1 1 1 1 1 1 100 1 1 1 1 1 1 1 1 1 1 1 1 1 1 1 1 1 1 1 100 1 1 1 1 1 1 1 1 1 1 1 1 1 1 1 1 1 1 1
instanceKlass jdk/internal/reflect/UnsafeQualifiedFieldAccessorImpl
instanceKlass jdk/internal/reflect/UnsafeBooleanFieldAccessorImpl
instanceKlass jdk/internal/reflect/UnsafeIntegerFieldAccessorImpl
instanceKlass jdk/internal/reflect/UnsafeShortFieldAccessorImpl
instanceKlass jdk/internal/reflect/UnsafeByteFieldAccessorImpl
instanceKlass jdk/internal/reflect/UnsafeObjectFieldAccessorImpl
instanceKlass jdk/internal/reflect/UnsafeStaticFieldAccessorImpl
ciInstanceKlass jdk/internal/reflect/UnsafeFieldAccessorImpl 1 1 254 10 7 12 1 1 1 9 7 12 1 1 1 10 7 12 1 1 1 10 7 12 1 1 1 9 12 1 1 10 7 12 1 1 1 9 12 1 1 10 12 1 10 12 1 9 12 1 10 12 1 1 10 7 12 1 1 10 7 12 1 1 1 10 12 1 1 100 1 10 10 12 1 1 10 12 1 1 8 1 10 10 12 1 100 1 8 1 10 12 1 8 1 10 12 1 8 1 10 12 1 100 1 10 12 1 1 10 8 1 10 12 1 1 8 1 10 100 12 1 1 8 1 10 100 12 1 1 8 1 10 100 12 1 1 8 1 10 100 12 1 1 8 1 10 100 12 1 1 8 1 10 100 12 1 1 8 1 10 100 12 1 1 8 1 10 100 12 1 1 10 12 1 1 8 1 8 1 8 1 8 1 8 1 8 1 10 100 12 1 1 1 8 1 8 1 8 1 10 12 10 12 1 1 1 1 1 1 1 1 1 1 1 1 1 1 1 1 1 1 1 1 1 1 1 1 1 1 1 1 1 1 1 1 1 1 1 1 1 1 1 1 1 1 1 1 1 1 1 1 1 1 1 1
staticfield jdk/internal/reflect/UnsafeFieldAccessorImpl unsafe Ljdk/internal/misc/Unsafe; jdk/internal/misc/Unsafe
ciInstanceKlass java/lang/invoke/ConstantCallSite 1 1 65 10 7 12 1 1 1 9 7 12 1 1 1 9 12 1 1 10 7 12 1 1 1 10 12 1 100 1 10 12 9 12 1 1 100 1 10 10 12 1 1 10 12 1 1 1 1 1 1 1 1 1 1 1 1 1 100 1 1 1 1 1 1 1 1
staticfield java/lang/invoke/ConstantCallSite UNSAFE Ljdk/internal/misc/Unsafe; jdk/internal/misc/Unsafe
ciInstanceKlass java/lang/invoke/MutableCallSite 1 1 63 10 7 12 1 1 1 10 12 1 9 7 12 1 1 1 10 12 1 10 12 1 1 9 12 1 1 10 7 12 1 1 1 10 100 12 1 1 1 10 12 1 1 1 1 1 1 1 1 1 1 1 1 1 1 1 1 1 1 100 1 1 1
staticfield java/lang/invoke/MutableCallSite STORE_BARRIER Ljava/util/concurrent/atomic/AtomicInteger; java/util/concurrent/atomic/AtomicInteger
instanceKlass java/lang/invoke/VarHandleReferences$Array
instanceKlass java/lang/invoke/VarHandleByteArrayAsLongs$ByteArrayViewVarHandle
instanceKlass java/lang/invoke/VarHandleByteArrayAsInts$ByteArrayViewVarHandle
instanceKlass java/lang/invoke/VarHandleInts$FieldStaticReadOnly
instanceKlass java/lang/invoke/VarHandleLongs$FieldInstanceReadOnly
instanceKlass java/lang/invoke/VarHandleInts$FieldInstanceReadOnly
instanceKlass java/lang/invoke/VarHandleReferences$FieldInstanceReadOnly
ciInstanceKlass java/lang/invoke/VarHandle 1 1 390 10 7 12 1 1 1 10 7 12 1 1 9 12 1 1 9 12 1 1 100 1 10 8 1 10 12 1 1 10 7 12 1 1 1 10 12 1 1 10 100 12 1 1 1 9 100 12 1 1 1 10 12 1 1 10 100 12 1 1 1 10 12 1 1 9 12 1 10 12 1 9 12 1 1 10 7 12 1 1 10 12 1 9 7 12 1 1 1 9 12 1 1 10 12 1 1 100 1 100 1 10 8 1 10 12 1 1 10 12 1 8 1 10 12 1 10 12 1 10 12 1 1 9 7 12 1 1 1 10 12 1 10 12 1 1 10 12 1 10 10 100 12 1 1 1 10 12 1 1 10 12 1 1 10 100 12 1 1 1 10 100 12 1 1 1 10 100 12 1 1 1 9 12 1 1 10 9 12 1 1 10 12 1 10 12 1 10 12 1 1 10 12 1 10 100 12 1 1 1 9 12 1 1 10 12 1 1 9 12 1 10 12 1 10 12 1 10 100 12 1 1 100 1 10 9 7 12 1 1 1 9 12 1 1 10 7 12 1 1 1 10 12 1 10 12 1 10 12 1 10 12 1 10 12 1 10 12 1 1 7 1 10 10 7 12 1 1 1 9 12 1 1 8 10 12 1 1 7 1 10 12 1 1 100 1 1 1 1 1 1 1 1 1 1 1 1 1 1 1 1 1 1 1 1 1 1 1 1 1 1 1 1 1 1 1 1 1 1 1 1 1 1 1 1 1 1 1 1 1 1 1 1 1 1 1 1 1 1 1 1 1 1 1 1 1 1 1 1 1 1 1 1 1 1 1 1 1 1 1 1 1 1 1 1 1 1 1 1 1 1 1 1 1 100 1 100 1 100 1 1 1 1 1 1 1 100 1 1 1
staticfield java/lang/invoke/VarHandle AIOOBE_SUPPLIER Ljava/util/function/BiFunction; jdk/internal/util/Preconditions$1
staticfield java/lang/invoke/VarHandle VFORM_OFFSET J 16
staticfield java/lang/invoke/VarHandle $assertionsDisabled Z 1
ciInstanceKlass java/lang/invoke/MemberName 1 1 757 7 1 7 1 100 1 9 12 1 1 10 7 12 1 1 1 9 12 1 1 10 12 1 1 10 12 1 1 10 12 1 1 10 12 1 10 12 1 1 10 7 12 1 1 1 10 12 1 9 100 12 1 1 10 12 1 100 1 100 1 10 12 1 8 1 10 12 1 1 10 12 1 10 12 1 1 10 12 1 9 12 1 1 8 1 10 100 12 1 1 1 7 1 10 10 12 1 1 100 1 100 1 10 12 1 1 9 12 1 1 100 1 8 1 10 12 1 10 12 1 10 12 1 10 12 1 10 12 1 1 10 12 1 10 12 1 10 12 1 1 10 12 1 1 10 12 1 8 1 8 1 8 1 10 100 12 1 1 1 10 12 1 9 12 1 1 3 10 12 1 10 12 1 10 12 1 10 10 7 12 1 1 1 10 12 1 10 12 1 10 12 1 10 12 1 7 1 8 10 12 1 1 10 12 1 1 8 1 9 100 1 8 9 100 1 10 12 1 1 10 12 1 10 12 1 8 1 10 12 1 1 10 12 1 10 12 1 10 12 1 10 12 1 1 100 1 10 12 1 1 10 12 1 8 1 10 12 1 10 12 1 8 1 10 12 1 1 10 12 1 1 7 1 10 12 1 1 10 12 8 1 8 1 100 1 10 12 1 10 100 12 1 1 1 100 1 10 12 10 12 1 10 12 1 10 12 1 10 12 1 10 10 12 1 10 12 1 10 12 1 3 10 12 1 3 10 12 1 3 3 3 3 3 3 3 100 1 10 12 1 10 7 12 1 1 1 10 12 1 3 9 12 1 10 12 1 1 3 10 12 1 10 10 7 12 1 1 1 10 12 1 1 10 100 1 10 10 12 1 10 12 1 10 12 1 10 10 12 1 1 10 12 1 10 12 1 10 12 1 100 1 10 10 10 12 100 1 10 10 10 12 1 1 10 12 1 1 10 10 12 1 8 10 100 1 10 12 1 10 100 1 10 12 1 10 12 1 10 12 1 10 10 12 1 10 12 1 1 10 12 1 1 10 12 1 10 12 1 10 12 1 100 1 10 12 1 1 100 1 8 1 10 7 1 10 12 1 10 12 10 12 1 1 10 12 1 10 12 1 8 1 8 1 8 1 8 1 10 12 1 10 12 1 10 12 1 1 8 1 8 1 10 12 1 8 1 10 10 12 1 10 12 1 8 1 8 1 10 10 12 1 8 1 10 100 12 1 1 1 8 1 10 12 1 10 12 1 1 10 12 1 8 1 8 1 8 1 8 1 100 1 10 8 1 8 1 8 1 8 1 10 12 1 100 1 100 1 100 1 10 100 1 10 100 1 10 100 12 1 1 1 9 7 12 1 1 1 100 1 100 1 1 1 1 1 1 1 3 1 3 1 3 1 3 1 3 1 3 1 1 1 1 1 1 1 1 3 1 3 1 1 1 1 3 1 1 1 1 1 1 1 1 1 1 1 1 1 1 1 1 1 1 1 1 1 1 1 1 1 1 1 1 1 1 1 1 1 1 1 1 1 1 1 1 1 1 1 1 1 1 1 1 1 1 1 1 1 1 1 1 1 1 1 1 1 1 1 1 1 1 1 1 1 1 1 1 1 1 1 1 1 1 1 1 1 1 1 1 1 1 1 1 1 1 1 1 1 1 1 1 1 1 1 1 1 1 1 1 1 1 100 1 1 1 1 1 1 1 1 1 1 1 1 1 1 1
staticfield java/lang/invoke/MemberName $assertionsDisabled Z 1
ciInstanceKlass java/lang/invoke/ResolvedMethodName 1 1 16 10 100 12 1 1 1 100 1 1 1 1 1 1 1 1
ciInstanceKlass java/lang/StackWalker 0 0 235 9 100 12 1 1 1 10 100 12 1 1 1 100 1 10 100 12 1 1 1 10 12 1 1 11 100 12 1 1 1 10 12 1 1 10 12 1 1 10 12 1 1 100 1 8 1 10 12 1 10 12 1 10 12 1 10 100 12 1 1 9 12 1 1 9 12 1 1 9 12 1 1 9 12 1 1 10 12 1 1 9 12 1 1 10 100 12 1 1 1 11 12 1 1 100 1 8 1 10 10 100 12 1 1 9 12 1 1 10 12 1 1 10 100 12 1 1 1 10 100 12 1 1 1 18 12 1 1 100 1 8 1 10 10 12 1 1 10 100 12 1 1 1 9 100 12 1 1 11 100 12 1 1 1 10 12 1 1 1 1 1 1 1 1 1 1 1 1 1 1 1 1 1 1 1 1 1 1 1 1 1 1 1 1 1 1 1 1 1 1 1 1 1 1 1 1 1 1 1 1 1 1 1 1 1 1 1 100 1 1 15 10 100 12 1 1 1 16 15 10 12 16 1 1 1 1 1 1 1 100 1 100 1 1
ciInstanceKlass java/lang/StackStreamFactory$AbstractStackWalker 1 0 306 100 1 100 1 3 10 100 12 1 1 1 10 100 12 1 1 10 100 12 1 1 1 9 12 1 1 10 12 1 1 9 12 1 1 9 12 1 1 9 12 1 1 9 12 1 9 100 12 1 1 1 10 100 12 1 1 1 10 12 1 1 9 12 1 1 10 100 12 1 1 1 10 12 1 1 9 12 1 1 9 100 12 1 1 1 100 1 10 8 1 10 12 1 1 10 12 1 8 1 10 12 1 1 10 100 12 1 1 1 100 1 8 1 10 12 1 8 1 10 12 9 100 12 1 1 1 10 100 12 1 1 9 12 1 8 1 5 0 8 1 8 1 9 12 1 1 10 12 1 1 10 12 1 1 10 12 1 9 12 1 10 12 1 10 12 1 10 12 1 10 12 1 1 10 12 1 10 12 1 1 8 1 10 12 1 10 12 1 10 12 1 10 12 1 1 8 1 10 12 1 1 10 12 1 1 10 12 1 1 10 12 1 10 12 1 10 100 12 1 1 1 9 12 1 8 1 10 12 1 10 12 1 10 12 1 10 12 1 10 12 1 10 12 1 10 12 1 1 10 12 1 1 10 12 1 1 10 12 1 8 1 1 1 1 1 1 1 1 1 1 1 1 1 1 1 1 1 1 100 1 1 1 1 100 1 1 1 1 1 1 1 1 1 1 1 1 1 1 1 1 1 1 1 1 1
ciInstanceKlass jdk/internal/module/Modules 1 1 504 10 100 12 1 1 1 9 7 12 1 1 1 11 7 12 1 1 1 11 12 1 1 11 12 1 1 11 12 1 1 11 12 1 11 12 1 11 12 1 11 12 1 11 12 1 1 10 100 12 1 1 1 10 100 12 1 1 1 18 12 1 1 10 100 12 1 1 1 100 1 10 100 12 1 1 1 10 100 12 1 1 1 10 100 12 1 1 10 12 1 1 11 12 1 9 12 1 1 11 100 12 1 1 1 10 12 1 1 10 10 12 1 10 9 12 1 1 10 100 12 1 1 10 12 1 1 10 100 12 1 1 100 1 11 100 12 1 1 1 10 100 12 1 1 1 11 100 12 1 1 10 12 1 1 10 100 12 1 1 10 100 12 1 1 1 10 12 1 1 10 12 1 1 11 12 1 1 18 12 1 1 11 100 12 1 1 10 100 12 1 1 1 11 100 12 1 1 1 100 1 11 12 1 1 11 100 12 1 1 1 11 12 1 1 10 12 1 1 10 100 12 1 1 18 12 1 1 11 12 1 1 18 12 1 1 11 12 1 1 10 12 1 18 18 10 12 1 1 9 12 1 1 11 100 12 1 1 1 100 1 10 11 12 1 11 12 1 1 11 12 1 1 10 100 1 10 12 1 1 10 100 12 1 1 10 12 1 1 11 12 10 12 1 1 100 1 10 18 12 1 10 12 1 1 100 1 8 1 10 12 1 10 100 12 1 1 18 12 1 11 11 12 10 12 1 10 10 100 1 18 12 1 10 10 10 7 12 1 1 10 7 12 1 1 1 10 12 1 1 1 1 1 1 1 1 1 1 1 1 1 1 1 1 1 1 1 1 1 1 1 1 1 1 1 1 1 1 1 1 1 100 1 1 1 1 1 1 1 1 1 1 1 1 1 1 1 1 1 1 1 1 1 1 1 1 1 1 1 1 1 1 1 1 1 1 1 100 1 1 1 1 1 1 1 1 1 1 1 1 1 1 1 1 1 1 1 1 1 1 1 15 10 100 12 1 1 1 16 15 10 12 1 16 16 15 10 12 1 16 1 16 1 15 10 12 1 16 1 16 1 15 10 12 16 1 15 10 16 1 15 10 12 16 1 15 10 12 16 15 10 12 16 15 10 12 1 1 1 100 1 100 1 1
staticfield jdk/internal/module/Modules JLA Ljdk/internal/access/JavaLangAccess; java/lang/System$2
staticfield jdk/internal/module/Modules JLMA Ljdk/internal/access/JavaLangModuleAccess; java/lang/module/ModuleDescriptor$1
staticfield jdk/internal/module/Modules $assertionsDisabled Z 1
ciInstanceKlass java/util/jar/Attributes 1 1 313 10 7 12 1 1 1 10 7 12 1 1 7 1 10 9 12 1 1 10 12 1 11 7 12 1 1 1 10 7 12 1 1 1 10 7 1 11 12 1 1 10 11 12 1 11 12 1 1 11 12 1 10 100 12 1 1 100 1 10 11 12 1 1 11 100 12 1 1 1 11 100 12 1 1 1 11 12 1 1 100 1 11 12 1 11 12 1 11 12 1 11 12 1 1 11 12 1 11 12 1 11 12 1 1 11 12 1 11 12 1 10 12 1 100 1 10 10 10 12 1 10 12 1 1 10 12 1 1 8 1 10 12 1 10 10 100 12 1 1 1 10 12 1 1 9 12 1 1 10 10 12 1 9 12 1 9 7 12 1 1 1 10 12 1 1 10 100 12 1 1 1 10 12 1 1 10 12 1 1 7 1 10 10 7 12 1 1 1 100 1 10 8 1 10 12 1 1 8 1 10 12 1 8 1 10 12 1 10 12 1 1 10 12 1 10 12 1 8 1 10 12 1 10 12 1 1 8 1 10 100 12 1 1 1 8 1 8 1 10 12 1 100 1 8 1 8 1 100 1 1 1 1 1 1 1 1 1 1 1 1 1 1 1 1 1 1 1 1 1 1 1 1 1 1 1 1 1 1 1 1 1 1 1 1 1 1 1 1 1 1 1 1 1 1 1 1 1 1 1 1 1 1 1 100 1 1 1 1 1 1 1 1
ciMethod java/util/jar/Attributes get (Ljava/lang/Object;)Ljava/lang/Object; 512 0 5484 0 -1
ciMethod java/util/jar/Attributes getValue (Ljava/util/jar/Attributes$Name;)Ljava/lang/String; 512 0 5483 0 672
ciMethod java/util/jar/Attributes read (Ljava/util/jar/Manifest$FastInputStream;[B)V 0 0 25 0 0
ciMethod java/util/jar/Attributes read (Ljava/util/jar/Manifest$FastInputStream;[BLjava/lang/String;I)I 1106 27402 5263 0 -1
ciMethod java/util/jar/Attributes <init> (I)V 2 0 5235 0 0
ciMethod java/util/jar/Attributes <init> ()V 2 0 75 0 0
ciInstanceKlass java/util/jar/Manifest$FastInputStream 1 1 96 10 7 12 1 1 1 10 7 12 1 1 9 12 1 1 9 12 1 9 12 1 1 10 12 1 1 10 100 12 1 1 1 9 12 1 1 10 7 12 1 1 1 10 7 12 1 1 1 10 12 1 10 12 1 1 10 12 1 1 10 12 1 1 1 1 1 1 1 1 1 100 1 1 1 1 1 1 1 1 1 1 1 1 100 1 1 1 1 1 1 1 100 1 1 1
ciInstanceKlass java/util/zip/ZipFile$ZipFileInflaterInputStream 1 1 154 10 7 12 1 1 1 10 7 12 1 1 1 9 12 1 1 10 7 12 1 1 9 12 1 1 10 7 12 1 1 1 7 1 10 12 1 10 7 12 1 1 1 9 12 1 1 9 12 1 10 12 1 1 9 7 12 1 1 1 9 12 1 1 11 7 12 1 1 1 11 7 12 1 1 100 1 8 1 10 12 1 9 12 1 1 9 12 1 1 10 7 12 1 1 1 9 12 1 1 9 12 1 1 10 7 12 1 1 1 7 1 10 12 1 1 10 12 1 100 1 5 0 3 1 1 1 1 1 1 1 1 1 100 1 100 1 1 100 1 1 1 1 1 1 1 1 1 1 1 1 1 1 1
ciInstanceKlass java/util/zip/ZipFile$ZipFileInputStream 1 1 179 100 1 100 1 9 7 12 1 1 1 10 7 12 1 1 1 10 7 12 1 1 1 9 12 1 1 10 12 1 9 12 1 10 12 1 9 12 1 5 0 10 12 1 1 9 7 12 1 1 1 9 7 12 1 1 1 9 7 12 1 1 10 12 1 1 10 12 1 10 12 1 10 12 1 10 12 1 1 100 1 8 1 10 12 1 10 12 1 1 5 0 8 1 10 12 1 1 10 12 1 9 12 1 10 12 1 10 12 1 1 10 12 1 10 12 1 10 12 1 1 100 1 5 0 3 9 12 1 1 9 12 1 1 11 7 12 1 1 1 1 1 1 1 1 1 1 1 1 1 1 100 1 1 1 1 1 1 1 100 1 1 100 1 100 1 1 1 1 1 1 1 1 1 1 1 1 1 1
ciMethod java/util/jar/Manifest$FastInputStream <init> (Ljava/io/InputStream;)V 2 0 91 0 0
ciMethod java/util/jar/Manifest$FastInputStream <init> (Ljava/io/InputStream;I)V 2 0 91 0 0
ciInstanceKlass java/util/zip/ZipUtils 1 1 325 100 1 7 1 100 1 10 100 12 1 1 1 5 0 5 0 9 7 12 1 1 1 10 7 12 1 1 1 10 12 1 1 9 12 1 5 0 5 0 5 0 5 0 5 0 5 0 10 7 12 1 1 1 9 12 1 10 7 12 1 1 1 10 12 1 1 10 7 12 1 1 1 10 12 1 1 10 12 1 1 100 1 10 12 1 1 100 1 10 12 1 10 12 1 1 10 12 1 1 10 12 1 1 10 12 1 10 12 1 10 12 1 10 12 1 10 12 1 5 0 10 12 1 1 10 12 1 1 5 0 100 1 5 0 10 100 12 1 1 1 10 12 1 1 10 12 1 1 10 12 1 1 10 12 1 10 12 1 10 12 1 10 12 1 8 1 10 7 12 1 1 1 9 12 1 1 9 12 1 1 10 7 12 1 1 1 7 1 9 12 1 10 12 1 1 10 7 12 1 1 1 9 12 1 1 10 12 1 1 8 1 10 12 1 1 8 1 1 1 1 5 0 1 5 0 1 1 3 1 3 1 5 0 1 3 1 1 1 1 1 1 1 1 1 1 1 1 1 1 1 1 1 1 1 1 1 1 1 1 1 1 1 1 1 1 1 1 1 1 1 1 1 1 1 1 1 1 1 1 1 1 1 1 1 1 1 1 1 1 1 1 1 1 1 1 1 1 1 1 1 1 1 1 1 1 1 1 1 1 1 1 1 1 1 1 1 1 1 1 1 1 1 1 1
staticfield java/util/zip/ZipUtils defaultBuf Ljava/nio/ByteBuffer; java/nio/HeapByteBuffer
staticfield java/util/zip/ZipUtils unsafe Ljdk/internal/misc/Unsafe; jdk/internal/misc/Unsafe
staticfield java/util/zip/ZipUtils byteBufferArrayOffset J 48
staticfield java/util/zip/ZipUtils byteBufferOffsetOffset J 40
ciMethod java/util/zip/ZipUtils CENFLG ([BI)I 932 0 39206 0 -1
ciMethod java/util/zip/ZipUtils CENHOW ([BI)I 916 0 44662 0 -1
ciMethod java/util/zip/ZipUtils CENTIM ([BI)J 760 0 29265 0 -1
ciMethod java/util/zip/ZipUtils CENCRC ([BI)J 760 0 29265 0 -1
ciMethod java/util/zip/ZipUtils CENSIZ ([BI)J 512 0 34717 0 -1
ciMethod java/util/zip/ZipUtils CENLEN ([BI)J 514 0 40174 0 -1
ciMethod java/util/zip/ZipUtils CENNAM ([BI)I 1024 0 40841 0 -1
ciMethod java/util/zip/ZipUtils CENEXT ([BI)I 924 0 101076 0 -1
ciMethod java/util/zip/ZipUtils CENCOM ([BI)I 1024 0 91135 0 -1
ciMethod java/util/zip/ZipUtils CENVEM_FA ([BI)I 760 0 29265 0 -1
ciMethod java/util/zip/ZipUtils CENATX_PERMS ([BI)I 0 0 308 0 -1
instanceKlass java/util/LinkedHashSet
ciInstanceKlass java/util/HashSet 1 1 285 10 7 12 1 1 1 7 1 10 9 7 12 1 1 1 11 7 12 1 1 1 4 10 7 12 1 1 1 10 12 1 10 12 1 1 10 12 1 7 1 10 10 12 1 1 11 7 12 1 1 1 10 10 12 1 1 10 12 1 1 9 12 1 1 10 12 1 1 10 12 1 1 10 12 1 10 7 12 1 1 1 10 100 1 100 1 10 12 1 10 100 12 1 1 10 12 1 10 12 1 10 12 1 1 10 12 1 1 11 100 12 1 1 11 12 1 10 12 1 1 10 100 12 1 1 1 10 12 1 100 1 100 1 10 8 1 10 12 1 1 10 12 1 10 12 1 1 10 12 1 10 12 1 10 100 12 1 1 1 8 1 10 12 1 4 10 12 1 4 10 12 1 8 1 4 10 100 12 1 1 1 100 1 10 12 1 1 11 100 12 1 1 1 100 1 10 12 1 100 1 10 12 1 10 12 1 1 10 12 1 10 100 1 100 1 1 1 1 5 0 1 1 1 1 1 1 1 1 1 1 1 1 1 1 1 1 1 1 1 1 1 1 1 1 1 1 1 1 1 1 1 1 1 1 100 1 1 1 1 100 1 1 1 1 1 1 1 1 1 1 1 1 1 1 1 100 1 1 100 1 100 1 1 1
staticfield java/util/HashSet PRESENT Ljava/lang/Object; java/lang/Object
instanceKlass java/util/IdentityHashMap$EntrySet
instanceKlass scala/collection/convert/Wrappers$MapWrapper$$anon$2
instanceKlass java/util/TreeMap$EntrySet
instanceKlass java/util/Collections$SingletonSet
instanceKlass java/util/EnumSet
instanceKlass java/util/LinkedHashMap$LinkedEntrySet
instanceKlass java/util/concurrent/ConcurrentSkipListSet
instanceKlass scala/collection/convert/Wrappers$SetWrapper
instanceKlass java/util/LinkedHashMap$LinkedKeySet
instanceKlass java/util/TreeMap$KeySet
instanceKlass java/util/TreeSet
instanceKlass java/lang/ProcessEnvironment$CheckedEntrySet
instanceKlass java/util/IdentityHashMap$KeySet
instanceKlass java/util/HashMap$KeySet
instanceKlass java/util/AbstractMap$1
instanceKlass java/util/WeakHashMap$KeySet
instanceKlass java/util/Collections$SetFromMap
instanceKlass java/util/HashSet
instanceKlass java/util/Collections$EmptySet
instanceKlass java/util/HashMap$EntrySet
instanceKlass java/util/ImmutableCollections$MapN$1
ciInstanceKlass java/util/AbstractSet 1 1 96 10 7 12 1 1 1 7 1 7 1 11 12 1 1 10 7 1 10 12 1 1 100 1 100 1 10 12 1 1 11 100 12 1 1 1 11 12 1 1 10 100 12 1 1 10 100 12 1 1 1 11 10 12 1 1 11 12 1 11 12 1 1 1 1 1 1 1 1 1 1 1 1 1 1 1 1 100 1 1 1 1 1 1 1 1 1 1 1 1 1 1 1 1 1 1
ciInstanceKlass sun/net/www/protocol/jar/Handler 1 1 223 10 7 12 1 1 1 7 1 10 12 1 10 7 12 1 1 1 10 12 1 1 10 12 1 1 10 7 12 1 1 1 8 1 10 12 1 1 10 12 1 7 1 8 1 10 12 1 1 10 12 1 1 10 12 1 1 10 12 1 10 12 1 100 1 10 12 1 10 8 1 10 12 1 1 8 1 10 12 10 12 1 1 100 1 10 10 12 1 10 12 1 1 10 12 1 10 12 1 1 8 1 10 12 1 1 8 1 7 1 10 8 1 10 12 1 1 8 1 10 12 1 8 1 10 12 1 8 1 10 12 1 1 8 1 8 1 10 12 1 8 1 10 12 1 10 12 1 8 1 8 1 8 1 10 12 1 8 1 1 1 1 1 1 1 1 1 1 1 1 1 1 100 1 1 1 1 1 1 1 1 1 1 1 1 1 1 1 1 1 1 1 1 1 1 1 1 1 1 1 1 1 1 1 1 1 1 1 1 1 1 1 1 1 1 1 1 1 1 1 1 1 1
ciInstanceKlass java/util/jar/Attributes$Name 1 1 229 9 7 12 1 1 1 11 7 12 1 1 1 10 12 1 1 10 7 12 1 1 10 12 1 1 9 12 1 1 10 7 12 1 1 1 9 12 1 1 8 10 7 12 1 1 1 10 12 1 1 100 1 10 10 12 1 1 10 12 1 1 11 12 1 1 10 7 12 1 1 1 8 1 9 12 1 1 8 1 9 12 1 8 1 9 12 1 8 1 9 12 1 8 1 9 12 1 8 1 9 12 1 8 1 9 12 1 8 1 9 12 1 8 1 9 12 1 8 1 9 12 1 8 1 9 12 1 8 1 9 12 1 8 1 9 12 1 8 1 9 12 1 8 1 9 12 1 8 1 9 12 1 8 1 9 12 1 8 1 9 12 1 7 1 10 12 1 10 12 1 1 8 1 8 1 8 1 8 1 8 1 8 1 8 1 8 1 11 12 1 1 1 1 1 1 1 1 1 1 1 1 1 1 1 1 1 1 1 1 1 1 1 1 1 1 1 1 1 1 1 1 1 1 1 1 100 1 1
staticfield java/util/jar/Attributes$Name MANIFEST_VERSION Ljava/util/jar/Attributes$Name; java/util/jar/Attributes$Name
staticfield java/util/jar/Attributes$Name SIGNATURE_VERSION Ljava/util/jar/Attributes$Name; java/util/jar/Attributes$Name
staticfield java/util/jar/Attributes$Name CONTENT_TYPE Ljava/util/jar/Attributes$Name; java/util/jar/Attributes$Name
staticfield java/util/jar/Attributes$Name CLASS_PATH Ljava/util/jar/Attributes$Name; java/util/jar/Attributes$Name
staticfield java/util/jar/Attributes$Name MAIN_CLASS Ljava/util/jar/Attributes$Name; java/util/jar/Attributes$Name
staticfield java/util/jar/Attributes$Name SEALED Ljava/util/jar/Attributes$Name; java/util/jar/Attributes$Name
staticfield java/util/jar/Attributes$Name EXTENSION_LIST Ljava/util/jar/Attributes$Name; java/util/jar/Attributes$Name
staticfield java/util/jar/Attributes$Name EXTENSION_NAME Ljava/util/jar/Attributes$Name; java/util/jar/Attributes$Name
staticfield java/util/jar/Attributes$Name EXTENSION_INSTALLATION Ljava/util/jar/Attributes$Name; java/util/jar/Attributes$Name
staticfield java/util/jar/Attributes$Name IMPLEMENTATION_TITLE Ljava/util/jar/Attributes$Name; java/util/jar/Attributes$Name
staticfield java/util/jar/Attributes$Name IMPLEMENTATION_VERSION Ljava/util/jar/Attributes$Name; java/util/jar/Attributes$Name
staticfield java/util/jar/Attributes$Name IMPLEMENTATION_VENDOR Ljava/util/jar/Attributes$Name; java/util/jar/Attributes$Name
staticfield java/util/jar/Attributes$Name IMPLEMENTATION_VENDOR_ID Ljava/util/jar/Attributes$Name; java/util/jar/Attributes$Name
staticfield java/util/jar/Attributes$Name IMPLEMENTATION_URL Ljava/util/jar/Attributes$Name; java/util/jar/Attributes$Name
staticfield java/util/jar/Attributes$Name SPECIFICATION_TITLE Ljava/util/jar/Attributes$Name; java/util/jar/Attributes$Name
staticfield java/util/jar/Attributes$Name SPECIFICATION_VERSION Ljava/util/jar/Attributes$Name; java/util/jar/Attributes$Name
staticfield java/util/jar/Attributes$Name SPECIFICATION_VENDOR Ljava/util/jar/Attributes$Name; java/util/jar/Attributes$Name
staticfield java/util/jar/Attributes$Name MULTI_RELEASE Ljava/util/jar/Attributes$Name; java/util/jar/Attributes$Name
ciInstanceKlass sun/security/util/SignatureFileVerifier 1 1 723 7 1 10 100 12 1 1 1 9 7 12 1 1 1 9 12 1 1 100 1 10 9 12 1 1 10 100 12 1 1 1 100 1 10 12 1 9 12 1 1 10 12 1 1 10 100 12 1 1 1 9 12 1 1 8 1 10 100 12 1 1 1 10 12 1 1 10 7 12 1 1 1 10 12 1 1 9 7 12 1 1 1 10 12 1 1 9 12 1 1 9 12 1 1 9 12 1 1 10 12 1 1 8 1 10 12 1 8 1 8 1 8 1 11 100 12 1 1 1 8 1 10 12 1 1 8 1 8 1 8 1 8 1 8 1 8 1 10 12 1 10 12 1 10 12 1 10 12 1 8 1 8 1 10 12 1 1 10 12 1 1 9 12 1 1 10 12 1 1 100 1 10 12 1 10 12 1 1 100 1 10 12 1 1 100 1 10 100 1 10 10 12 1 1 10 12 1 1 9 100 12 1 1 1 10 100 12 1 1 1 8 1 10 12 1 1 100 1 7 1 10 8 1 10 12 1 1 10 12 1 10 12 1 10 12 1 1 100 1 10 12 1 9 12 1 1 8 1 10 100 12 1 1 1 11 100 12 1 1 1 11 100 12 1 1 1 11 12 1 9 100 12 1 1 1 11 100 1 10 12 1 1 11 12 1 1 10 12 1 1 10 12 1 1 8 1 100 1 11 12 1 11 12 10 12 1 1 8 1 8 1 10 12 1 1 9 12 1 1 8 1 10 7 12 1 1 8 1 11 8 1 10 12 1 1 10 100 12 1 1 1 10 12 1 1 100 1 9 12 1 10 12 10 12 1 8 1 8 1 8 1 10 12 1 10 12 1 8 1 11 12 1 8 1 100 1 8 1 8 1 10 10 12 1 8 1 10 10 8 1 10 12 1 1 11 100 12 1 1 10 12 1 10 100 12 1 1 1 10 100 12 1 1 1 10 100 12 1 1 1 8 1 8 1 10 100 12 1 1 1 10 12 1 1 8 1 10 12 10 12 1 1 8 1 8 1 10 100 1 8 1 10 12 1 1 10 9 12 1 10 12 1 1 8 1 10 100 12 1 1 8 1 10 8 1 8 1 8 1 10 12 1 10 12 1 8 1 8 1 10 12 1 8 1 8 1 8 1 8 1 8 1 8 1 8 1 8 1 10 12 1 1 10 12 1 1 100 1 10 100 1 10 12 1 1 10 12 1 10 8 1 10 12 1 10 12 1 10 12 1 10 12 1 1 100 1 10 10 12 1 1 10 12 1 1 10 100 1 10 12 1 1 10 10 100 12 1 1 1 8 1 3 10 7 12 1 1 1 10 12 1 3 8 1 10 12 1 8 1 10 12 1 8 1 8 1 10 12 1 9 12 1 1 1 1 1 1 1 1 1 1 1 1 1 1 1 1 1 1 1 100 100 1 1 100 1 100 1 1 1 1 1 1 1 1 1 1 1 1 1 1 1 1 1 1 1 1 1 1 1 1 1 1 1 100 1 1 1 1 1 1 1 1 1 1 1 1 1 1 1 1 1 1 100 1 1 1 1 1 1 1 1 1 1 1 1 1 1 1 1 1 1 1 1 1 1 1 1 1 1 1 1 1 1 100 1 1 1 1 1 1 1 1 1 1 1 1 1 1 1 1 1
staticfield sun/security/util/SignatureFileVerifier debug Lsun/security/util/Debug; null
staticfield sun/security/util/SignatureFileVerifier ATTR_DIGEST Ljava/lang/String; "-DIGEST-MANIFEST-MAIN-ATTRIBUTES"staticfield sun/security/util/SignatureFileVerifier MAX_SIG_FILE_SIZE I 16000000
ciInstanceKlass java/security/PrivilegedExceptionAction 1 0 17 100 1 100 1 1 1 1 100 1 1 1 1 1 1 1 1
ciInstanceKlass sun/net/util/URLUtil 1 1 130 10 100 12 1 1 1 7 1 10 10 7 12 1 1 1 10 7 12 1 1 10 12 1 1 8 1 10 12 1 10 12 1 1 10 12 1 8 1 10 12 1 10 12 1 10 12 1 10 8 1 10 12 1 1 8 1 10 100 12 1 1 1 8 1 8 1 8 1 10 12 1 1 10 12 1 10 12 1 1 10 12 1 10 12 1 1 10 100 12 1 1 1 10 12 1 10 12 1 100 1 10 1 1 1 1 1 1 1 1 1 1 1 1 1 1 1 1 1 1 1 1 1 1 1 1 100 1 1 1
ciMethod sun/net/util/URLUtil urlNoFragString (Ljava/net/URL;)Ljava/lang/String; 748 0 5796 0 -1
ciMethod java/security/PrivilegedExceptionAction run ()Ljava/lang/Object; 0 0 1 0 -1
instanceKlass sun/net/www/protocol/jrt/Handler
instanceKlass sun/net/www/protocol/http/Handler
instanceKlass sun/net/www/protocol/jar/Handler
instanceKlass sun/net/www/protocol/file/Handler
ciInstanceKlass java/net/URLStreamHandler 1 1 279 10 7 12 1 1 1 100 1 7 1 10 8 1 10 12 1 1 8 1 8 1 10 12 1 1 10 12 1 100 1 8 1 10 10 7 12 1 1 10 12 1 10 12 1 10 12 1 10 12 1 1 10 12 1 10 12 1 10 12 1 10 7 12 1 1 1 10 12 1 1 10 12 1 1 10 12 1 10 12 1 10 12 1 10 12 1 10 7 12 1 1 1 8 1 10 100 12 1 1 1 8 1 8 1 8 1 10 12 1 10 12 1 1 8 1 8 1 10 12 1 8 1 10 12 1 10 12 8 1 10 12 1 8 1 10 12 1 8 1 10 7 12 1 1 1 10 7 12 1 1 1 10 12 1 1 10 12 1 10 12 1 1 10 100 1 10 12 1 10 12 1 10 12 1 10 12 1 10 12 1 9 12 1 1 10 12 1 10 12 1 10 10 12 1 8 1 100 1 8 1 10 10 12 1 1 10 12 1 1 10 12 1 1 8 1 1 1 1 1 1 1 1 100 1 1 1 1 1 1 1 100 1 1 1 1 1 1 1 1 1 1 1 1 1 1 1 1 1 1 1 1 1 1 1 1 1 1 1 1 1 1 1 1 1 1 1 1 1 1 1 1 1 1 1 1 1 1 1
ciMethod java/net/URLStreamHandler parseURL (Ljava/net/URL;Ljava/lang/String;II)V 1632 0 859 0 -1
ciInstanceKlass jdk/internal/loader/URLClassPath 1 1 500 10 7 12 1 1 1 7 1 10 9 7 12 1 1 1 7 1 10 9 12 1 1 9 12 1 1 10 12 1 7 1 10 10 12 1 1 10 9 12 1 9 12 1 1 8 1 11 100 12 1 1 1 9 12 1 1 9 12 1 9 12 1 1 10 12 1 9 7 12 1 1 1 10 7 12 1 1 1 10 12 1 1 10 12 1 10 12 1 1 10 12 1 1 10 12 1 1 10 12 1 1 7 1 7 1 10 10 7 12 1 1 1 7 1 10 10 12 1 1 11 7 12 1 1 11 12 1 1 7 1 10 12 1 7 1 11 100 1 10 12 1 10 12 1 1 10 12 1 1 10 12 1 10 12 1 1 10 7 12 1 1 1 10 12 1 1 7 1 10 12 1 1 10 12 1 1 9 12 1 9 7 12 1 1 1 100 1 10 8 1 10 12 1 1 8 1 10 12 1 1 10 100 12 1 1 10 12 1 1 7 1 10 12 1 10 100 1 10 10 12 1 1 10 12 1 10 7 12 1 1 1 10 12 1 10 12 1 10 12 1 1 10 12 1 1 100 1 8 1 10 12 1 8 1 10 12 1 1 7 1 10 12 1 10 7 12 1 1 1 7 1 10 12 1 1 9 12 1 1 11 7 12 1 1 1 10 12 1 10 12 1 100 1 10 12 1 1 10 12 1 1 10 100 12 1 1 1 10 100 12 1 1 1 100 1 10 100 12 1 1 8 1 10 12 1 10 12 1 10 12 1 100 1 8 1 100 1 10 12 1 1 10 12 1 10 12 1 10 12 1 1 10 7 12 1 1 1 8 1 10 7 12 1 1 1 9 12 1 8 1 8 1 8 1 10 12 1 9 12 1 8 1 8 1 9 12 1 8 1 9 12 1 10 7 12 1 1 1 1 1 8 1 1 1 1 1 1 1 1 1 1 1 1 1 1 1 1 1 1 100 1 1 1 1 1 1 1 1 1 1 1 1 1 1 1 1 1 1 100 1 1 1 1 1 1 1 1 1 1 1 1 1 1 1 1 1 1 1 1 1 1 1 1 1 1 1 1 1 1 1 1 1 1 1 1 1 1 1 1 1 1 100 1 100 1 100 1 100 1 100 1 100 1 100 1 1 1 1 1
staticfield jdk/internal/loader/URLClassPath JAVA_VERSION Ljava/lang/String; "17.0.12"staticfield jdk/internal/loader/URLClassPath DEBUG Z 0
staticfield jdk/internal/loader/URLClassPath DISABLE_JAR_CHECKING Z 0
staticfield jdk/internal/loader/URLClassPath DISABLE_ACC_CHECKING Z 0
staticfield jdk/internal/loader/URLClassPath DISABLE_CP_URL_CHECK Z 0
staticfield jdk/internal/loader/URLClassPath DEBUG_CP_URL_CHECK Z 0
staticfield jdk/internal/loader/URLClassPath JNUA Ljdk/internal/access/JavaNetURLAccess; java/net/URL$3
ciMethod jdk/internal/loader/URLClassPath check (Ljava/net/URL;)V 2 0 47 0 0
ciInstanceKlass jdk/internal/access/JavaUtilJarAccess 1 0 36 100 1 100 1 1 1 1 100 1 1 1 1 1 1 1 1 1 1 1 1 1 1 1 1 1 1 1 1 1 1 1 1 1 1 1
ciInstanceKlass java/util/zip/ZipFile$1 1 1 101 10 7 12 1 1 1 9 7 12 1 1 1 9 100 12 1 1 1 9 100 12 1 1 1 10 12 1 1 10 12 1 1 10 12 1 1 10 12 1 1 10 12 1 1 10 12 1 1 10 12 1 9 100 12 1 1 1 100 1 100 1 1 1 1 1 1 1 1 1 1 1 1 1 1 1 1 1 1 1 1 1 1 1 1 1 1 1 1 1 1 1 1 1 1 1 1 1 1 1 1
ciInstanceKlass jdk/internal/access/JavaUtilZipFileAccess 1 0 31 100 1 100 1 1 1 1 1 1 1 1 1 1 1 1 1 1 1 1 1 1 1 1 1 1 1 1 1 1 1
instanceKlass java/util/jar/JarFile
ciInstanceKlass java/util/zip/ZipFile 1 1 565 7 1 7 1 7 1 10 12 1 1 7 1 10 12 1 9 7 12 1 1 1 10 12 1 10 7 12 1 1 100 1 100 1 10 8 1 10 12 1 1 10 100 12 1 1 1 10 12 1 1 10 10 12 1 10 7 12 1 1 1 10 100 12 1 1 10 12 1 8 1 10 7 12 1 1 1 9 12 1 1 10 12 1 1 7 1 10 7 12 1 1 1 10 12 1 9 12 1 1 10 7 12 1 1 1 10 12 1 1 10 12 1 10 12 1 10 12 1 9 12 1 1 9 7 12 1 1 1 9 12 1 1 10 12 1 8 10 12 1 1 10 12 1 1 8 1 9 12 1 1 9 12 1 9 10 12 1 1 9 12 1 1 7 1 9 12 1 10 12 1 10 12 1 1 11 7 12 1 1 1 10 12 1 1 5 0 5 0 5 0 5 0 7 1 10 12 1 100 1 8 1 10 7 1 9 12 1 10 12 1 100 1 18 12 1 1 10 12 1 10 100 12 1 1 1 10 12 1 10 12 1 1 100 1 10 12 1 18 18 10 12 1 10 12 1 10 7 12 1 1 1 10 12 1 1 8 1 10 12 1 1 10 12 1 7 1 9 12 1 1 11 7 12 1 1 1 10 10 12 1 9 12 1 10 12 1 9 12 1 1 10 12 1 9 12 1 9 12 1 10 12 1 9 12 1 9 12 1 10 12 1 10 12 1 3 9 12 1 10 7 12 1 1 1 10 12 1 1 9 12 9 12 1 1 10 12 1 100 1 10 12 1 1 100 1 8 1 10 8 1 8 1 9 12 1 1 9 12 1 7 1 10 10 12 1 11 7 1 11 12 1 1 9 12 1 9 12 1 8 1 10 7 12 1 1 1 8 1 10 12 1 100 1 10 12 1 9 12 1 7 1 10 10 7 12 1 1 1 8 1 10 7 12 1 1 8 1 10 12 1 1 9 12 1 100 1 1 1 1 1 3 1 3 1 3 1 3 1 1 1 1 1 1 100 1 1 1 1 1 1 1 1 1 1 100 1 1 1 1 100 1 1 1 1 1 1 1 1 1 1 1 1 1 100 1 1 1 1 1 1 1 1 1 1 1 1 1 1 1 1 1 1 1 100 1 1 1 1 1 1 1 1 1 1 1 100 1 1 1 1 1 1 1 1 1 1 1 1 1 1 1 1 1 100 1 100 1 100 1 1 15 10 100 12 1 1 1 16 1 15 10 12 16 15 16 15 10 12 16 1 1 1 1 1 1 1 1 1 1 100 1 100 1 1
staticfield java/util/zip/ZipFile DISABLE_ZIP64_EXTRA_VALIDATION Z 0
instanceKlass sun/net/www/protocol/jar/URLJarFile
ciInstanceKlass java/util/jar/JarFile 1 1 764 7 1 9 12 1 1 9 12 1 100 1 10 12 1 1 7 1 10 12 1 10 12 1 10 12 1 9 12 1 1 10 7 12 1 1 1 9 12 1 10 7 12 1 1 1 9 12 1 9 12 1 1 10 7 12 1 1 1 10 12 1 1 9 12 1 10 12 1 1 9 12 9 12 1 10 12 1 1 100 1 10 12 1 1 9 12 1 1 10 7 12 1 1 1 7 1 10 12 1 1 10 12 1 1 9 12 1 9 12 1 1 11 7 12 1 1 1 7 1 10 7 12 1 1 1 10 12 1 9 12 1 1 9 12 1 1 8 1 10 100 12 1 1 7 1 10 12 1 10 10 12 1 10 12 1 1 10 12 1 10 7 12 1 1 100 1 10 12 1 1 10 12 1 10 12 1 1 10 12 1 1 10 11 12 1 1 11 12 1 1 11 12 1 18 12 1 1 11 100 12 1 1 1 18 12 1 1 11 12 1 1 11 12 1 1 18 18 10 12 7 1 10 12 1 8 1 10 7 12 1 1 1 10 12 1 10 12 1 1 10 12 1 1 100 1 10 12 1 8 1 11 12 1 1 7 1 10 12 10 12 1 1 10 12 1 8 1 10 12 10 12 1 1 10 12 1 11 12 1 1 10 12 1 11 12 1 1 11 7 12 1 1 1 11 7 12 1 1 11 12 1 10 12 1 1 100 1 8 1 10 7 1 9 12 1 1 10 12 1 8 1 10 12 1 9 12 1 1 10 12 1 1 10 12 1 1 100 1 8 1 10 100 12 1 1 10 12 1 8 1 10 12 1 8 1 10 7 12 1 1 1 9 7 12 1 1 8 1 10 12 1 8 1 10 8 1 8 1 10 3 10 12 1 1 10 12 1 1 100 1 8 1 8 1 10 10 12 1 10 12 1 100 1 10 12 1 1 10 12 1 10 12 1 1 9 12 1 1 9 12 1 10 7 12 1 1 9 12 1 9 12 1 9 12 1 9 12 1 10 12 1 1 9 12 1 9 12 1 9 12 1 7 1 10 7 1 10 12 1 10 12 1 1 9 7 12 1 1 1 10 12 1 1 10 7 12 1 1 100 1 10 12 9 12 1 1 9 12 1 1 10 7 12 1 1 9 12 1 10 10 12 1 10 12 1 10 12 1 1 10 100 12 1 1 1 10 12 1 1 10 100 12 1 1 10 12 1 1 100 1 10 12 1 10 12 1 1 11 100 12 1 1 10 12 1 1 10 12 100 1 10 9 12 1 10 12 1 1 10 12 1 10 12 1 1 10 12 1 1 100 1 10 10 7 1 10 10 7 12 1 1 1 10 12 1 1 8 1 10 7 12 1 1 1 10 7 12 1 1 10 12 1 8 1 8 1 10 12 1 10 12 1 8 1 10 12 1 1 8 1 1 1 1 1 1 1 1 1 1 1 1 1 1 1 1 1 1 1 1 1 1 1 1 1 1 1 1 1 1 1 1 100 1 1 1 1 1 1 1 1 1 1 1 1 1 1 1 1 100 1 1 1 1 1 1 1 1 1 1 1 1 1 1 1 1 1 1 1 1 1 1 1 1 1 1 1 1 100 1 1 1 1 1 1 1 1 1 100 1 1 1 1 1 1 1 1 1 1 100 1 1 1 1 1 1 1 1 1 1 1 15 10 100 12 1 1 1 16 15 10 12 16 16 15 10 12 1 16 15 16 16 1 1 1 1 1 1 1 100 1 100 1 1
staticfield java/util/jar/JarFile BASE_VERSION Ljava/lang/Runtime$Version; java/lang/Runtime$Version
staticfield java/util/jar/JarFile BASE_VERSION_FEATURE I 8
staticfield java/util/jar/JarFile RUNTIME_VERSION Ljava/lang/Runtime$Version; java/lang/Runtime$Version
staticfield java/util/jar/JarFile MULTI_RELEASE_ENABLED Z 1
staticfield java/util/jar/JarFile MULTI_RELEASE_FORCED Z 0
staticfield java/util/jar/JarFile isInitializing Ljava/lang/ThreadLocal; java/lang/ThreadLocal
staticfield java/util/jar/JarFile JUZFA Ljdk/internal/access/JavaUtilZipFileAccess; java/util/zip/ZipFile$1
staticfield java/util/jar/JarFile CLASSPATH_CHARS [B 12
staticfield java/util/jar/JarFile CLASSPATH_LASTOCC [B 65
staticfield java/util/jar/JarFile CLASSPATH_OPTOSFT [B 12
staticfield java/util/jar/JarFile MULTIRELEASE_CHARS [B 19
staticfield java/util/jar/JarFile MULTIRELEASE_LASTOCC [B 65
staticfield java/util/jar/JarFile MULTIRELEASE_OPTOSFT [B 19
ciMethod java/util/zip/ZipFile$1 getManifestName (Ljava/util/jar/JarFile;Z)Ljava/lang/String; 4 0 446 0 0
ciMethod java/util/zip/ZipFile$1 getMetaInfVersions (Ljava/util/jar/JarFile;)[I 500 0 1757 0 0
ciMethod jdk/internal/access/JavaUtilJarAccess entryFor (Ljava/util/jar/JarFile;Ljava/lang/String;)Ljava/util/jar/JarEntry; 0 0 1 0 -1
ciInstanceKlass java/util/zip/ZipFile$Source 1 1 680 100 1 100 1 7 1 7 1 9 7 12 1 1 1 10 12 1 1 5 0 8 1 10 12 1 1 10 12 1 1 10 12 1 8 1 100 1 10 12 1 1 8 1 10 12 1 1 10 12 1 8 1 10 12 1 1 10 12 1 8 1 10 12 1 9 12 1 1 8 1 10 12 1 1 10 12 1 1 10 7 12 1 1 1 3 9 12 1 1 9 12 1 1 9 12 1 100 1 8 1 3 8 1 8 1 7 1 10 12 1 8 1 7 1 10 12 1 1 10 7 12 1 1 1 10 12 1 10 12 1 10 12 1 1 5 0 8 1 10 12 1 1 10 12 1 8 1 8 1 7 1 9 12 1 1 10 7 12 1 1 10 7 12 1 1 7 1 7 1 10 7 12 1 1 1 10 12 1 100 1 100 1 10 12 1 9 12 1 1 10 7 12 1 1 1 9 12 1 10 12 1 10 12 1 1 10 12 1 10 12 1 1 9 12 1 1 10 12 1 10 9 12 1 9 12 1 9 12 1 1 9 12 1 10 7 12 1 1 1 9 12 1 1 8 1 11 100 12 1 1 1 9 12 1 1 7 1 10 12 1 10 12 1 1 10 12 1 1 10 12 1 1 10 12 1 1 5 0 9 12 1 10 9 12 1 9 12 1 9 12 1 10 12 1 1 10 7 12 1 1 1 10 12 1 1 10 12 1 10 12 1 1 8 1 7 1 10 5 0 10 7 12 1 1 1 8 1 10 12 1 1 10 12 1 1 9 12 1 10 12 1 9 12 1 1 10 12 1 9 12 1 9 12 1 10 12 1 5 0 10 12 1 9 12 1 8 1 5 0 5 0 10 12 1 5 0 10 12 1 10 12 1 10 12 1 100 1 10 12 10 12 1 1 9 12 1 9 12 1 8 1 8 1 8 1 10 12 1 10 12 1 10 12 1 10 12 1 1 10 12 1 1 10 12 1 7 1 10 12 10 12 1 10 12 1 7 1 10 11 7 1 10 12 1 1 10 12 1 1 10 12 1 10 12 1 11 11 12 1 1 11 7 12 1 1 11 12 1 1 10 12 1 10 12 1 1 10 12 1 1 10 12 1 10 12 1 10 12 10 12 1 10 12 1 1 10 12 1 1 100 1 10 12 1 10 12 1 9 12 1 1 9 12 1 9 100 12 1 1 1 10 12 1 9 100 12 1 1 1 10 12 1 1 10 100 12 1 1 100 1 10 10 7 12 1 1 10 12 1 1 9 12 1 1 10 10 7 12 1 1 1 1 1 3 1 1 1 3 1 1 1 3 1 1 1 1 1 1 1 1 1 1 1 1 1 1 1 1 1 1 100 1 1 1 1 1 1 1 1 1 1 1 1 1 1 1 1 1 100 1 1 1 1 1 1 1 1 1 1 1 1 1 1 1 1 1 1 1 1 1 1 1 1 1 1 1 1 1 1 1 1 1 1 1 1 1 1 1 1 1 100 1 1 1 1 1 1 1 1 1 1 1 1 1 1 1 1 1 1 1 1 1 1 1 1 1 100 1 1
staticfield java/util/zip/ZipFile$Source JUJA Ljdk/internal/access/JavaUtilJarAccess; java/util/jar/JavaUtilJarAccessImpl
staticfield java/util/zip/ZipFile$Source EMPTY_META_VERSIONS [I 0
staticfield java/util/zip/ZipFile$Source files Ljava/util/HashMap; java/util/HashMap
staticfield java/util/zip/ZipFile$Source builtInFS Ljava/nio/file/FileSystem; sun/nio/fs/WindowsFileSystem
staticfield java/util/zip/ZipFile$Source $assertionsDisabled Z 1
ciInstanceKlass java/util/Collections$SetFromMap 1 1 181 10 7 12 1 1 1 11 7 12 1 1 1 100 1 8 1 10 12 1 9 7 12 1 1 1 11 12 1 1 9 12 1 1 11 12 1 11 12 1 1 11 12 1 1 11 12 1 1 9 7 12 1 1 1 11 12 1 1 11 7 12 1 1 1 11 12 1 1 11 12 1 10 100 12 1 1 1 11 12 1 11 12 1 11 12 1 1 11 12 1 11 12 1 11 12 1 1 11 12 1 1 11 12 1 1 11 12 1 1 11 12 1 10 100 12 1 1 100 1 1 1 1 1 1 1 5 0 1 1 1 1 1 1 1 1 1 1 1 1 1 1 1 1 1 1 1 1 1 1 1 1 1 1 1 1 1 1 1 1 1 1 1 1 1 1 1 1 1 100 1 100 1 1 1 1 1 100 1 1 1
instanceKlass sun/net/www/protocol/jar/URLJarFile$URLJarFileEntry
instanceKlass java/util/jar/JarFile$JarFileEntry
ciInstanceKlass java/util/jar/JarEntry 1 1 60 10 7 12 1 1 1 10 12 1 10 7 1 9 12 1 1 9 12 1 1 9 12 1 1 10 100 12 1 1 10 100 10 12 1 1 1 1 1 1 1 1 1 1 1 1 1 1 1 1 100 1 1 1 1 1 1 1 1 1
instanceKlass java/util/jar/JarEntry
ciInstanceKlass java/util/zip/ZipEntry 1 1 327 100 1 7 1 10 7 12 1 1 1 5 0 9 7 12 1 1 1 9 12 1 9 12 1 9 12 1 9 12 1 1 9 12 1 1 9 12 1 9 12 1 8 1 10 7 12 1 1 1 10 7 12 1 1 1 3 100 1 8 1 10 12 1 9 12 1 8 1 9 12 1 1 9 12 1 9 12 1 9 12 1 1 9 12 1 10 12 1 1 5 0 5 0 10 12 1 1 10 100 12 1 1 9 100 12 1 1 1 10 7 12 1 1 1 10 12 1 1 10 12 1 10 12 1 10 12 1 10 12 1 10 12 1 10 12 1 5 0 10 12 1 3 10 100 12 1 1 1 10 100 12 1 1 1 10 12 1 1 10 12 1 10 10 12 1 1 5 0 5 0 5 0 5 0 5 0 5 0 10 12 1 8 1 10 12 1 1 10 12 1 8 1 8 1 8 1 8 1 8 1 10 12 1 1 8 1 10 12 1 1 10 12 1 1 5 0 10 12 1 1 10 7 12 1 1 1 10 12 1 10 12 1 8 1 10 12 1 1 10 12 1 1 10 12 1 10 12 1 1 10 100 100 1 100 1 10 12 1 100 1 100 1 1 1 3 1 3 1 1 1 1 1 1 1 1 1 1 1 1 1 1 1 1 1 1 1 1 1 1 1 1 1 1 1 1 1 1 1 1 1 1 1 1 1 1 1 1 1 1 1 1 1 1 1 1 1 1 1 1 1 1 1 1 1 1 1
ciMethod java/util/zip/ZipEntry getSize ()J 258 0 129 0 0
ciMethod java/util/zip/ZipEntry setExtra0 ([BZZ)V 5066 5066 28100 0 -1
ciMethod java/util/zip/ZipEntry <init> (Ljava/lang/String;)V 760 0 29264 0 -1
ciInstanceKlass java/util/jar/JarFile$JarFileEntry 1 1 128 9 7 12 1 1 1 10 7 12 1 1 1 9 12 1 1 10 12 1 10 7 12 1 1 1 10 12 1 1 10 100 12 1 1 1 10 12 1 1 100 1 100 1 10 12 1 9 12 1 1 9 12 1 1 10 12 1 1 10 100 12 1 1 1 10 100 12 1 1 9 12 1 1 10 12 1 1 10 100 10 12 1 1 9 12 1 1 9 12 1 10 100 12 1 1 1 10 12 1 1 1 1 1 1 1 1 1 1 1 1 1 1 1 1 1 1 1 1 1 1 1 1 1 1 1 1 1
ciMethod java/util/jar/JarFile$JarFileEntry withBasename (Ljava/lang/String;)Ljava/util/jar/JarFile$JarFileEntry; 0 0 1 0 -1
ciMethod java/util/jar/JarEntry getRealName ()Ljava/lang/String; 0 0 1 0 -1
ciInstanceKlass java/util/LinkedList 1 1 330 10 7 12 1 1 1 9 7 12 1 1 1 10 10 12 1 1 9 12 1 1 7 1 10 12 1 9 12 1 9 12 1 9 12 1 9 12 1 9 12 1 1 100 1 10 10 12 1 1 10 12 1 10 12 1 1 10 12 1 10 12 1 1 10 12 1 10 7 12 1 1 1 10 12 1 10 12 1 1 11 7 12 1 1 1 10 12 1 1 10 12 1 10 12 1 1 100 1 10 8 1 10 12 1 1 10 12 1 8 1 10 12 1 1 10 12 1 1 100 1 10 12 1 1 10 12 1 10 12 1 10 12 1 1 10 12 1 10 12 1 10 12 1 10 12 1 10 12 1 7 1 10 12 1 100 1 10 12 1 10 12 1 100 1 100 1 10 12 1 10 12 1 1 10 12 1 1 10 100 12 1 1 10 100 12 1 1 1 100 1 10 100 12 1 1 10 12 1 10 12 1 10 100 12 1 1 10 12 1 1 10 12 1 100 1 10 12 1 100 1 100 1 100 1 100 1 1 1 1 1 1 5 0 1 1 1 1 1 1 1 1 1 1 1 1 1 1 1 1 1 1 1 1 1 1 1 1 1 1 1 1 1 1 1 1 1 1 1 1 1 1 1 1 1 1 1 1 1 1 1 1 1 1 1 1 1 1 1 1 1 1 1 1 1 1 1 1 1 1 1 1 1 1 1 1 1 1 1 1 1 1 100 1 1 1 100 1 1 1 1 1 1 1 1 1 1 1 1 1
ciMethod java/util/LinkedList size ()I 262 0 131 0 -1
ciMethod java/util/LinkedList toArray ([Ljava/lang/Object;)[Ljava/lang/Object; 0 0 1 0 -1
instanceKlass jdk/internal/loader/URLClassPath$FileLoader
instanceKlass jdk/internal/loader/URLClassPath$JarLoader
ciInstanceKlass jdk/internal/loader/URLClassPath$Loader 1 1 134 10 7 12 1 1 1 9 7 12 1 1 1 100 1 10 100 12 1 1 1 10 12 1 100 1 10 100 12 1 1 1 10 12 1 1 100 1 8 1 10 12 1 1 10 12 1 1 10 100 12 1 1 1 10 12 1 1 10 100 12 1 1 100 1 100 1 10 12 1 1 10 100 12 1 1 1 9 12 1 1 100 1 10 12 1 10 12 1 1 10 100 1 100 1 1 1 1 1 1 1 1 1 1 1 1 1 1 1 1 1 1 1 1 1 1 1 1 100 1 1 1 1 1 100 1 1 1 1 1 1 1 1 1
ciInstanceKlass jdk/internal/loader/URLClassPath$JarLoader 1 1 559 7 1 7 1 8 1 8 1 7 1 10 12 1 1 10 12 1 1 8 1 10 12 1 10 12 1 1 10 12 1 10 7 12 1 1 9 7 12 1 1 1 9 12 1 1 9 12 1 1 9 12 1 1 9 12 1 1 10 12 1 9 12 1 10 7 12 1 1 8 1 10 12 1 10 7 12 1 1 1 7 1 10 12 1 10 7 12 1 1 1 7 1 10 12 1 1 100 1 10 7 12 1 1 1 9 12 1 9 12 1 1 11 100 12 1 1 1 8 1 10 12 1 10 12 1 1 10 12 1 1 7 1 10 10 12 1 1 7 1 10 12 1 10 7 1 10 100 1 10 12 1 1 10 12 1 10 12 1 1 10 12 1 1 8 1 10 12 1 10 12 1 1 8 1 9 12 1 1 10 100 12 1 1 1 100 1 10 12 1 1 100 1 10 12 9 12 1 1 10 12 1 10 100 12 1 1 10 7 12 1 1 1 10 12 1 100 1 100 1 7 1 10 12 1 10 12 1 1 10 12 1 1 10 12 1 1 11 100 12 1 1 11 12 1 1 100 1 10 12 1 10 12 1 1 10 7 12 1 1 10 12 1 1 10 12 1 1 7 1 10 10 12 1 10 7 12 1 1 1 10 100 12 1 1 1 10 12 1 1 100 1 10 100 12 1 1 1 10 100 12 1 1 100 1 10 12 1 10 12 1 1 10 12 1 1 10 12 1 1 11 100 12 1 1 10 12 1 1 100 1 8 1 10 10 7 12 1 1 1 11 7 12 1 1 1 10 12 1 1 10 7 12 1 1 1 9 7 12 1 1 1 10 7 12 1 1 1 10 12 1 1 7 1 10 10 12 1 10 12 1 10 12 1 9 12 1 10 12 1 1 9 12 1 9 12 1 1 8 1 8 1 10 100 12 1 1 10 100 12 1 1 1 100 1 10 12 1 10 12 1 10 12 1 10 12 1 9 12 1 1 10 12 1 1 10 12 1 10 10 12 1 10 12 1 1 8 1 10 12 1 10 100 12 1 1 1 10 12 1 100 1 10 12 1 1 1 1 1 1 1 1 1 1 1 1 1 1 1 1 1 1 1 1 1 1 1 1 1 1 1 1 1 1 1 1 1 1 1 1 1 1 1 1 1 1 1 1 1 1 1 1 1 1 1 1 1 1 1 1 1 1 1 1 1 1 1 1 1 1 1 1 1 1 1 1 1 1 1 1 1 1 1 1 1 1 1 1 1 1 1 1 1 100 1 100 1 1 1
staticfield jdk/internal/loader/URLClassPath$JarLoader zipAccess Ljdk/internal/access/JavaUtilZipFileAccess; java/util/zip/ZipFile$1
ciMethod jdk/internal/loader/URLClassPath$JarLoader getResource (Ljava/lang/String;Z)Ljdk/internal/loader/Resource; 1024 0 25378 0 -1
ciMethod jdk/internal/loader/URLClassPath$Loader getBaseURL ()Ljava/net/URL; 260 0 130 0 0
ciMethod jdk/internal/loader/URLClassPath$JarLoader getResource (Ljava/lang/String;ZLjava/util/Set;)Ljdk/internal/loader/Resource; 0 0 61 0 0
ciMethod jdk/internal/loader/URLClassPath$JarLoader getIndex ()Ljdk/internal/util/jar/JarIndex; 0 0 1 0 -1
ciMethod jdk/internal/loader/URLClassPath$JarLoader checkResource (Ljava/lang/String;ZLjava/util/jar/JarEntry;)Ljdk/internal/loader/Resource; 768 0 1382 0 0
ciMethod jdk/internal/loader/URLClassPath$JarLoader validIndex (Ljava/lang/String;)Z 0 0 1 0 -1
ciMethod jdk/internal/loader/URLClassPath$JarLoader ensureOpen ()V 778 0 9116 0 544
ciMethod jdk/internal/loader/URLClassPath$JarLoader getJarFile (Ljava/net/URL;)Ljava/util/jar/JarFile; 514 0 379 4 -1
ciInstanceKlass jdk/internal/loader/URLClassPath$3 1 1 121 9 7 12 1 1 1 9 12 1 1 10 7 12 1 1 1 10 7 12 1 1 1 10 12 1 8 1 10 7 12 1 1 1 8 1 10 12 1 1 7 1 10 12 1 8 1 10 7 12 1 1 1 8 1 10 12 1 1 10 12 1 1 10 12 1 7 1 9 12 1 1 9 12 1 1 9 12 1 1 10 12 1 100 1 10 10 12 1 1 100 1 1 1 1 1 1 1 1 1 1 1 1 100 1 1 100 1 1 1 1 1 1 12 1 1 1 1 1 1 1
ciInstanceKlass jdk/internal/loader/URLClassPath$JarLoader$1 1 1 145 9 7 12 1 1 1 10 7 12 1 1 1 9 7 12 1 1 1 9 100 12 1 1 1 100 1 10 8 1 10 12 1 1 9 7 12 1 1 1 10 12 1 10 12 1 1 10 100 12 1 1 1 10 100 12 1 1 10 12 1 1 9 12 1 1 10 7 12 1 1 1 9 12 1 1 10 12 1 1 7 1 10 12 1 10 7 12 1 1 1 9 12 1 1 10 7 12 1 1 1 10 12 1 1 100 1 10 12 1 1 100 1 1 1 1 1 1 1 1 1 1 1 1 1 1 1 1 100 1 100 1 1 100 1 1 1 1 1 1 12 1 1 1 1
ciMethod jdk/internal/loader/URLClassPath$JarLoader$1 run ()Ljava/lang/Void; 514 2 379 4 0
ciMethod jdk/internal/loader/URLClassPath$JarLoader$1 run ()Ljava/lang/Object; 254 0 127 2 0
ciMethod jdk/internal/loader/URLClassPath$JarLoader$1 <init> (Ljdk/internal/loader/URLClassPath$JarLoader;)V 6 0 127 0 0
ciInstanceKlass sun/net/www/protocol/file/Handler 1 1 161 10 7 12 1 1 1 10 7 12 1 1 1 8 1 9 7 12 1 1 1 10 7 12 1 1 1 10 12 1 1 10 7 12 1 1 1 10 12 1 10 7 12 1 1 1 10 12 1 1 8 1 10 12 1 1 8 1 10 12 1 1 10 12 1 10 12 1 1 100 1 10 8 1 10 12 1 1 10 12 1 10 12 1 100 1 10 12 1 8 1 10 12 1 8 1 10 12 1 10 12 1 10 12 1 100 1 8 1 10 12 1 10 7 1 10 12 1 10 12 1 1 1 1 1 1 1 1 1 1 1 1 1 1 1 1 1 1 1 1 1 1 1 1 1 1 1 1 1 1 1 100 1 100 1 1 1 1 1 1 1
ciInstanceKlass java/util/zip/ZipFile$CleanableResource 1 1 167 100 1 10 7 12 1 1 1 10 7 12 1 1 1 10 7 12 1 1 1 9 7 12 1 1 1 7 1 10 10 7 12 1 1 1 9 12 1 1 7 1 10 9 12 1 1 10 7 12 1 1 1 9 12 1 1 11 7 12 1 1 11 7 12 1 1 1 7 1 10 12 1 10 12 1 11 12 1 1 10 12 1 11 7 12 1 1 1 100 1 11 12 1 1 100 1 11 12 1 10 12 1 100 1 10 12 1 1 10 12 1 1 100 1 10 12 1 100 1 1 1 1 1 1 1 1 1 1 1 1 1 1 1 1 1 1 1 100 1 100 1 1 1 1 1 1 100 1 1 1 1 1 1 1 1 1 1 1 1 1 1 1 1 1 1 1
instanceKlass java/util/zip/ZipCoder$UTF8ZipCoder
ciInstanceKlass java/util/zip/ZipCoder 1 1 235 9 7 12 1 1 1 9 7 12 1 1 1 10 12 1 1 10 12 1 1 10 100 12 1 1 1 10 100 12 1 1 1 10 100 12 1 1 1 100 1 100 1 10 12 1 10 12 1 10 12 1 1 10 12 1 10 100 12 1 1 1 10 12 1 1 10 12 1 10 12 1 1 10 12 1 10 12 1 1 10 12 1 1 10 7 1 10 10 12 1 10 7 12 1 1 10 12 1 10 12 1 1 10 12 1 10 100 12 1 1 1 10 7 12 1 1 9 12 1 1 9 12 1 1 10 100 12 1 1 9 100 12 1 1 1 10 12 1 1 10 12 1 9 12 1 1 10 12 1 10 12 1 10 12 9 12 1 8 1 10 12 1 1 8 1 10 12 1 1 10 7 12 1 1 1 9 12 1 1 10 1 1 1 1 1 1 1 1 1 1 1 1 1 1 1 1 1 1 1 1 1 1 1 1 1 1 1 1 1 1 1 1 1 1 100 100 1 100 1 1 1 1 1 1 1 1 1 1 1 1 1 1 1 1
staticfield java/util/zip/ZipCoder JLA Ljdk/internal/access/JavaLangAccess; java/lang/System$2
staticfield java/util/zip/ZipCoder UTF8 Ljava/util/zip/ZipCoder$UTF8ZipCoder; java/util/zip/ZipCoder$UTF8ZipCoder
ciInstanceKlass java/util/zip/ZipCoder$UTF8ZipCoder 1 1 64 10 7 12 1 1 1 9 12 1 1 11 7 12 1 1 1 11 12 1 1 10 100 12 1 1 1 1 1 1 1 1 1 1 1 1 1 1 1 1 1 1 1 1 1 1 1 1 1 1 1 1 1 1 1 100 1 1 1 1 1 1 1 1
ciMethod java/util/zip/ZipCoder toString ([BII)Ljava/lang/String; 0 0 1 0 -1
ciMethod java/util/zip/ZipCoder hasTrailingSlash ([BI)Z 0 0 1 0 -1
ciMethod java/util/zip/ZipCoder hash (Ljava/lang/String;)I 0 0 5225 0 -1
ciInstanceKlass java/util/jar/JavaUtilJarAccessImpl 1 1 94 10 7 12 1 1 1 10 7 12 1 1 1 10 12 1 1 10 12 1 1 10 12 1 1 10 12 1 1 10 12 1 1 10 12 1 1 10 7 12 1 1 1 10 12 1 10 12 1 10 12 1 1 100 1 100 1 1 1 1 1 1 1 1 1 1 1 100 1 1 1 1 1 1 1 1 1 1 1 1 1 1 1 1 1 1 1 1 1 1 1 1 1 1
ciMethod java/util/HashSet <init> ()V 416 0 396 0 0
ciMethod java/util/Set add (Ljava/lang/Object;)Z 0 0 1 0 -1
ciMethod java/util/zip/ZipFile$Source getEntryPos (Ljava/lang/String;Z)I 514 570 11443 0 3776
ciMethod java/util/zip/ZipFile$Source getEntryPos (I)I 522 0 29620 0 -1
ciMethod java/util/zip/ZipFile$Source zipCoderForPos (I)Ljava/util/zip/ZipCoder; 1024 0 5881 0 -1
ciMethod java/util/zip/ZipFile$Source getEntryHash (I)I 512 0 23001 0 -1
ciMethod java/util/zip/ZipFile$Source getEntryNext (I)I 768 0 21751 0 -1
ciMethod jdk/internal/access/JavaUtilZipFileAccess getMetaInfVersions (Ljava/util/jar/JarFile;)[I 0 0 1 0 -1
ciMethod jdk/internal/access/JavaUtilZipFileAccess getManifestName (Ljava/util/jar/JarFile;Z)Ljava/lang/String; 0 0 1 0 -1
ciMethod java/util/jar/JarFile getBytes (Ljava/util/zip/ZipEntry;)[B 2 0 394 0 0
ciMethod java/util/jar/JarFile match ([B[B[B[B)I 4 128 52 0 768
ciMethod java/util/jar/JarFile getEntry (Ljava/lang/String;)Ljava/util/zip/ZipEntry; 776 0 24893 0 0
ciMethod java/util/jar/JarFile getJarEntry (Ljava/lang/String;)Ljava/util/jar/JarEntry; 1024 0 25752 0 0
ciMethod java/util/jar/JarFile isMultiRelease ()Z 770 0 26225 0 160
ciMethod java/util/jar/JarFile checkForSpecialAttributes ()V 772 0 20734 0 0
ciMethod java/util/jar/JarFile getManEntry ()Ljava/util/jar/JarEntry; 4 0 466 0 0
ciMethod java/util/jar/JarFile getVersionedEntry (Ljava/lang/String;Ljava/util/jar/JarEntry;)Ljava/util/jar/JarEntry; 0 0 1770 0 0
ciMethod java/util/zip/ZipFile getInputStream (Ljava/util/zip/ZipEntry;)Ljava/io/InputStream; 608 0 5456 0 10240
ciMethod java/util/zip/ZipFile ensureOpen ()V 768 0 5537 0 128
ciMethod java/util/zip/ZipFile getEntry (Ljava/lang/String;)Ljava/util/zip/ZipEntry; 512 0 28518 0 768
ciMethod java/util/zip/ZipFile getZipEntry (Ljava/lang/String;I)Ljava/util/zip/ZipEntry; 500 0 29264 0 5664
ciMethod java/util/zip/ZipFile getEntryName (I)Ljava/lang/String; 594 0 389 0 -1
ciMethod java/util/zip/ZipFile getManifestName (Z)Ljava/lang/String; 4 0 477 0 0
ciMethod java/util/zip/ZipFile getMetaInfVersions ()[I 500 0 1757 0 0
ciMethod java/util/AbstractSet <init> ()V 666 0 8021 0 0
ciMethod java/util/zip/ZipFile$ZipFileInputStream <init> (Ljava/util/zip/ZipFile;[BI)V 864 0 5455 0 -1
ciMethod java/util/zip/ZipFile$ZipFileInflaterInputStream <init> (Ljava/util/zip/ZipFile;Ljava/util/zip/ZipFile$ZipFileInputStream;Ljava/util/zip/ZipFile$CleanableResource;I)V 864 0 5453 0 -1
ciMethod java/util/HashMap tableSizeFor (I)I 1024 0 7215 0 0
ciMethod java/util/HashMap <init> ()V 594 0 929 0 0
ciMethod java/util/HashMap <init> (IF)V 18 0 7177 0 320
ciMethod java/util/HashMap <init> (I)V 14 0 5373 0 0
ciMethod java/util/LinkedHashMap <init> (I)V 2 0 5239 0 0
ciMethod java/util/List add (Ljava/lang/Object;)Z 0 0 1 0 -1
ciMethod java/util/AbstractMap <init> ()V 770 0 9873 0 64
ciMethod java/lang/ref/Reference reachabilityFence (Ljava/lang/Object;)V 412 0 105929 0 -1
ciMethod java/util/AbstractCollection <init> ()V 672 0 21138 0 0
ciMethod java/util/Arrays copyOfRange ([BII)[B 512 0 5537 0 -1
ciMethod java/lang/Math max (II)I 512 0 100967 0 -1
ciMethod jdk/internal/util/jar/JarIndex getJarIndex (Ljava/util/jar/JarFile;)Ljdk/internal/util/jar/JarIndex; 504 0 372 0 -1
ciMethod jdk/internal/loader/URLClassPath$JarLoader$2 <init> (Ljdk/internal/loader/URLClassPath$JarLoader;Ljava/lang/String;Ljava/net/URL;Ljava/util/jar/JarEntry;)V 768 0 1382 0 0
ciMethod java/io/FilterInputStream <init> (Ljava/io/InputStream;)V 398 0 5591 0 0
ciMethod java/io/ByteArrayInputStream <init> ([B)V 22 0 30 0 0
ciMethod java/io/InputStream close ()V 0 0 1 0 -1
ciMethod java/io/InputStream <init> ()V 770 0 11261 0 0
ciMethod jdk/internal/reflect/Reflection getCallerClass ()Ljava/lang/Class; 512 0 256 0 -1
ciMethod java/lang/StringBuilder <init> ()V 164 0 40346 0 384
ciMethod java/lang/StringBuilder toString ()Ljava/lang/String; 176 0 55507 0 1056
ciMethod java/lang/StringBuilder append (Ljava/lang/String;)Ljava/lang/StringBuilder; 342 0 147707 0 1600
ciMethod java/lang/StringBuilder append (I)Ljava/lang/StringBuilder; 12 0 10072 0 0
ciMethod java/security/ProtectionDomain implies (Ljava/security/Permission;)Z 0 0 1 0 -1
ciMethod java/lang/String isEmpty ()Z 514 0 102825 0 -1
ciMethod java/lang/String charAt (I)C 540 0 1992909 0 160
ciMethod java/lang/String length ()I 704 0 1120117 0 96
ciMethod java/lang/String equals (Ljava/lang/Object;)Z 916 0 5680 0 -1
ciMethod java/lang/String indexOf (Ljava/lang/String;)I 512 0 14567 0 -1
ciMethod java/lang/String indexOf (II)I 512 0 182909 0 -1
ciMethod java/lang/String coder ()B 844 0 1358877 0 64
ciMethod java/lang/String isLatin1 ()Z 766 0 2341979 0 96
ciMethod java/lang/String regionMatches (ZILjava/lang/String;II)Z 512 0 20103 0 -1
ciMethod java/lang/String startsWith (Ljava/lang/String;I)Z 416 2052 8644 0 640
ciMethod java/lang/String startsWith (Ljava/lang/String;)Z 780 0 95514 0 544
ciMethod java/lang/String substring (II)Ljava/lang/String; 518 0 6457 0 -1
ciMethod java/lang/String equalsIgnoreCase (Ljava/lang/String;)Z 424 0 8536 0 -1
ciMethod java/lang/String endsWith (Ljava/lang/String;)Z 184 0 55333 0 -1
ciMethod java/util/ArrayList <init> (I)V 50 0 1115 0 -1
ciMethod java/security/AccessController executePrivileged (Ljava/security/PrivilegedExceptionAction;Ljava/security/AccessControlContext;Ljava/lang/Class;)Ljava/lang/Object; 516 0 11919 0 -1
ciMethod java/security/AccessController getProtectionDomain (Ljava/lang/Class;)Ljava/security/ProtectionDomain; 4 0 2 0 -1
ciMethod java/security/AccessController doPrivileged (Ljava/security/PrivilegedExceptionAction;Ljava/security/AccessControlContext;)Ljava/lang/Object; 6636 0 15128 0 0
ciMethod java/security/AccessController isPrivileged ()Z 0 0 1 0 -1
ciMethod java/security/AccessController checkContext (Ljava/security/AccessControlContext;Ljava/lang/Class;)Ljava/security/AccessControlContext; 514 0 5627 0 128
ciMethod java/security/AccessController wrapException (Ljava/lang/Exception;)Ljava/security/PrivilegedActionException; 0 0 7 0 -1
ciMethod java/security/AccessController getInnocuousAcc ()Ljava/security/AccessControlContext; 0 0 1 0 -1
ciMethod java/security/AccessController ensureMaterializedForStackWalk (Ljava/lang/Object;)V 514 0 257 0 -1
ciMethod java/lang/Object <init> ()V 1024 0 1617029 0 128
ciInstanceKlass java/lang/AssertionError 0 0 79 10 100 12 1 1 1 10 12 1 10 100 12 1 1 1 10 100 1 100 1 10 12 1 1 10 12 1 10 12 1 10 12 1 10 12 1 10 12 1 10 12 1 10 12 1 1 1 1 5 0 1 1 1 1 1 1 1 1 1 1 100 1 1 1 1 1 1 1 1 1 1 1 1 1 1 1 1 1
instanceKlass java/security/AccessControlException
ciInstanceKlass java/lang/SecurityException 0 0 35 10 100 12 1 1 1 10 12 1 10 12 1 10 12 1 100 1 1 1 1 5 0 1 1 1 1 1 1 1 1 1 1 1 1
ciInstanceKlass java/lang/IllegalStateException 1 1 35 10 7 12 1 1 1 10 12 1 10 12 1 10 12 1 100 1 1 1 1 5 0 1 1 1 1 1 1 1 1 1 1 1 1
instanceKlass com/swoval/files/NativeDirectoryLister$UnixException
instanceKlass com/swoval/files/NativeDirectoryLister$Retry
instanceKlass java/util/zip/ZipException
instanceKlass java/nio/file/FileSystemException
instanceKlass java/nio/channels/ClosedChannelException
instanceKlass org/jline/utils/ClosedException
instanceKlass java/nio/charset/CharacterCodingException
instanceKlass java/io/UnsupportedEncodingException
instanceKlass java/net/SocketException
instanceKlass java/io/InterruptedIOException
instanceKlass java/io/FileNotFoundException
instanceKlass java/net/MalformedURLException
ciInstanceKlass java/io/IOException 1 1 34 10 7 12 1 1 1 10 12 1 10 12 1 10 12 1 100 1 1 1 1 5 0 1 1 1 1 1 1 1 1 1 1 1
ciInstanceKlass java/net/MalformedURLException 0 0 26 10 100 12 1 1 1 10 12 1 100 1 1 1 1 5 0 1 1 1 1 1 1 1 1 1
instanceKlass sun/net/www/URLConnection
instanceKlass java/net/JarURLConnection
ciInstanceKlass java/net/URLConnection 1 1 656 9 7 12 1 1 1 100 1 10 12 1 1 10 100 12 1 1 1 10 100 12 1 1 100 1 8 1 10 12 1 9 12 1 1 9 12 1 10 7 1 9 12 1 1 9 12 1 9 12 1 9 12 1 9 12 1 1 9 12 1 9 12 1 1 9 12 1 9 12 1 10 7 12 1 1 1 10 12 1 1 10 12 1 1 100 1 5 0 8 1 5 0 10 12 1 1 8 1 10 12 1 1 8 1 8 1 10 12 1 8 1 8 1 10 100 12 1 1 1 10 12 1 1 100 1 10 100 12 1 1 1 10 100 12 1 1 10 12 1 1 10 12 1 1 10 100 12 1 1 1 10 12 1 9 100 12 1 1 1 100 1 8 1 10 8 1 100 1 10 10 12 1 1 10 7 12 1 1 10 12 1 1 8 1 10 12 1 10 12 1 10 12 1 9 7 12 1 1 1 10 7 12 1 1 1 9 12 1 1 10 100 12 1 1 1 10 7 12 1 1 1 10 12 1 1 10 12 1 1 100 1 8 1 10 9 12 1 1 100 1 10 10 12 1 1 10 12 1 10 12 1 10 12 1 1 9 12 1 1 100 1 8 1 10 10 12 1 10 12 1 8 1 9 12 1 1 10 7 1 11 100 12 1 1 1 10 12 1 10 12 1 10 100 12 1 1 10 12 1 10 12 1 9 100 12 1 1 1 9 12 1 100 1 10 10 12 1 1 10 12 1 1 10 12 1 10 12 1 100 1 8 1 10 12 10 12 1 10 12 1 10 12 1 8 1 10 12 1 1 100 1 10 100 12 1 1 1 10 12 1 10 12 1 1 100 1 10 12 1 10 100 12 1 1 1 10 12 10 12 1 1 10 12 1 1 10 12 1 8 1 8 1 10 100 12 1 1 1 8 1 10 12 1 1 11 100 12 1 1 10 100 12 1 1 10 12 1 1 10 12 1 10 12 1 8 1 8 1 8 1 8 1 8 1 8 1 8 1 8 1 8 1 8 1 10 12 1 1 8 1 8 1 8 1 5 0 10 12 1 1 10 12 1 1 5 0 5 0 5 0 5 0 5 0 10 12 1 10 12 1 1 100 1 8 1 10 10 12 1 10 10 1 1 1 1 1 1 1 1 1 1 1 1 1 1 1 1 1 1 100 1 1 1 1 1 1 1 1 1 1 1 1 1 1 1 1 1 1 1 1 1 1 1 1 1 1 1 1 1 1 1 1 1 1 1 1 1 1 1 1 1 1 1 1 1 1 1 1 1 1 1 1 1 1 1 1 1 1 1 1 1 1 1 1 1 1 1 1 1 1 1 1 1 1 1 1 1 1 1 1 1 1 1 1 1 1 1 1 1 1 1 1 1 1 1 1 1 1 1 1 1 1 1 1 100 1 1 1 1 1 1 1 1 1 1 1 1 1 1 1 1 1 1 1 1 1 1 1 1 1 1 1 1 1 1 100 1 1 100 1 1 1 1 1 1
staticfield java/net/URLConnection defaultCaching Ljava/util/concurrent/ConcurrentHashMap; java/util/concurrent/ConcurrentHashMap
staticfield java/net/URLConnection handlers Ljava/util/Hashtable; java/util/Hashtable
staticfield java/net/URLConnection $assertionsDisabled Z 1
instanceKlass sun/net/www/protocol/jar/JarURLConnection
ciInstanceKlass java/net/JarURLConnection 1 1 143 10 7 12 1 1 1 10 7 12 1 1 10 7 12 1 1 1 8 1 10 7 12 1 1 1 100 1 100 1 10 12 1 8 1 10 12 1 1 10 12 1 10 12 1 10 12 1 1 10 9 12 1 1 8 1 10 12 1 10 12 1 1 8 1 10 12 1 9 12 1 1 10 12 1 1 10 7 12 1 1 1 10 12 1 1 10 100 12 1 1 1 10 12 1 1 10 12 1 10 100 12 1 1 1 10 10 100 12 1 1 10 12 1 1 1 1 1 1 1 1 1 1 1 1 1 1 1 1 1 1 100 1 1 1 100 1 1 1 100 1 1 1
ciInstanceKlass sun/net/www/protocol/jar/URLJarFile 1 1 304 10 7 12 1 1 1 10 12 1 1 8 1 10 7 12 1 1 1 10 7 12 1 1 1 10 7 12 1 1 1 10 12 1 10 12 1 1 10 12 1 10 12 1 100 1 10 12 1 9 12 1 1 10 12 1 7 1 10 12 1 10 7 12 1 1 1 10 12 1 10 12 1 8 1 10 12 1 1 10 12 1 10 12 1 1 8 1 8 1 10 12 1 1 7 1 7 1 10 12 1 100 1 100 1 10 12 1 10 100 12 1 1 1 10 12 1 1 8 1 10 12 1 10 12 1 10 10 12 1 100 1 10 10 12 1 1 9 12 1 1 10 100 12 1 1 1 100 1 10 12 1 1 9 12 1 1 10 12 1 1 11 12 1 1 11 100 12 1 1 1 11 100 12 1 1 11 12 1 11 12 1 1 11 12 1 1 11 100 12 1 1 1 10 12 9 12 1 1 10 12 1 1 9 12 1 1 11 100 12 1 1 10 12 1 1 10 100 12 1 1 1 100 1 10 12 1 10 100 12 1 1 1 10 100 1 100 1 10 12 1 1 100 1 10 12 1 1 100 1 9 12 1 1 1 1 1 1 1 1 1 1 1 1 1 100 1 1 1 1 1 1 1 1 1 1 1 100 1 1 1 1 1 1 1 1 1 1 1 1 1 1 1 1 1 1 1 1 1 1 100 1 1 1
ciInstanceKlass java/security/AccessControlException 0 0 38 10 100 12 1 1 1 9 100 12 1 1 1 1 1 1 5 0 1 1 1 1 1 1 1 1 1 1 1 1 1 1 1 1 1 1 1 3
ciInstanceKlass java/net/URLClassLoader$1 1 1 99 9 7 12 1 1 1 9 12 1 1 10 7 12 1 1 1 10 7 12 1 1 1 8 1 10 12 1 1 9 7 12 1 1 1 10 7 12 1 1 1 10 12 1 1 100 1 100 1 10 12 1 100 1 10 100 12 1 1 1 10 12 1 1 10 12 1 1 100 1 1 1 1 1 1 1 1 1 1 1 1 1 1 1 1 1 1 1 100 1 1 1 1 1 12 1 1 1 1
ciInstanceKlass java/io/FileNotFoundException 1 1 49 10 7 12 1 1 1 10 12 1 7 1 10 10 12 1 1 8 1 8 1 8 1 10 12 1 1 100 1 1 1 1 5 0 1 1 1 1 1 1 1 1 1 1 1 100 1 1 1
ciInstanceKlass java/security/PrivilegedActionException 1 1 134 10 7 12 1 1 1 10 12 1 1 10 100 12 1 1 1 10 100 12 1 1 1 100 1 10 12 1 10 12 1 1 8 1 10 100 12 1 1 10 10 100 12 1 1 1 8 1 10 100 12 1 1 1 10 100 12 1 1 1 11 100 12 1 1 1 10 100 12 1 1 1 10 100 12 1 1 1 10 12 1 7 1 10 12 1 9 7 12 1 1 1 1 1 1 5 0 1 1 1 1 1 1 1 1 1 1 1 1 1 1 100 1 1 1 1 1 1 1 100 1 100 1 1 1 1 1 1 1 1 1 1 1 1
staticfield java/security/PrivilegedActionException serialPersistentFields [Ljava/io/ObjectStreamField; 1 [Ljava/io/ObjectStreamField;
ciInstanceKlass sun/security/util/SecurityConstants 1 1 211 10 100 12 1 1 1 7 1 10 9 7 12 1 1 1 7 1 8 1 10 12 1 9 12 1 1 8 1 9 12 1 8 1 9 12 1 8 1 9 12 1 8 1 9 12 1 8 1 9 12 1 8 1 9 12 1 8 1 9 12 1 7 1 8 1 10 9 12 1 1 8 1 9 12 1 8 1 9 12 1 8 1 9 12 1 8 1 9 12 1 8 1 9 12 1 8 1 9 12 1 8 1 9 12 1 8 1 9 12 1 7 1 8 1 10 9 12 1 1 8 1 9 12 1 8 1 9 12 1 7 1 8 1 8 1 10 12 1 9 12 1 1 8 1 10 7 12 1 1 1 9 12 1 1 7 1 8 1 10 9 12 1 1 8 1 9 12 1 1 1 8 1 1 8 1 1 8 1 1 8 1 1 8 1 1 8 1 1 8 1 1 1 8 1 1 8 1 1 8 1 1 1 1 1 1 1 1 1 1 1
staticfield sun/security/util/SecurityConstants ALL_PERMISSION Ljava/security/AllPermission; java/security/AllPermission
staticfield sun/security/util/SecurityConstants SPECIFY_HANDLER_PERMISSION Ljava/net/NetPermission; java/net/NetPermission
staticfield sun/security/util/SecurityConstants SET_PROXYSELECTOR_PERMISSION Ljava/net/NetPermission; java/net/NetPermission
staticfield sun/security/util/SecurityConstants GET_PROXYSELECTOR_PERMISSION Ljava/net/NetPermission; java/net/NetPermission
staticfield sun/security/util/SecurityConstants SET_COOKIEHANDLER_PERMISSION Ljava/net/NetPermission; java/net/NetPermission
staticfield sun/security/util/SecurityConstants GET_COOKIEHANDLER_PERMISSION Ljava/net/NetPermission; java/net/NetPermission
staticfield sun/security/util/SecurityConstants SET_RESPONSECACHE_PERMISSION Ljava/net/NetPermission; java/net/NetPermission
staticfield sun/security/util/SecurityConstants GET_RESPONSECACHE_PERMISSION Ljava/net/NetPermission; java/net/NetPermission
staticfield sun/security/util/SecurityConstants SET_SOCKETIMPL_PERMISSION Ljava/net/NetPermission; java/net/NetPermission
staticfield sun/security/util/SecurityConstants CREATE_CLASSLOADER_PERMISSION Ljava/lang/RuntimePermission; java/lang/RuntimePermission
staticfield sun/security/util/SecurityConstants CHECK_MEMBER_ACCESS_PERMISSION Ljava/lang/RuntimePermission; java/lang/RuntimePermission
staticfield sun/security/util/SecurityConstants MODIFY_THREAD_PERMISSION Ljava/lang/RuntimePermission; java/lang/RuntimePermission
staticfield sun/security/util/SecurityConstants MODIFY_THREADGROUP_PERMISSION Ljava/lang/RuntimePermission; java/lang/RuntimePermission
staticfield sun/security/util/SecurityConstants GET_PD_PERMISSION Ljava/lang/RuntimePermission; java/lang/RuntimePermission
staticfield sun/security/util/SecurityConstants GET_CLASSLOADER_PERMISSION Ljava/lang/RuntimePermission; java/lang/RuntimePermission
staticfield sun/security/util/SecurityConstants STOP_THREAD_PERMISSION Ljava/lang/RuntimePermission; java/lang/RuntimePermission
staticfield sun/security/util/SecurityConstants GET_STACK_TRACE_PERMISSION Ljava/lang/RuntimePermission; java/lang/RuntimePermission
staticfield sun/security/util/SecurityConstants SUBCLASS_IMPLEMENTATION_PERMISSION Ljava/lang/RuntimePermission; java/lang/RuntimePermission
staticfield sun/security/util/SecurityConstants CREATE_ACC_PERMISSION Ljava/security/SecurityPermission; java/security/SecurityPermission
staticfield sun/security/util/SecurityConstants GET_COMBINER_PERMISSION Ljava/security/SecurityPermission; java/security/SecurityPermission
staticfield sun/security/util/SecurityConstants GET_POLICY_PERMISSION Ljava/security/SecurityPermission; java/security/SecurityPermission
staticfield sun/security/util/SecurityConstants LOCAL_LISTEN_PERMISSION Ljava/net/SocketPermission; java/net/SocketPermission
staticfield sun/security/util/SecurityConstants PROVIDER_VER Ljava/lang/String; "17"staticfield sun/security/util/SecurityConstants ACCESS_PERMISSION Ljava/lang/reflect/ReflectPermission; java/lang/reflect/ReflectPermission
staticfield sun/security/util/SecurityConstants REFLECTION_FACTORY_ACCESS_PERMISSION Ljava/lang/RuntimePermission; java/lang/RuntimePermission
ciInstanceKlass java/security/SecurityPermission 1 1 27 10 7 12 1 1 1 10 12 1 100 1 1 1 1 5 0 1 1 1 1 1 1 1 1 1 1
ciInstanceKlass java/net/SocketPermission 1 1 602 7 1 9 12 1 1 8 1 10 100 12 1 1 1 9 12 1 1 10 12 1 1 10 7 12 1 1 1 9 12 1 10 12 1 1 10 12 1 1 10 12 1 1 10 7 12 1 1 1 8 1 10 12 1 1 10 12 1 1 10 12 1 100 1 8 1 10 12 1 10 12 1 1 100 1 10 12 1 8 1 10 12 1 1 10 12 1 1 8 1 10 12 1 10 12 1 8 1 10 12 100 1 8 1 10 8 1 10 12 1 1 3 10 7 12 1 1 8 1 9 12 1 1 8 1 9 12 1 1 8 1 10 12 1 10 12 1 1 100 1 8 1 9 12 1 1 8 1 10 12 1 1 9 12 1 8 1 9 12 1 8 1 10 12 1 10 7 12 1 1 1 10 12 1 1 10 12 1 100 1 10 12 1 1 9 12 1 1 9 12 1 100 1 9 12 1 100 1 8 1 10 8 1 100 1 8 1 8 1 8 1 8 1 8 1 10 12 1 1 8 1 9 12 1 9 12 1 9 12 1 10 100 12 1 1 10 12 1 10 12 1 1 10 12 1 1 10 12 1 1 10 12 1 1 8 1 10 12 1 8 1 10 12 1 8 1 8 1 10 12 1 10 12 1 10 12 1 1 10 12 1 10 12 1 1 8 1 8 1 10 12 1 1 10 100 12 1 1 10 12 1 10 12 1 9 12 1 11 100 12 1 1 1 18 12 1 1 10 100 12 1 1 1 10 12 1 1 9 12 1 10 12 1 10 12 1 8 1 10 12 1 8 1 8 1 10 12 1 10 12 1 1 10 8 1 8 1 8 1 10 12 1 10 12 1 8 1 100 1 10 10 12 1 1 10 12 1 10 12 1 1 10 12 1 10 12 1 10 12 1 10 12 1 10 12 1 1 10 12 1 100 1 8 1 10 12 1 10 12 1 1 10 9 12 1 10 12 1 100 1 10 10 12 10 100 12 1 1 10 100 12 1 1 100 1 10 10 7 12 1 1 1 10 12 1 9 100 12 1 1 9 12 1 7 1 8 1 10 7 1 10 12 1 100 1 1 1 1 5 0 1 3 1 3 1 3 1 3 1 3 1 3 1 1 1 3 1 3 1 1 1 1 1 1 1 1 1 1 1 1 1 1 1 1 1 1 1 1 1 1 1 1 1 1 1 1 1 1 1 1 100 1 1 1 1 1 1 100 1 1 1 1 1 1 1 1 1 1 1 1 1 1 1 1 1 1 1 1 1 1 1 1 1 1 1 1 1 100 1 1 1 1 100 1 1 1 1 1 1 1 1 1 1 1 1 1 1 1 1 1 1 15 10 100 12 1 1 1 16 15 11 12 16 1 1 1 100 1 100 1 1
ciInstanceKlass java/util/zip/ZipException 0 0 26 10 100 12 1 1 1 10 12 1 100 1 1 1 1 5 0 1 1 1 1 1 1 1 1 1
ciMethodData java/lang/Object <init> ()V 2 1617029 orig 80 1 0 0 0 0 0 0 0 0 0 0 0 252 127 0 0 0 0 0 0 0 0 0 0 0 0 0 0 0 0 0 0 0 0 0 0 0 0 0 0 0 0 0 0 0 0 0 0 0 0 0 0 0 0 0 0 0 0 0 0 0 0 0 0 0 0 0 0 0 0 0 0 0 0 0 0 0 0 0 0 data 4 0x0 0x9 0x1 0x0 oops 0 methods 0
ciMethodData java/lang/String charAt (I)C 2 1992942 orig 80 0 0 0 0 0 0 0 0 0 0 0 0 252 127 0 0 0 0 0 0 0 0 0 0 0 0 0 0 0 0 0 0 0 0 0 0 0 0 0 0 0 0 0 0 0 0 0 0 0 0 0 0 0 0 0 0 0 0 0 0 0 0 0 0 0 0 0 0 0 0 0 0 0 0 0 0 0 0 0 0 data 25 0x10005 0x1e6842 0x0 0x0 0x0 0x0 0x0 0x40007 0x3 0x30 0x1e690e 0xc0002 0x1e693c 0x150002 0x3 0x0 0x0 0x0 0x0 0x0 0x0 0x9 0x2 0x0 0x0 oops 0 methods 0
ciMethodData java/lang/String isLatin1 ()Z 2 2341979 orig 80 0 0 0 0 0 0 0 0 0 0 0 0 252 127 0 0 0 0 0 0 0 0 0 0 0 0 0 0 0 0 0 0 0 0 0 0 0 0 0 0 0 0 0 0 0 0 0 0 0 0 0 0 0 0 0 0 0 0 0 0 0 0 0 0 0 0 0 0 0 0 0 0 0 0 0 0 0 0 0 0 data 18 0x30007 0x0 0x58 0x23bb51 0xa0007 0x7 0x38 0x23bb62 0xe0003 0x23bbc9 0x18 0x0 0x0 0x0 0x0 0x9 0x1 0x0 oops 0 methods 0
ciMethodData java/lang/StringLatin1 charAt ([BI)C 2 1561896 orig 80 0 0 0 0 0 0 0 0 0 0 0 0 252 127 0 0 0 0 0 0 0 0 0 0 0 0 0 0 0 0 0 0 0 0 0 0 0 0 0 0 0 0 0 0 0 0 0 0 0 0 0 0 0 0 0 0 0 0 0 0 0 0 0 0 0 0 0 0 0 0 0 0 0 0 0 0 0 0 0 0 data 18 0x10007 0x0 0x40 0x17d430 0x70007 0x17d47f 0x30 0x0 0xf0002 0x0 0x0 0x0 0x0 0x0 0x9 0x2 0x0 0x0 oops 0 methods 0
ciMethodData java/lang/StringUTF16 charAt ([BI)C 1 5 orig 80 0 0 0 0 0 0 0 0 0 0 0 0 252 127 0 0 0 0 0 0 0 0 0 0 0 0 0 0 0 0 0 0 0 0 0 0 0 0 0 0 0 0 0 0 0 0 0 0 0 0 0 0 0 0 0 0 0 0 0 0 0 0 0 0 0 0 0 0 0 0 0 0 0 0 0 0 0 0 0 0 data 14 0x20002 0x5 0x70002 0x2 0x0 0x0 0x0 0x0 0x0 0x0 0x9 0x2 0x0 0x0 oops 0 methods 0
ciMethodData java/util/AbstractCollection <init> ()V 2 21138 orig 80 0 0 0 0 0 0 0 0 0 0 0 0 252 127 0 0 0 0 0 0 0 0 0 0 0 0 0 0 0 0 0 0 0 0 0 0 0 0 0 0 0 0 0 0 0 0 0 0 0 0 0 0 0 0 0 0 0 0 0 0 0 0 0 0 0 0 0 0 0 0 0 0 0 0 0 0 0 0 0 0 data 7 0x10002 0x5154 0x0 0x0 0x9 0x1 0x0 oops 0 methods 0
ciMethodData java/lang/String coder ()B 2 1358877 orig 80 0 0 0 0 0 0 0 0 0 0 0 0 252 127 0 0 0 0 0 0 0 0 0 0 0 0 0 0 0 0 0 0 0 0 0 0 0 0 0 0 0 0 0 0 0 0 0 0 0 0 0 0 0 0 0 0 0 0 0 0 0 0 0 0 0 0 0 0 0 0 0 0 0 0 0 0 0 0 0 0 data 14 0x30007 0x0 0x38 0x14baf1 0xa0003 0x14bb4b 0x18 0x0 0x0 0x0 0x0 0x9 0x1 0x0 oops 0 methods 0
ciMethodData java/lang/String length ()I 2 1120117 orig 80 0 0 0 0 0 0 0 0 0 0 0 0 252 127 0 0 0 0 0 0 0 0 0 0 0 0 0 0 0 0 0 0 0 0 0 0 0 0 0 0 0 0 0 0 0 0 0 0 0 0 0 0 0 0 0 0 0 0 0 0 0 0 0 0 0 0 0 0 0 0 0 0 0 0 0 0 0 0 0 0 data 16 0x60005 0x11168a 0x0 0x0 0x0 0x0 0x0 0x0 0x0 0x0 0x0 0x0 0x0 0x9 0x1 0x0 oops 0 methods 0
ciMethodData java/util/Objects requireNonNull (Ljava/lang/Object;Ljava/lang/String;)Ljava/lang/Object; 2 110332 orig 80 0 0 0 0 0 0 0 0 0 0 0 0 252 127 0 0 0 0 0 0 0 0 0 0 0 0 0 0 0 0 0 0 0 0 0 0 0 0 0 0 0 0 0 0 0 0 0 0 0 0 0 0 0 0 0 0 0 0 0 0 0 0 0 0 0 0 0 0 0 0 0 0 0 0 0 0 0 0 0 0 data 16 0x10007 0x1adfc 0x30 0x0 0x90002 0x0 0x0 0x0 0x0 0x0 0x0 0x0 0x9 0x2 0x0 0xffffffffffffffff oops 0 methods 0
ciMethodData java/lang/System getSecurityManager ()Ljava/lang/SecurityManager; 2 64684 orig 80 0 0 0 0 0 0 0 0 0 0 0 0 252 127 0 0 0 0 0 0 0 0 0 0 0 0 0 0 0 0 0 0 0 0 0 0 0 0 0 0 0 0 0 0 0 0 0 0 0 0 0 0 0 0 0 0 0 0 0 0 0 0 0 0 0 0 0 0 0 0 0 0 0 0 0 0 0 0 0 0 data 14 0x2 0xfbad 0x30007 0x0 0x20 0xfbb9 0x0 0x0 0x0 0x0 0x0 0x0 0x9 0x0 oops 0 methods 0
ciMethodData java/lang/System allowSecurityManager ()Z 2 64688 orig 80 0 0 0 0 0 0 0 0 0 0 0 0 252 127 0 0 0 0 0 0 0 0 0 0 0 0 0 0 0 0 0 0 0 0 0 0 0 0 0 0 0 0 0 0 0 0 0 0 0 0 0 0 0 0 0 0 0 0 0 0 0 0 0 0 0 0 0 0 0 0 0 0 0 0 0 0 0 0 0 0 data 11 0x40007 0x0 0x38 0xfbb1 0x80003 0xfbb8 0x18 0x0 0x0 0x9 0x0 oops 0 methods 0
ciMethodData java/lang/String startsWith (Ljava/lang/String;I)Z 2 29693 orig 80 1 0 0 0 0 0 0 0 0 0 0 0 252 127 0 0 0 0 0 0 0 0 0 0 0 0 0 0 0 0 0 0 0 0 0 0 0 0 0 1 0 0 0 0 0 0 0 0 0 0 0 0 0 0 0 0 0 0 0 0 0 0 0 0 0 0 0 0 0 0 0 0 0 0 0 0 0 0 0 0 data 83 0x8000000600010007 0x31 0xb0 0x20c4 0x60005 0x20c4 0x0 0x0 0x0 0x0 0x0 0xa0005 0x20c5 0x0 0x0 0x0 0x0 0x0 0xe0007 0x203b 0x20 0x89 0x270005 0x203b 0x0 0x0 0x0 0x0 0x0 0x2f0005 0x203c 0x0 0x0 0x0 0x0 0x0 0x320007 0x0 0xb0 0x203c 0x370007 0x0 0x38 0x203c 0x3b0003 0x203c 0x18 0x470007 0x93c 0x40 0x86fd 0x590007 0x7000 0xffffffffffffffe0 0x1700 0x5e0003 0x93c 0x88 0x630007 0x0 0x20 0x0 0x6c0007 0x0 0x50 0x0 0x740002 0x0 0x830007 0x0 0xffffffffffffffd0 0x0 0x0 0x0 0x0 0x0 0x0 0x0 0x9 0x3 0x0 0x0 0x0 oops 0 methods 0
ciMethodData java/lang/ref/Reference reachabilityFence (Ljava/lang/Object;)V 2 105929 orig 80 0 0 0 0 0 0 0 0 0 0 0 0 252 127 0 0 0 0 0 0 0 0 0 0 0 0 0 0 0 0 0 0 0 0 0 0 0 0 0 0 0 0 0 0 0 0 0 0 0 0 0 0 0 0 0 0 0 0 0 0 0 0 0 0 0 0 0 0 0 0 0 0 0 0 0 0 0 0 0 0 data 4 0x0 0x9 0x1 0x0 oops 0 methods 0
ciMethodData java/lang/String startsWith (Ljava/lang/String;)Z 2 95514 orig 80 0 0 0 0 0 0 0 0 0 0 0 0 252 127 0 0 0 0 0 0 0 0 0 0 0 0 0 0 0 0 0 0 0 0 0 0 0 0 0 0 0 0 0 0 0 0 0 0 0 0 0 0 0 0 0 0 0 0 0 0 0 0 0 0 0 0 0 0 0 0 0 0 0 0 0 0 0 0 0 0 data 17 0x30005 0x17398 0x0 0x0 0x0 0x0 0x0 0x0 0x0 0x0 0x0 0x0 0x0 0x9 0x2 0x0 0x0 oops 0 methods 0
ciMethodData sun/net/www/ParseUtil firstEncodeIndex (Ljava/lang/String;)I 2 61692 orig 80 1 0 0 0 0 0 0 0 0 0 0 0 252 127 0 0 0 0 0 0 0 0 0 0 0 0 0 0 0 0 0 0 0 0 0 0 0 0 0 1 0 0 0 0 0 0 0 0 0 0 0 0 0 0 0 0 0 0 0 0 0 0 0 0 0 0 0 0 0 0 0 0 0 0 0 0 0 0 0 0 data 67 0x10005 0x5c3 0x0 0x0 0x0 0x0 0x0 0x90007 0x5c4 0x198 0xe0eb 0xe0005 0xe0eb 0x0 0x0 0x0 0x0 0x0 0x150007 0x2816 0x40 0xb8dc 0x1b0007 0xb8dc 0x108 0x0 0x210007 0x480 0x40 0x2397 0x270007 0x152c 0xc8 0xe6c 0x2d0007 0x480 0x58 0xe6c 0x8000000600330007 0x18 0x38 0xe55 0x360003 0xe55 0x68 0x3c0007 0x0 0x50 0x498 0x460002 0x498 0x490007 0x498 0x20 0x0 0x510003 0xe0ec 0xfffffffffffffe80 0x0 0x0 0x0 0x0 0x0 0x0 0x9 0x1 0x0 oops 0 methods 0
ciMethodData sun/net/www/ParseUtil match (CJJ)Z 2 1242 orig 80 0 0 0 0 0 0 0 0 0 0 0 0 252 127 0 0 0 0 0 0 0 0 0 0 0 0 0 0 0 0 0 0 0 0 0 0 0 0 0 0 0 0 0 0 0 0 0 0 0 0 0 0 0 0 0 0 0 0 0 0 0 0 0 0 0 0 0 0 0 0 0 0 0 0 0 0 0 0 0 0 data 32 0x30007 0x18 0x58 0x480 0xd0007 0x480 0x38 0x0 0x110003 0x0 0x18 0x1a0007 0x0 0x58 0x18 0x270007 0x18 0x38 0x0 0x2b0003 0x0 0x18 0x0 0x0 0x0 0x9 0x5 0x0 0x0 0x0 0x0 0x0 oops 0 methods 0
ciMethodData java/util/zip/ZipFile$1 getManifestName (Ljava/util/jar/JarFile;Z)Ljava/lang/String; 1 446 orig 80 0 0 0 0 0 0 0 0 0 0 0 0 252 127 0 0 0 0 0 0 0 0 0 0 0 0 0 0 0 0 0 0 0 0 0 0 0 0 0 0 0 0 0 0 0 0 0 0 0 0 0 0 0 0 0 0 0 0 0 0 0 0 0 0 0 0 0 0 0 0 0 0 0 0 0 0 0 0 0 0 data 18 0x20005 0x1bc 0x0 0x0 0x0 0x0 0x0 0x0 0x0 0x0 0x0 0x0 0x0 0x9 0x3 0x0 0x0 0x0 oops 0 methods 0
ciMethodData java/util/zip/ZipFile getManifestName (Z)Ljava/lang/String; 1 477 orig 80 0 0 0 0 0 0 0 0 0 0 0 0 252 127 0 0 0 0 0 0 0 0 0 0 0 0 0 0 0 0 0 0 0 0 0 0 0 0 0 0 0 0 0 0 0 0 0 0 0 0 0 0 0 0 0 0 0 0 0 0 0 0 0 0 0 0 0 0 0 0 0 0 0 0 0 0 0 0 0 0 data 39 0x50005 0x1db 0x0 0x0 0x0 0x0 0x0 0x180007 0x1 0x98 0x1da 0x1c0007 0x182 0x40 0x58 0x230007 0x58 0x58 0x0 0x290005 0x182 0x0 0x0 0x0 0x0 0x0 0x310003 0x59 0x18 0x0 0x0 0x0 0x0 0x0 0x0 0x9 0x2 0x0 0x0 oops 0 methods 0
ciMethodData java/io/InputStream <init> ()V 2 11261 orig 80 0 0 0 0 0 0 0 0 0 0 0 0 252 127 0 0 0 0 0 0 0 0 0 0 0 0 0 0 0 0 0 0 0 0 0 0 0 0 0 0 0 0 0 0 0 0 0 0 0 0 0 0 0 0 0 0 0 0 0 0 0 0 0 0 0 0 0 0 0 0 0 0 0 0 0 0 0 0 0 0 data 7 0x10002 0x2a7d 0x0 0x0 0x9 0x1 0x0 oops 0 methods 0
ciMethodData java/util/zip/ZipFile ensureOpen ()V 2 5537 orig 80 0 0 0 0 0 0 0 0 0 0 0 0 252 127 0 0 0 0 0 0 0 0 0 0 0 0 0 0 0 0 0 0 0 0 0 0 0 0 0 0 0 0 0 0 0 0 0 0 0 0 0 0 0 0 0 0 0 0 0 0 0 0 0 0 0 0 0 0 0 0 0 0 0 0 0 0 0 0 0 0 data 21 0x40007 0x1421 0x30 0x0 0xe0002 0x0 0x190007 0x1421 0x30 0x0 0x230002 0x0 0x0 0x0 0x0 0x0 0x0 0x0 0x9 0x1 0x0 oops 0 methods 0
ciMethodData java/util/jar/Attributes getValue (Ljava/util/jar/Attributes$Name;)Ljava/lang/String; 2 5489 orig 80 0 0 0 0 0 0 0 0 0 0 0 0 252 127 0 0 0 0 0 0 0 0 0 0 0 0 0 0 0 0 0 0 0 0 0 0 0 0 0 0 0 0 0 0 0 0 0 0 0 0 0 0 0 0 0 0 0 0 0 0 0 0 0 0 0 0 0 0 0 0 0 0 0 0 0 0 0 0 0 0 data 24 0x20005 0x0 0x0 0x211d9db32d0 0x1472 0x0 0x0 0x50104 0x0 0x0 0x211939f4970 0x1c9 0x0 0x0 0x0 0x0 0x0 0x0 0x0 0x0 0x9 0x2 0x0 0x0 oops 2 3 java/util/jar/Attributes 10 java/lang/String methods 0
ciMethodData java/util/jar/Attributes get (Ljava/lang/Object;)Ljava/lang/Object; 2 5490 orig 80 0 0 0 0 0 0 0 0 0 0 0 0 252 127 0 0 0 0 0 0 0 0 0 0 0 0 0 0 0 0 0 0 0 0 0 0 0 0 0 0 0 0 0 0 0 0 0 0 0 0 0 0 0 0 0 0 0 0 0 0 0 0 0 0 0 0 0 0 0 0 0 0 0 0 0 0 0 0 0 0 data 17 0x50005 0x0 0x0 0x211db706560 0x1473 0x0 0x0 0x0 0x0 0x0 0x0 0x0 0x0 0x9 0x2 0x0 0xffffffffffffffff oops 1 3 java/util/LinkedHashMap methods 0
ciMethodData java/util/jar/JarFile isMultiRelease ()Z 2 26225 orig 80 0 0 0 0 0 0 0 0 0 0 0 0 252 127 0 0 0 0 0 0 0 0 0 0 0 0 0 0 0 0 0 0 0 0 0 0 0 0 0 0 0 0 0 0 0 0 0 0 0 0 0 0 0 0 0 0 0 0 0 0 0 0 0 0 0 0 0 0 0 0 0 0 0 0 0 0 0 0 0 0 data 27 0x40007 0x5e15 0x20 0x6dc 0xc0007 0x0 0x70 0x5e16 0x100005 0x5e16 0x0 0x0 0x0 0x0 0x0 0x130003 0x5e18 0x18 0x0 0x0 0x0 0x0 0x0 0x0 0x9 0x1 0xffffffffffffffff oops 0 methods 0
ciMethodData java/util/jar/JarFile checkForSpecialAttributes ()V 2 20734 orig 80 2 0 0 0 0 0 0 0 0 0 0 0 252 127 0 0 0 0 0 0 0 0 0 0 0 0 0 0 0 0 0 0 0 0 0 0 0 0 0 1 0 0 0 0 0 0 0 0 0 0 0 0 0 0 0 0 0 0 0 0 0 0 0 0 0 0 0 0 0 0 0 0 0 0 0 0 0 0 0 0 data 93 0x40007 0xec 0x20 0x4e8f 0x100007 0xec 0x20 0x0 0x170005 0xec 0x0 0x0 0x0 0x0 0x0 0x80000006001c0007 0x1 0x1f0 0xec 0x210005 0xec 0x0 0x0 0x0 0x0 0x0 0x310005 0xec 0x0 0x0 0x0 0x0 0x0 0x350007 0xe9 0x38 0x5 0x390003 0x5 0x18 0x430007 0x0 0x128 0xee 0x510005 0xee 0x0 0x0 0x0 0x0 0x0 0x590007 0xe1 0xd0 0xd 0x670002 0xd 0x770002 0xd 0x7a0002 0xd 0x7f0005 0x0 0x0 0x211d9db32d0 0xd 0x0 0x0 0x880005 0x0 0x0 0x211d9db32d0 0xd 0x0 0x0 0x8b0002 0xd 0x980003 0xef 0x18 0x0 0x0 0x0 0x0 0x0 0x0 0x0 0x0 0x0 0x0 0x9 0x1 0x0 oops 2 64 java/util/jar/Attributes 71 java/util/jar/Attributes methods 0
ciMethodData java/util/jar/JarFile getManEntry ()Ljava/util/jar/JarEntry; 1 466 orig 80 0 0 0 0 0 0 0 0 0 0 0 0 252 127 0 0 0 0 0 0 0 0 0 0 0 0 0 0 0 0 0 0 0 0 0 0 0 0 0 0 0 0 0 0 0 0 0 0 0 0 0 0 0 0 0 0 0 0 0 0 0 0 0 0 0 0 0 0 0 0 0 0 0 0 0 0 0 0 0 0 data 33 0x40007 0x4d 0xc0 0x183 0xc0005 0x0 0x0 0x211d9db7d10 0x183 0x0 0x0 0x130007 0x1 0x68 0x182 0x190002 0x182 0x1c0004 0x0 0x0 0x211db456e00 0x182 0x0 0x0 0x0 0x0 0x0 0x0 0x0 0x0 0x9 0x1 0xffffffffffffffff oops 2 7 java/util/zip/ZipFile$1 20 java/util/jar/JarFile$JarFileEntry methods 0
ciMethodData java/util/jar/JarFile getBytes (Ljava/util/zip/ZipEntry;)[B 1 394 orig 80 0 0 0 0 0 0 0 0 0 0 0 0 252 127 0 0 0 0 0 0 0 0 0 0 0 0 0 0 0 0 0 0 0 0 0 0 0 0 0 0 0 0 0 0 0 0 0 0 0 0 0 0 0 0 0 0 0 0 0 0 0 0 0 0 0 0 0 0 0 0 0 0 0 0 0 0 0 0 0 0 data 194 0x20002 0x189 0x70005 0x0 0x0 0x211db456e00 0x189 0x0 0x0 0x110007 0x189 0x238 0x0 0x1c0002 0x0 0x220005 0x0 0x0 0x0 0x0 0x0 0x0 0x260005 0x0 0x0 0x0 0x0 0x0 0x0 0x2c0005 0x0 0x0 0x0 0x0 0x0 0x0 0x300005 0x0 0x0 0x0 0x0 0x0 0x0 0x330005 0x0 0x0 0x0 0x0 0x0 0x0 0x390005 0x0 0x0 0x0 0x0 0x0 0x0 0x3f0005 0x0 0x0 0x0 0x0 0x0 0x0 0x450005 0x0 0x0 0x0 0x0 0x0 0x0 0x480005 0x0 0x0 0x0 0x0 0x0 0x0 0x4b0002 0x0 0x560007 0x0 0x90 0x189 0x5e0007 0xb 0x70 0x17e 0x6d0005 0x0 0x0 0x211dad0d8f0 0x17e 0x0 0x0 0x720003 0x17e 0x50 0x760005 0x0 0x0 0x211dad0d8f0 0xb 0x0 0x0 0x830007 0x0 0x178 0x189 0x8a0007 0x189 0x158 0x0 0x950002 0x0 0x9b0005 0x0 0x0 0x0 0x0 0x0 0x0 0xa00005 0x0 0x0 0x0 0x0 0x0 0x0 0xa60005 0x0 0x0 0x0 0x0 0x0 0x0 0xab0005 0x0 0x0 0x0 0x0 0x0 0x0 0xae0005 0x0 0x0 0x0 0x0 0x0 0x0 0xb10002 0x0 0xba0007 0x0 0x58 0x189 0xbe0005 0x0 0x0 0x211dad0d8f0 0x189 0x0 0x0 0xc60007 0x0 0xa8 0x0 0xca0005 0x0 0x0 0x0 0x0 0x0 0x0 0xcd0003 0x0 0x50 0xd50005 0x0 0x0 0x0 0x0 0x0 0x0 0x0 0x0 0x0 0x0 0x0 0x0 0x9 0x2 0x0 0x0 oops 4 5 java/util/jar/JarFile$JarFileEntry 91 java/util/zip/ZipFile$ZipFileInflaterInputStream 101 java/util/zip/ZipFile$ZipFileInflaterInputStream 159 java/util/zip/ZipFile$ZipFileInflaterInputStream methods 0
ciMethodData java/util/jar/JarFile match ([B[B[B[B)I 2 59526 orig 80 0 0 0 0 0 0 0 0 0 0 0 0 252 127 0 0 0 0 0 0 0 0 0 0 0 0 0 0 0 0 0 0 0 0 2 0 0 0 0 0 0 0 0 0 0 0 0 0 0 0 0 0 0 0 0 0 0 0 0 0 0 0 0 0 0 0 0 0 0 0 0 0 0 0 0 0 0 0 0 0 data 48 0x120007 0x31 0x118 0xd947 0x1d0007 0x1 0xf8 0xe846 0x2d0007 0xdeb 0xa8 0xda5b 0x340007 0x0 0x88 0xda5b 0x3b0007 0x2c97 0x20 0xadc4 0x4c0007 0xf00 0x60 0xcb5b 0x660002 0xcb5b 0x6c0003 0xcb5b 0xffffffffffffff30 0x760003 0xdeb 0xffffffffffffff18 0x7c0003 0xf00 0xffffffffffffff20 0x0 0x0 0x0 0x0 0x0 0x0 0x9 0x5 0x0 0x0 0x0 0x0 0x0 oops 0 methods 0
ciMethodData java/util/jar/Attributes <init> ()V 1 75 orig 80 0 0 0 0 0 0 0 0 0 0 0 0 252 127 0 0 0 0 0 0 0 0 0 0 0 0 0 0 0 0 0 0 0 0 0 0 0 0 0 0 0 0 0 0 0 0 0 0 0 0 0 0 0 0 0 0 0 0 0 0 0 0 0 0 0 0 0 0 0 0 0 0 0 0 0 0 0 0 0 0 data 7 0x30002 0x4a 0x0 0x0 0x9 0x1 0x0 oops 0 methods 0
ciMethodData java/util/jar/Attributes <init> (I)V 2 5235 orig 80 0 0 0 0 0 0 0 0 0 0 0 0 252 127 0 0 0 0 0 0 0 0 0 0 0 0 0 0 0 0 0 0 0 0 0 0 0 0 0 0 0 0 0 0 0 0 0 0 0 0 0 0 0 0 0 0 0 0 0 0 0 0 0 0 0 0 0 0 0 0 0 0 0 0 0 0 0 0 0 0 data 12 0x10002 0x1472 0xa0002 0x1472 0x0 0x0 0x0 0x0 0x9 0x2 0x0 0x0 oops 0 methods 0
ciMethodData java/util/LinkedHashMap <init> (I)V 2 5239 orig 80 0 0 0 0 0 0 0 0 0 0 0 0 252 127 0 0 0 0 0 0 0 0 0 0 0 0 0 0 0 0 0 0 0 0 0 0 0 0 0 0 0 0 0 0 0 0 0 0 0 0 0 0 0 0 0 0 0 0 0 0 0 0 0 0 0 0 0 0 0 0 0 0 0 0 0 0 0 0 0 0 data 10 0x20002 0x1476 0x0 0x0 0x0 0x0 0x9 0x2 0x78 0x0 oops 0 methods 0
ciMethodData java/util/HashMap <init> (I)V 2 5373 orig 80 0 0 0 0 0 0 0 0 0 0 0 0 252 127 0 0 0 0 0 0 0 0 0 0 0 0 0 0 0 0 0 0 0 0 0 0 0 0 0 0 0 0 0 0 0 0 0 0 0 0 0 0 0 0 0 0 0 0 0 0 0 0 0 0 0 0 0 0 0 0 0 0 0 0 0 0 0 0 0 0 data 9 0x40002 0x14f6 0x0 0x0 0x0 0x9 0x2 0x18 0x0 oops 0 methods 0
ciMethodData java/util/HashMap <init> (IF)V 2 7177 orig 80 0 0 0 0 0 0 0 0 0 0 0 0 252 127 0 0 0 0 0 0 0 0 0 0 0 0 0 0 0 0 0 0 0 0 0 0 0 0 0 0 0 0 0 0 0 0 0 0 0 0 0 0 0 0 0 0 0 0 0 0 0 0 0 0 0 0 0 0 0 0 0 0 0 0 0 0 0 0 0 0 data 83 0x10002 0x1c01 0x50007 0x1c01 0xe8 0x0 0x100002 0x0 0x150005 0x0 0x0 0x0 0x0 0x0 0x0 0x190005 0x0 0x0 0x0 0x0 0x0 0x0 0x1c0005 0x0 0x0 0x0 0x0 0x0 0x0 0x1f0002 0x0 0x260007 0x1c00 0x20 0x0 0x2f0007 0x0 0x50 0x1c00 0x330002 0x1c01 0x360007 0x1c03 0xe8 0x0 0x410002 0x0 0x460005 0x0 0x0 0x0 0x0 0x0 0x0 0x4a0005 0x0 0x0 0x0 0x0 0x0 0x0 0x4d0005 0x0 0x0 0x0 0x0 0x0 0x0 0x500002 0x0 0x5b0002 0x1c01 0x0 0x0 0x0 0x0 0x0 0x0 0x9 0x3 0x18 0x0 0x0 oops 0 methods 0
ciMethodData java/util/jar/Manifest$FastInputStream <init> (Ljava/io/InputStream;)V 1 91 orig 80 0 0 0 0 0 0 0 0 0 0 0 0 252 127 0 0 0 0 0 0 0 0 0 0 0 0 0 0 0 0 0 0 0 0 0 0 0 0 0 0 0 0 0 0 0 0 0 0 0 0 0 0 0 0 0 0 0 0 0 0 0 0 0 0 0 0 0 0 0 0 0 0 0 0 0 0 0 0 0 0 data 8 0x50002 0x5a 0x0 0x0 0x9 0x2 0x0 0x0 oops 0 methods 0
ciMethodData java/util/jar/Manifest$FastInputStream <init> (Ljava/io/InputStream;I)V 1 91 orig 80 0 0 0 0 0 0 0 0 0 0 0 0 252 127 0 0 0 0 0 0 0 0 0 0 0 0 0 0 0 0 0 0 0 0 0 0 0 0 0 0 0 0 0 0 0 0 0 0 0 0 0 0 0 0 0 0 0 0 0 0 0 0 0 0 0 0 0 0 0 0 0 0 0 0 0 0 0 0 0 0 data 11 0x20002 0x5a 0x0 0x0 0x0 0x0 0x9 0x3 0x0 0x0 0x0 oops 0 methods 0
ciMethodData java/io/FilterInputStream <init> (Ljava/io/InputStream;)V 2 5591 orig 80 0 0 0 0 0 0 0 0 0 0 0 0 252 127 0 0 0 0 0 0 0 0 0 0 0 0 0 0 0 0 0 0 0 0 0 0 0 0 0 0 0 0 0 0 0 0 0 0 0 0 0 0 0 0 0 0 0 0 0 0 0 0 0 0 0 0 0 0 0 0 0 0 0 0 0 0 0 0 0 0 data 10 0x10002 0x1511 0x0 0x0 0x0 0x0 0x9 0x2 0x6 0x0 oops 0 methods 0
ciMethodData java/util/jar/Attributes read (Ljava/util/jar/Manifest$FastInputStream;[B)V 1 25 orig 80 0 0 0 0 0 0 0 0 0 0 0 0 252 127 0 0 0 0 0 0 0 0 0 0 0 0 0 0 0 0 0 0 0 0 0 0 0 0 0 0 0 0 0 0 0 0 0 0 0 0 0 0 0 0 0 0 0 0 0 0 0 0 0 0 0 0 0 0 0 0 0 0 0 0 0 0 0 0 0 0 data 18 0x50005 0x0 0x0 0x211d9db32d0 0x19 0x0 0x0 0x0 0x0 0x0 0x0 0x0 0x0 0x9 0x3 0xffffffffffffffff 0xffffffffffffffff 0xffffffffffffffff oops 1 3 java/util/jar/Attributes methods 0
ciMethodData java/lang/Boolean parseBoolean (Ljava/lang/String;)Z 1 75 orig 80 0 0 0 0 0 0 0 0 0 0 0 0 252 127 0 0 0 0 0 0 0 0 0 0 0 0 0 0 0 0 0 0 0 0 0 0 0 0 0 0 0 0 0 0 0 0 0 0 0 0 0 0 0 0 0 0 0 0 0 0 0 0 0 0 0 0 0 0 0 0 0 0 0 0 0 0 0 0 0 0 data 16 0x30005 0x3d 0x0 0x0 0x0 0x0 0x0 0x0 0x0 0x0 0x0 0x0 0x0 0x9 0x1 0xffffffffffffffff oops 0 methods 0
ciMethod java/net/JarURLConnection getJarFileURL ()Ljava/net/URL; 80 0 40 0 -1
ciMethod java/net/URLConnection getPermission ()Ljava/security/Permission; 0 0 1 0 -1
ciMethodData java/util/AbstractMap <init> ()V 2 9873 orig 80 0 0 0 0 0 0 0 0 0 0 0 0 252 127 0 0 0 0 0 0 0 0 0 0 0 0 0 0 0 0 0 0 0 0 0 0 0 0 0 0 0 0 0 0 0 0 0 0 0 0 0 0 0 0 0 0 0 0 0 0 0 0 0 0 0 0 0 0 0 0 0 0 0 0 0 0 0 0 0 0 data 7 0x10002 0x2510 0x0 0x0 0x9 0x1 0x0 oops 0 methods 0
ciMethodData java/util/zip/ZipFile getEntry (Ljava/lang/String;)Ljava/util/zip/ZipEntry; 2 28518 orig 80 2 0 0 0 0 0 0 0 0 0 0 0 252 127 0 0 0 0 0 0 0 0 0 0 0 0 0 0 0 0 0 0 0 0 0 0 0 0 0 0 0 0 0 0 0 0 0 0 0 0 0 0 0 0 0 0 0 0 0 0 0 0 0 0 0 0 0 0 0 0 0 0 0 0 0 0 0 0 0 0 data 40 0x30002 0x6e64 0xe0005 0x6e6b 0x0 0x0 0x0 0x0 0x0 0x1a0005 0x6e65 0x0 0x0 0x0 0x0 0x0 0x220007 0x67c8 0x58 0x68e 0x290005 0x68e 0x0 0x0 0x0 0x0 0x0 0x2f0003 0x6e6c 0x18 0x0 0x0 0x0 0x0 0x0 0x0 0x9 0x2 0xffffffffffffffff 0xffffffffffffffff oops 0 methods 0
ciMethodData java/util/zip/ZipFile$Source getEntryPos (Ljava/lang/String;Z)I 2 21751 orig 80 1 0 0 0 0 0 0 0 0 0 0 0 252 127 0 0 0 0 0 0 0 0 0 0 0 0 0 0 0 0 0 0 0 0 0 0 0 0 0 0 0 0 0 0 0 0 0 0 0 0 0 0 0 0 0 0 0 0 0 0 0 0 0 0 0 0 0 0 0 0 0 0 0 0 0 0 0 0 0 0 data 127 0x40007 0x2bb2 0x20 0x0 0xa0002 0x2bb2 0x240007 0x27c0 0x370 0x57c1 0x2a0005 0x57c1 0x0 0x0 0x0 0x0 0x0 0x2e0007 0x53dd 0x2c8 0x3e4 0x340005 0x3e4 0x0 0x0 0x0 0x0 0x0 0x3c0005 0x3e4 0x0 0x0 0x0 0x0 0x0 0x520002 0x3e4 0x550005 0x0 0x0 0x211dce9cfa0 0x3e4 0x0 0x0 0x5c0005 0x3e4 0x0 0x0 0x0 0x0 0x0 0x620005 0x3e4 0x0 0x0 0x0 0x0 0x0 0x6b0007 0x0 0x78 0x3e4 0x710005 0x3e4 0x0 0x0 0x0 0x0 0x0 0x740007 0x0 0x20 0x3e4 0x7b0007 0x0 0xf0 0x0 0x840007 0x0 0xd0 0x0 0x8a0005 0x0 0x0 0x0 0x0 0x0 0x0 0x8d0007 0x0 0x78 0x0 0x960005 0x0 0x0 0x0 0x0 0x0 0x0 0x9b0007 0x0 0x20 0x0 0xa20003 0x0 0x18 0xaa0005 0x53d8 0x0 0x0 0x0 0x0 0x0 0xaf0003 0x53db 0xfffffffffffffca8 0x0 0x0 0x0 0x0 0x0 0x0 0x9 0x3 0x0 0x0 0x0 oops 1 40 java/util/zip/ZipCoder$UTF8ZipCoder methods 0
ciMethodData java/util/zip/ZipFile getZipEntry (Ljava/lang/String;I)Ljava/util/zip/ZipEntry; 2 29264 orig 80 0 0 0 0 0 0 0 0 0 0 0 0 252 127 0 0 0 0 0 0 0 0 0 0 0 0 0 0 0 0 0 0 0 0 0 0 0 0 0 1 0 0 0 0 0 0 0 0 0 0 0 0 0 0 0 0 0 0 0 0 0 0 0 0 0 0 0 0 0 0 0 0 0 0 0 0 0 0 0 0 data 174 0xd0002 0x7156 0x140002 0x7155 0x1b0002 0x7155 0x280005 0x7155 0x0 0x0 0x0 0x0 0x0 0x2e0007 0x6ccb 0x218 0x48a 0x330007 0x0 0x230 0x48a 0x370005 0x48a 0x0 0x0 0x0 0x0 0x0 0x3a0007 0x0 0x1d8 0x48a 0x470005 0x0 0x0 0x211dce9cfa0 0x48a 0x0 0x0 0x4a0007 0x48b 0x180 0x0 0x510005 0x0 0x0 0x0 0x0 0x0 0x0 0x540007 0x0 0x128 0x0 0x5b0002 0x0 0x5f0005 0x0 0x0 0x0 0x0 0x0 0x0 0x640005 0x0 0x0 0x0 0x0 0x0 0x0 0x670005 0x0 0x0 0x0 0x0 0x0 0x0 0x6b0003 0x0 0x50 0x770005 0x0 0x0 0x211dce9cfa0 0x6ccb 0x0 0x0 0x7c0004 0xffffffffffff9335 0x0 0x211da98ca50 0x485 0x211dce9d050 0x6 0x80000006007f0007 0x6ccc 0xa8 0x48b 0x860004 0x0 0x0 0x211da98ca50 0x485 0x211dce9d050 0x6 0x8a0005 0x0 0x0 0x211dce9d100 0x48b 0x0 0x0 0x910003 0x48b 0x28 0x990002 0x6ccc 0xa20002 0x7157 0xac0002 0x7157 0xb60002 0x7157 0xc00002 0x7157 0xca0002 0x7156 0xd40002 0x7157 0xdc0002 0x7157 0xe00007 0x7122 0x30 0x35 0xe70002 0x35 0xf30007 0x439 0x68 0x6d1d 0x1090002 0x6d1d 0x10e0005 0x0 0x0 0x211db456e00 0x53 0x211db456b30 0x6cca 0x1130007 0x7157 0x58 0x0 0x12b0005 0x0 0x0 0x0 0x0 0x0 0x0 0x0 0x0 0x0 0x0 0x0 0x0 0x0 0x0 0x9 0x3 0x0 0x0 0x0 oops 9 35 java/util/zip/ZipCoder$UTF8ZipCoder 83 java/util/zip/ZipCoder$UTF8ZipCoder 90 java/util/jar/JarFile 92 sun/net/www/protocol/jar/URLJarFile 101 java/util/jar/JarFile 103 sun/net/www/protocol/jar/URLJarFile 108 java/util/jar/JavaUtilJarAccessImpl 146 java/util/jar/JarFile$JarFileEntry 148 java/util/zip/ZipEntry methods 0
ciMethodData java/util/zip/ZipFile getInputStream (Ljava/util/zip/ZipEntry;)Ljava/io/InputStream; 2 5456 orig 80 0 0 0 0 0 0 0 0 0 0 0 0 252 127 0 0 0 0 0 0 0 0 0 0 0 0 0 0 0 0 0 0 0 0 0 0 0 0 0 0 0 0 0 0 0 0 0 0 0 0 0 0 0 0 0 0 0 0 0 0 0 0 0 0 0 0 0 0 0 0 0 0 0 0 0 0 0 0 0 0 data 93 0x30002 0x1421 0x1f0005 0x1425 0x0 0x0 0x0 0x0 0x0 0x2a0002 0x1426 0x2d0007 0x49 0x38 0x13dc 0x350003 0x13dd 0x50 0x3f0005 0x49 0x0 0x0 0x0 0x0 0x0 0x450007 0x1425 0x20 0x0 0x580002 0x1427 0x620002 0x1425 0x650008 0x6 0x0 0x140 0x0 0x40 0x1420 0x90 0x890005 0x0 0x0 0x0 0x0 0x0 0x0 0x920003 0x0 0x18 0xa80002 0x1420 0xb70007 0x13cb 0x20 0x57 0xc30007 0x1420 0x20 0x0 0xd80002 0x1421 0xe70005 0x0 0x0 0x211da4f5de0 0x1428 0x0 0x0 0xf00003 0x1427 0x18 0x1070002 0x0 0x0 0x0 0x0 0x0 0x0 0x0 0x0 0x0 0x0 0x0 0x0 0x0 0x0 0x0 0x9 0x2 0x0 0x0 oops 1 66 java/util/Collections$SetFromMap methods 0
ciMethodData java/lang/Throwable addSuppressed (Ljava/lang/Throwable;)V 1 4 orig 80 0 0 0 0 0 0 0 0 0 0 0 0 252 127 0 0 0 0 0 0 0 0 0 0 0 0 0 0 0 0 0 0 0 0 0 0 0 0 0 0 0 0 0 0 0 0 0 0 0 0 0 0 0 0 0 0 0 0 0 0 0 0 0 0 0 0 0 0 0 0 0 0 0 0 0 0 0 0 0 0 data 35 0x20007 0x4 0x30 0x0 0xd0002 0x0 0x140002 0x4 0x1c0007 0x4 0x20 0x0 0x270007 0x2 0x30 0x2 0x300002 0x2 0x3b0005 0x0 0x0 0x211939f7c80 0x4 0x0 0x0 0x0 0x0 0x0 0x0 0x0 0x0 0x9 0x2 0x10 0x0 oops 1 21 java/util/ArrayList methods 0
ciMethodData java/net/URL <init> (Ljava/net/URL;Ljava/lang/String;Ljava/net/URLStreamHandler;)V 2 27674 orig 80 1 0 0 0 0 0 0 0 0 0 0 0 252 127 0 0 0 0 0 0 0 0 0 0 0 0 0 0 0 0 0 0 0 0 0 0 0 0 0 0 0 0 0 0 0 0 0 0 0 0 0 0 0 0 0 0 0 0 0 0 0 0 0 0 0 0 0 0 0 0 0 0 0 0 0 0 0 0 0 0 data 332 0x10002 0x172a 0x1e0007 0x172a 0x88 0x0 0x210002 0x0 0x280007 0x0 0x58 0x0 0x2e0005 0x0 0x0 0x0 0x0 0x0 0x0 0x320005 0x172a 0x0 0x0 0x0 0x0 0x0 0x390007 0x0 0x90 0x172b 0x410005 0x172b 0x0 0x0 0x0 0x0 0x0 0x460007 0x172b 0x38 0x0 0x4c0003 0x0 0xffffffffffffff88 0x530007 0x0 0x90 0x172a 0x590005 0x172b 0x0 0x0 0x0 0x0 0x0 0x5e0007 0x172b 0x38 0x0 0x640003 0x0 0xffffffffffffff88 0x6f0005 0x172b 0x0 0x0 0x0 0x0 0x0 0x720007 0x1729 0x20 0x0 0x7b0005 0x172a 0x0 0x0 0x0 0x0 0x0 0x7e0007 0x0 0x78 0x172d 0x840005 0x172a 0x0 0x0 0x0 0x0 0x0 0x890007 0x172a 0x20 0x0 0x950007 0x0 0x188 0x7c0d 0x9c0007 0x17 0x168 0x7bf6 0xa20005 0x7bfa 0x0 0x0 0x0 0x0 0x0 0xaa0007 0x13d9 0x110 0x681f 0xb10007 0x64e4 0xd8 0x33d 0xb90005 0x33d 0x0 0x0 0x0 0x0 0x0 0xbc0002 0x33d 0xc40005 0x33d 0x0 0x0 0x0 0x0 0x0 0xc70007 0x0 0x50 0x33d 0xd40003 0x33d 0x30 0xda0003 0x64e3 0xfffffffffffffe90 0xe40007 0x33d 0x150 0x13ed 0xe90007 0x13ed 0x78 0x0 0xf20005 0x0 0x0 0x0 0x0 0x0 0x0 0xf50007 0x0 0xd8 0x0 0xf90007 0x0 0x20 0x13ec 0x1050007 0x0 0x78 0x13ef 0x10e0005 0x13f0 0x0 0x0 0x0 0x0 0x0 0x1110007 0x13db 0x20 0x14 0x1190007 0x0 0x20 0x13f0 0x15b0007 0x172d 0xe8 0x0 0x1660002 0x0 0x16b0005 0x0 0x0 0x0 0x0 0x0 0x0 0x1700005 0x0 0x0 0x0 0x0 0x0 0x0 0x1730005 0x0 0x0 0x0 0x0 0x0 0x0 0x1760002 0x0 0x17b0007 0x13ec 0x118 0x33d 0x1820002 0x33d 0x1870007 0x33d 0xe8 0x0 0x1920002 0x0 0x1970005 0x0 0x0 0x0 0x0 0x0 0x0 0x19e0005 0x0 0x0 0x0 0x0 0x0 0x0 0x1a10005 0x0 0x0 0x0 0x0 0x0 0x0 0x1a40002 0x0 0x1b20005 0x172a 0x0 0x0 0x0 0x0 0x0 0x1b90007 0x172c 0x58 0x0 0x1c40005 0x0 0x0 0x0 0x0 0x0 0x0 0x1d00007 0x33d 0x60 0x13ec 0x1d70007 0x13ed 0x40 0x0 0x1e60007 0x0 0x20 0x0 0x1f80005 0x180 0x0 0x211da4f8360 0x13da 0x211da4f8410 0x1d0 0x1fb0003 0x1725 0x98 0x20b0005 0x0 0x0 0x0 0x0 0x0 0x0 0x20e0002 0x0 0x2170005 0x0 0x0 0x0 0x0 0x0 0x0 0x0 0x0 0x0 0x0 0x0 0x0 0x0 0x0 0x0 0x0 0x0 0x0 0x0 0x0 0x0 0x0 0x0 0x0 0x0 0x0 0x9 0x4 0x0 0x0 0x0 0x0 oops 2 283 sun/net/www/protocol/jar/Handler 285 sun/net/www/protocol/file/Handler methods 0
ciMethodData jdk/internal/loader/URLClassPath$JarLoader ensureOpen ()V 2 9116 orig 80 0 0 0 0 0 0 0 0 0 0 0 0 252 127 0 0 0 0 0 0 0 0 0 0 0 0 0 0 0 0 0 0 0 0 0 0 0 0 0 0 0 0 0 0 0 0 0 0 0 0 0 0 0 0 0 0 0 0 0 0 0 0 0 0 0 0 0 0 0 0 0 0 0 0 0 0 0 0 0 0 data 34 0x40007 0x219b 0xc8 0x7c 0xc0002 0x7c 0x130002 0x7c 0x170003 0x7a 0x88 0x1c0005 0x0 0x0 0x0 0x0 0x0 0x0 0x1f0004 0x0 0x0 0x211da992380 0x2 0x0 0x0 0x0 0x0 0x0 0x0 0x0 0x0 0x9 0x1 0x0 oops 1 21 java/io/FileNotFoundException methods 0
ciMethodData jdk/internal/loader/URLClassPath$JarLoader$1 <init> (Ljdk/internal/loader/URLClassPath$JarLoader;)V 1 127 orig 80 0 0 0 0 0 0 0 0 0 0 0 0 252 127 0 0 0 0 0 0 0 0 0 0 0 0 0 0 0 0 0 0 0 0 0 0 0 0 0 0 0 0 0 0 0 0 0 0 0 0 0 0 0 0 0 0 0 0 0 0 0 0 0 0 0 0 0 0 0 0 0 0 0 0 0 0 0 0 0 0 data 10 0x60002 0x7c 0x0 0x0 0x0 0x0 0x9 0x2 0x6 0x0 oops 0 methods 0
ciMethodData java/security/AccessController doPrivileged (Ljava/security/PrivilegedExceptionAction;Ljava/security/AccessControlContext;)Ljava/lang/Object; 2 15128 orig 80 2 0 0 0 0 0 0 0 0 0 0 0 252 127 0 0 0 0 0 0 0 0 0 0 0 0 0 0 0 0 0 0 0 0 0 0 0 0 0 0 0 0 0 0 0 0 0 0 0 0 0 0 0 0 0 0 0 0 0 0 0 0 0 0 0 0 0 0 0 0 0 0 0 0 0 0 0 0 0 0 data 18 0x2 0x2e22 0x60002 0x2e22 0xd0002 0x2e23 0x160002 0x7 0x0 0x0 0x0 0x0 0x0 0x0 0x9 0x2 0xffffffffffffffff 0x0 oops 0 methods 0
ciMethodData java/util/jar/JarFile getEntry (Ljava/lang/String;)Ljava/util/zip/ZipEntry; 2 24893 orig 80 2 0 0 0 0 0 0 0 0 0 0 0 252 127 0 0 0 0 0 0 0 0 0 0 0 0 0 0 0 0 0 0 0 0 0 0 0 0 0 0 0 0 0 0 0 0 0 0 0 0 0 0 0 0 0 0 0 0 0 0 0 0 0 0 0 0 0 0 0 0 0 0 0 0 0 0 0 0 0 0 data 43 0x10005 0x5fb8 0x0 0x0 0x0 0x0 0x0 0x40007 0x58d2 0xc0 0x6ea 0xa0005 0x6ea 0x0 0x0 0x0 0x0 0x0 0xf0007 0x0 0x68 0x6eb 0x140002 0x6eb 0x170104 0x0 0x0 0x0 0x0 0x0 0x0 0x1f0002 0x58d2 0x0 0x0 0x0 0x0 0x0 0x0 0x9 0x2 0xffffffffffffffff 0xffffffffffffffff oops 0 methods 0
ciMethodData java/util/jar/JarFile getVersionedEntry (Ljava/lang/String;Ljava/util/jar/JarEntry;)Ljava/util/jar/JarEntry; 2 2714 orig 80 0 0 0 0 0 0 0 0 0 0 0 0 252 127 0 0 0 0 0 0 0 0 0 0 0 0 0 0 0 0 0 0 0 0 0 0 0 0 0 1 0 0 0 0 0 0 0 0 0 0 0 0 0 0 0 0 0 0 0 0 0 0 0 0 0 0 0 0 0 0 0 0 0 0 0 0 0 0 0 0 data 115 0x30005 0x6ea 0x0 0x0 0x0 0x0 0x0 0x60007 0xd 0x308 0x6dd 0xd0005 0x0 0x0 0x211d9db7d10 0x6dd 0x0 0x0 0x1a0007 0x0 0x2b0 0x6dd 0x1f0007 0x0 0x290 0x6dc 0x2a0007 0x6de 0x270 0xa99 0x8000000600390007 0xa7d 0x38 0x1c 0x3c0003 0x1c 0x218 0x440007 0xa7d 0x38 0x0 0x470003 0x0 0x1f8 0x4f0002 0xa7e 0x540005 0xa7e 0x0 0x0 0x0 0x0 0x0 0x590005 0xa7e 0x0 0x0 0x0 0x0 0x0 0x5f0005 0xa7e 0x0 0x0 0x0 0x0 0x0 0x630005 0xa7d 0x0 0x0 0x0 0x0 0x0 0x660005 0xa7e 0x0 0x0 0x0 0x0 0x0 0x690002 0xa7e 0x6c0104 0x0 0x0 0x0 0x0 0x0 0x0 0x730007 0xa7e 0x58 0x0 0x790005 0x0 0x0 0x0 0x0 0x0 0x0 0x800003 0xa9a 0xfffffffffffffda8 0x0 0x0 0x0 0x0 0x0 0x0 0x9 0x3 0x0 0x0 0x0 oops 1 14 java/util/zip/ZipFile$1 methods 0
ciMethodData java/lang/Float isNaN (F)Z 2 7785 orig 80 0 0 0 0 0 0 0 0 0 0 0 0 252 127 0 0 0 0 0 0 0 0 0 0 0 0 0 0 0 0 0 0 0 0 0 0 0 0 0 0 0 0 0 0 0 0 0 0 0 0 0 0 0 0 0 0 0 0 0 0 0 0 0 0 0 0 0 0 0 0 0 0 0 0 0 0 0 0 0 0 data 11 0x30007 0x1c6a 0x38 0x0 0x70003 0x0 0x18 0x0 0x9 0x1 0x0 oops 0 methods 0
ciMethodData java/util/HashMap tableSizeFor (I)I 2 7215 orig 80 0 0 0 0 0 0 0 0 0 0 0 0 252 127 0 0 0 0 0 0 0 0 0 0 0 0 0 0 0 0 0 0 0 0 0 0 0 0 0 0 0 0 0 0 0 0 0 0 0 0 0 0 0 0 0 0 0 0 0 0 0 0 0 0 0 0 0 0 0 0 0 0 0 0 0 0 0 0 0 0 data 25 0x40002 0x1a30 0xa0007 0x1a2b 0x38 0x6 0xe0003 0x6 0x50 0x140007 0x1a2b 0x38 0x0 0x190003 0x0 0x18 0x0 0x0 0x0 0x0 0x0 0x0 0x9 0x1 0x0 oops 0 methods 0
ciMethodData java/net/URL <init> (Ljava/net/URL;Ljava/lang/String;)V 2 1432 orig 80 0 0 0 0 0 0 0 0 0 0 0 0 252 127 0 0 0 0 0 0 0 0 0 0 0 0 0 0 0 0 0 0 0 0 0 0 0 0 0 0 0 0 0 0 0 0 0 0 0 0 0 0 0 0 0 0 0 0 0 0 0 0 0 0 0 0 0 0 0 0 0 0 0 0 0 0 0 0 0 0 data 9 0x40002 0x418 0x0 0x0 0x9 0x3 0x0 0x0 0x0 oops 0 methods 0
ciMethodData sun/net/www/ParseUtil encodePath (Ljava/lang/String;Z)Ljava/lang/String; 2 5653 orig 80 0 0 0 0 0 0 0 0 0 0 0 0 252 127 0 0 0 0 0 0 0 0 0 0 0 0 0 0 0 0 0 0 0 0 0 0 0 0 0 0 0 0 0 0 0 0 0 0 0 0 0 0 0 0 0 0 0 0 0 0 0 0 0 0 0 0 0 0 0 0 0 0 0 0 0 0 0 0 0 0 data 28 0x10007 0x1494 0x50 0x0 0x90007 0x0 0x30 0x0 0x110002 0x0 0x160002 0x1494 0x1c0007 0x1494 0x30 0x0 0x230002 0x0 0x0 0x0 0x0 0x0 0x0 0x0 0x9 0x2 0xffffffffffffffff 0x0 oops 0 methods 0
ciMethodData jdk/internal/loader/URLClassPath$JarLoader checkResource (Ljava/lang/String;ZLjava/util/jar/JarEntry;)Ljdk/internal/loader/Resource; 2 1384 orig 80 0 0 0 0 0 0 0 0 0 0 0 0 252 127 0 0 0 0 0 0 0 0 0 0 0 0 0 0 0 0 0 0 0 0 0 0 0 0 0 0 0 0 0 0 0 0 0 0 0 0 0 0 0 0 0 0 0 0 0 0 0 0 0 0 0 0 0 0 0 0 0 0 0 0 0 0 0 0 0 0 data 55 0x40005 0x3e8 0x0 0x0 0x0 0x0 0x0 0x70007 0x3e8 0x70 0x0 0xb0005 0x0 0x0 0x0 0x0 0x0 0x0 0x100003 0x0 0x18 0x1b0005 0x0 0x0 0x211da98bd00 0x3e8 0x0 0x0 0x210002 0x3e8 0x240002 0x3e8 0x2a0007 0x3e1 0x30 0x4 0x2f0002 0x4 0x320003 0x3e6 0x18 0x4a0002 0x3e6 0x0 0x0 0x0 0x0 0x0 0x0 0x9 0x4 0x0 0x0 0x0 0x0 oops 1 24 jdk/internal/loader/URLClassPath$JarLoader methods 0
ciMethodData jdk/internal/loader/URLClassPath check (Ljava/net/URL;)V 1 47 orig 80 0 0 0 0 0 0 0 0 0 0 0 0 252 127 0 0 0 0 0 0 0 0 0 0 0 0 0 0 0 0 0 0 0 0 0 0 0 0 0 0 0 0 0 0 0 0 0 0 0 0 0 0 0 0 0 0 0 0 0 0 0 0 0 0 0 0 0 0 0 0 0 0 0 0 0 0 0 0 0 0 data 167 0x2 0x2e 0x50007 0x2e 0x4e0 0x0 0x90005 0x0 0x0 0x0 0x0 0x0 0x0 0xe0005 0x0 0x0 0x0 0x0 0x0 0x0 0x130007 0x0 0x450 0x0 0x180005 0x0 0x0 0x0 0x0 0x0 0x0 0x1b0003 0x0 0x3f8 0x210004 0x0 0x0 0x0 0x0 0x0 0x0 0x240007 0x0 0x138 0x0 0x280005 0x0 0x0 0x0 0x0 0x0 0x0 0x2e0005 0x0 0x0 0x0 0x0 0x0 0x0 0x320007 0x0 0xa8 0x0 0x370005 0x0 0x0 0x0 0x0 0x0 0x0 0x3a0005 0x0 0x0 0x0 0x0 0x0 0x0 0x3d0003 0x0 0x288 0x410004 0x0 0x0 0x0 0x0 0x0 0x0 0x440007 0x0 0x238 0x0 0x480005 0x0 0x0 0x0 0x0 0x0 0x0 0x4e0005 0x0 0x0 0x0 0x0 0x0 0x0 0x520007 0x0 0x1a8 0x0 0x590004 0x0 0x0 0x0 0x0 0x0 0x0 0x5c0007 0x0 0x90 0x0 0x600004 0x0 0x0 0x0 0x0 0x0 0x0 0x630005 0x0 0x0 0x0 0x0 0x0 0x0 0x6b0005 0x0 0x0 0x0 0x0 0x0 0x0 0x700005 0x0 0x0 0x0 0x0 0x0 0x0 0x730005 0x0 0x0 0x0 0x0 0x0 0x0 0x760003 0x0 0x18 0x0 0x0 0x0 0x0 0x0 0x0 0x9 0x1 0xffffffffffffffff oops 0 methods 0
ciMethodData jdk/internal/loader/URLClassPath$JarLoader$2 <init> (Ljdk/internal/loader/URLClassPath$JarLoader;Ljava/lang/String;Ljava/net/URL;Ljava/util/jar/JarEntry;)V 1 1383 orig 80 0 0 0 0 0 0 0 0 0 0 0 0 252 127 0 0 0 0 0 0 0 0 0 0 0 0 0 0 0 0 0 0 0 0 0 0 0 0 0 0 0 0 0 0 0 0 0 0 0 0 0 0 0 0 0 0 0 0 0 0 0 0 0 0 0 0 0 0 0 0 0 0 0 0 0 0 0 0 0 0 data 13 0x160002 0x3e8 0x0 0x0 0x0 0x0 0x9 0x5 0x1c 0x0 0x0 0x0 0x0 oops 0 methods 0
ciMethodData jdk/internal/loader/Resource <init> ()V 2 1386 orig 80 0 0 0 0 0 0 0 0 0 0 0 0 252 127 0 0 0 0 0 0 0 0 0 0 0 0 0 0 0 0 0 0 0 0 0 0 0 0 0 0 0 0 0 0 0 0 0 0 0 0 0 0 0 0 0 0 0 0 0 0 0 0 0 0 0 0 0 0 0 0 0 0 0 0 0 0 0 0 0 0 data 7 0x10002 0x3ea 0x0 0x0 0x9 0x1 0x0 oops 0 methods 0
ciMethodData java/util/jar/JarFile getJarEntry (Ljava/lang/String;)Ljava/util/jar/JarEntry; 2 25752 orig 80 0 0 0 0 0 0 0 0 0 0 0 0 252 127 0 0 0 0 0 0 0 0 0 0 0 0 0 0 0 0 0 0 0 0 0 0 0 0 0 0 0 0 0 0 0 0 0 0 0 0 0 0 0 0 0 0 0 0 0 0 0 0 0 0 0 0 0 0 0 0 0 0 0 0 0 0 0 0 0 0 data 24 0x20005 0x0 0x0 0x211da98ca50 0x6299 0x0 0x0 0x50104 0x0 0x0 0x211db456e00 0x3cd 0x0 0x0 0x0 0x0 0x0 0x0 0x0 0x0 0x9 0x2 0xffffffffffffffff 0xffffffffffffffff oops 2 3 java/util/jar/JarFile 10 java/util/jar/JarFile$JarFileEntry methods 0
ciMethodData jdk/internal/loader/URLClassPath$JarLoader getResource (Ljava/lang/String;Z)Ljdk/internal/loader/Resource; 2 25378 orig 80 2 0 0 0 4 0 0 0 0 0 0 0 252 127 0 0 0 0 0 0 0 0 0 0 0 0 0 0 0 0 0 0 0 0 0 0 0 0 0 5 0 0 0 0 0 0 0 0 0 0 0 0 0 0 0 0 0 0 0 0 0 0 0 0 0 0 0 0 0 0 0 0 0 0 0 0 0 0 0 0 data 54 0x10005 0x6123 0x0 0x0 0x0 0x0 0x0 0x40003 0x6123 0x28 0xd0002 0x0 0x160005 0x0 0x0 0x211da98ca50 0x6123 0x0 0x0 0x1b0007 0x5d5b 0x58 0x3c9 0x220005 0x0 0x0 0x211da98bd00 0x3c9 0x0 0x0 0x80000006002a0007 0x3d 0x20 0x5d23 0x330002 0x3d 0x3d0005 0x0 0x0 0x211da98bd00 0x3d 0x0 0x0 0x0 0x0 0x0 0x0 0x0 0x0 0x9 0x3 0x0 0xffffffffffffffff 0x0 oops 3 15 java/util/jar/JarFile 26 jdk/internal/loader/URLClassPath$JarLoader 39 jdk/internal/loader/URLClassPath$JarLoader methods 0
ciMethodData java/util/HashSet <init> ()V 1 396 orig 80 0 0 0 0 0 0 0 0 0 0 0 0 252 127 0 0 0 0 0 0 0 0 0 0 0 0 0 0 0 0 0 0 0 0 0 0 0 0 0 0 0 0 0 0 0 0 0 0 0 0 0 0 0 0 0 0 0 0 0 0 0 0 0 0 0 0 0 0 0 0 0 0 0 0 0 0 0 0 0 0 data 11 0x10002 0xbc 0x90002 0xbc 0x0 0x0 0x0 0x0 0x9 0x1 0x0 oops 0 methods 0
ciMethodData java/util/AbstractSet <init> ()V 2 8021 orig 80 0 0 0 0 0 0 0 0 0 0 0 0 252 127 0 0 0 0 0 0 0 0 0 0 0 0 0 0 0 0 0 0 0 0 0 0 0 0 0 0 0 0 0 0 0 0 0 0 0 0 0 0 0 0 0 0 0 0 0 0 0 0 0 0 0 0 0 0 0 0 0 0 0 0 0 0 0 0 0 0 data 7 0x10002 0x1e0c 0x0 0x0 0x9 0x1 0x0 oops 0 methods 0
ciMethodData java/util/HashMap <init> ()V 1 929 orig 80 0 0 0 0 0 0 0 0 0 0 0 0 252 127 0 0 0 0 0 0 0 0 0 0 0 0 0 0 0 0 0 0 0 0 0 0 0 0 0 0 0 0 0 0 0 0 0 0 0 0 0 0 0 0 0 0 0 0 0 0 0 0 0 0 0 0 0 0 0 0 0 0 0 0 0 0 0 0 0 0 data 9 0x10002 0x279 0x0 0x0 0x0 0x0 0x9 0x1 0x10 oops 0 methods 0
ciMethodData jdk/internal/loader/URLClassPath$JarLoader getResource (Ljava/lang/String;ZLjava/util/Set;)Ljdk/internal/loader/Resource; 1 61 orig 80 0 0 0 0 0 0 0 0 0 0 0 0 252 127 0 0 0 0 0 0 0 0 0 0 0 0 0 0 0 0 0 0 0 0 0 0 0 0 0 0 0 0 0 0 0 0 0 0 0 0 0 0 0 0 0 0 0 0 0 0 0 0 0 0 0 0 0 0 0 0 0 0 0 0 0 0 0 0 0 0 data 256 0xb0005 0x0 0x0 0x211da98f010 0x3d 0x0 0x0 0x110007 0x0 0x20 0x3d 0x180005 0x0 0x0 0x0 0x0 0x0 0x0 0x240005 0x0 0x0 0x0 0x0 0x0 0x0 0x270004 0x0 0x0 0x0 0x0 0x0 0x0 0x300007 0x0 0x5f8 0x0 0x470002 0x0 0x4e0002 0x0 0x590005 0x0 0x0 0x0 0x0 0x0 0x0 0x5c0004 0x0 0x0 0x0 0x0 0x0 0x0 0x620007 0x0 0x1e8 0x0 0x6c0002 0x0 0x730002 0x0 0x760004 0x0 0x0 0x0 0x0 0x0 0x0 0x7d0005 0x0 0x0 0x0 0x0 0x0 0x0 0x840007 0x0 0x100 0x0 0x8b0005 0x0 0x0 0x0 0x0 0x0 0x0 0x990007 0x0 0x38 0x0 0x9d0003 0x0 0x50 0xa70005 0x0 0x0 0x0 0x0 0x0 0x0 0xaa0005 0x0 0x0 0x0 0x0 0x0 0x0 0xb50005 0x0 0x0 0x0 0x0 0x0 0x0 0xb90003 0x0 0x48 0xbe0003 0x0 0xfffffffffffffd50 0xc30003 0x0 0xfffffffffffffd38 0xc90002 0x0 0xcc0005 0x0 0x0 0x0 0x0 0x0 0x0 0xd10007 0x0 0x38 0x0 0xd50003 0x0 0x18 0xdd0007 0x0 0x178 0x0 0xe20005 0x0 0x0 0x0 0x0 0x0 0x0 0xe50003 0x0 0x28 0xf00002 0x0 0xfa0005 0x0 0x0 0x0 0x0 0x0 0x0 0x1010007 0x0 0x58 0x0 0x10a0005 0x0 0x0 0x0 0x0 0x0 0x0 0x1110005 0x0 0x0 0x0 0x0 0x0 0x0 0x1140007 0x0 0x30 0x0 0x11e0002 0x0 0x1240007 0x0 0xfffffffffffffb28 0x0 0x12a0007 0x0 0xfffffffffffffb08 0x0 0x12f0005 0x0 0x0 0x0 0x0 0x0 0x0 0x1320007 0x0 0x38 0x0 0x1350003 0x0 0xfffffffffffffa90 0x13d0005 0x0 0x0 0x0 0x0 0x0 0x0 0x1430007 0x0 0x20 0x0 0x1490003 0x0 0xfffffffffffffa20 0x1510005 0x0 0x0 0x0 0x0 0x0 0x0 0x15a0005 0x0 0x0 0x0 0x0 0x0 0x0 0x15d0007 0x0 0xfffffffffffff8f0 0x0 0x0 0x0 0x0 0x0 0x0 0x0 0x0 0x0 0x0 0x9 0x4 0x0 0x0 0x0 0x0 oops 1 3 jdk/internal/util/jar/JarIndex methods 0
ciMethodData java/security/AccessController executePrivileged (Ljava/security/PrivilegedExceptionAction;Ljava/security/AccessControlContext;Ljava/lang/Class;)Ljava/lang/Object; 2 11919 orig 80 0 0 0 0 0 0 0 0 0 0 0 0 252 127 0 0 0 0 0 0 0 0 0 0 0 0 0 0 0 0 0 0 0 0 0 0 0 0 0 0 0 0 0 0 0 0 0 0 0 0 0 0 0 0 0 0 0 0 0 0 0 0 0 0 0 0 0 0 0 0 0 0 0 0 0 0 0 0 0 0 data 52 0x10007 0x4f 0x30 0x2d3e 0x50002 0x2d3e 0xb0007 0x2d8e 0x60 0x0 0xe0002 0x0 0x110007 0x0 0x30 0x0 0x180002 0x0 0x1d0005 0xc9 0x0 0x211dc99b800 0x2bbe 0x211dc99b8b0 0x107 0x260007 0x2d88 0x60 0x0 0x290002 0x0 0x2c0007 0x0 0x30 0x0 0x330002 0x0 0x380002 0x2d88 0x3c0002 0x2d89 0x0 0x0 0x0 0x0 0x0 0x0 0x9 0x3 0xffffffffffffffff 0xffffffffffffffff 0x0 oops 2 21 java/net/URLClassLoader$1 23 jdk/internal/loader/URLClassPath$3 methods 0
ciMethodData java/security/AccessController checkContext (Ljava/security/AccessControlContext;Ljava/lang/Class;)Ljava/security/AccessControlContext; 2 5627 orig 80 0 0 0 0 0 0 0 0 0 0 0 0 252 127 0 0 0 0 0 0 0 0 0 0 0 0 0 0 0 0 0 0 0 0 0 0 0 0 0 0 0 0 0 0 0 0 0 0 0 0 0 0 0 0 0 0 0 0 0 0 0 0 0 0 0 0 0 0 0 0 0 0 0 0 0 0 0 0 0 0 data 56 0x2 0x14fa 0x30007 0x14fa 0x160 0x0 0x70007 0x0 0x140 0x0 0xb0005 0x0 0x0 0x0 0x0 0x0 0x0 0xe0007 0x0 0xe8 0x0 0x120002 0x0 0x150007 0x0 0xb8 0x0 0x190002 0x0 0x1e0007 0x0 0x88 0x0 0x250005 0x0 0x0 0x0 0x0 0x0 0x0 0x280007 0x0 0x30 0x0 0x2b0002 0x0 0x0 0x0 0x0 0x0 0x0 0x0 0x9 0x2 0x0 0xffffffffffffffff oops 0 methods 0
ciMethodData java/security/AccessController wrapException (Ljava/lang/Exception;)Ljava/security/PrivilegedActionException; 1 7 orig 80 0 0 0 0 0 0 0 0 0 0 0 0 252 127 0 0 0 0 0 0 0 0 0 0 0 0 0 0 0 0 0 0 0 0 0 0 0 0 0 0 0 0 0 0 0 0 0 0 0 0 0 0 0 0 0 0 0 0 0 0 0 0 0 0 0 0 0 0 0 0 0 0 0 0 0 0 0 0 0 0 data 8 0x50002 0x7 0x0 0x0 0x0 0x9 0x1 0x0 oops 0 methods 0
ciMethodData java/util/zip/ZipFile$1 getMetaInfVersions (Ljava/util/jar/JarFile;)[I 2 1757 orig 80 0 0 0 0 0 0 0 0 0 0 0 0 252 127 0 0 0 0 0 0 0 0 0 0 0 0 0 0 0 0 0 0 0 0 0 0 0 0 0 0 0 0 0 0 0 0 0 0 0 0 0 0 0 0 0 0 0 0 0 0 0 0 0 0 0 0 0 0 0 0 0 0 0 0 0 0 0 0 0 0 data 17 0x10005 0x5e3 0x0 0x0 0x0 0x0 0x0 0x0 0x0 0x0 0x0 0x0 0x0 0x9 0x2 0x0 0x0 oops 0 methods 0
ciMethodData java/util/zip/ZipFile getMetaInfVersions ()[I 2 1757 orig 80 0 0 0 0 0 0 0 0 0 0 0 0 252 127 0 0 0 0 0 0 0 0 0 0 0 0 0 0 0 0 0 0 0 0 0 0 0 0 0 0 0 0 0 0 0 0 0 0 0 0 0 0 0 0 0 0 0 0 0 0 0 0 0 0 0 0 0 0 0 0 0 0 0 0 0 0 0 0 0 0 data 16 0x50005 0x5e3 0x0 0x0 0x0 0x0 0x0 0x0 0x0 0x0 0x0 0x0 0x0 0x9 0x1 0x0 oops 0 methods 0
ciMethod java/security/PrivilegedActionException <init> (Ljava/lang/Exception;)V 8 0 14 0 0
ciMethod java/security/PrivilegedActionException getException ()Ljava/lang/Exception; 16 0 14 0 0
ciMethodData java/io/ByteArrayInputStream <init> ([B)V 1 30 orig 80 0 0 0 0 0 0 0 0 0 0 0 0 252 127 0 0 0 0 0 0 0 0 0 0 0 0 0 0 0 0 0 0 0 0 0 0 0 0 0 0 0 0 0 0 0 0 0 0 0 0 0 0 0 0 0 0 0 0 0 0 0 0 0 0 0 0 0 0 0 0 0 0 0 0 0 0 0 0 0 0 data 10 0x10002 0x13 0x0 0x0 0x0 0x0 0x9 0x2 0x0 0x0 oops 0 methods 0
ciMethodData java/security/PrivilegedActionException <init> (Ljava/lang/Exception;)V 1 14 orig 80 0 0 0 0 0 0 0 0 0 0 0 0 252 127 0 0 0 0 0 0 0 0 0 0 0 0 0 0 0 0 0 0 0 0 0 0 0 0 0 0 0 0 0 0 0 0 0 0 0 0 0 0 0 0 0 0 0 0 0 0 0 0 0 0 0 0 0 0 0 0 0 0 0 0 0 0 0 0 0 0 data 8 0x30002 0xa 0x0 0x0 0x9 0x2 0x1c 0x0 oops 0 methods 0
ciMethodData java/security/PrivilegedActionException getException ()Ljava/lang/Exception; 1 14 orig 80 0 0 0 0 0 0 0 0 0 0 0 0 252 127 0 0 0 0 0 0 0 0 0 0 0 0 0 0 0 0 0 0 0 0 0 0 0 0 0 0 0 0 0 0 0 0 0 0 0 0 0 0 0 0 0 0 0 0 0 0 0 0 0 0 0 0 0 0 0 0 0 0 0 0 0 0 0 0 0 0 data 18 0x10002 0x6 0x40004 0x0 0x0 0x211da992380 0x6 0x0 0x0 0x0 0x0 0x0 0x0 0x0 0x0 0x9 0x1 0x0 oops 1 5 java/io/FileNotFoundException methods 0
ciMethodData java/lang/Throwable getCause ()Ljava/lang/Throwable; 1 14 orig 80 0 0 0 0 0 0 0 0 0 0 0 0 252 127 0 0 0 0 0 0 0 0 0 0 0 0 0 0 0 0 0 0 0 0 0 0 0 0 0 0 0 0 0 0 0 0 0 0 0 0 0 0 0 0 0 0 0 0 0 0 0 0 0 0 0 0 0 0 0 0 0 0 0 0 0 0 0 0 0 0 data 16 0x50007 0x6 0x38 0x0 0x90003 0x0 0x18 0x0 0x0 0x0 0x0 0x0 0x0 0x9 0x1 0x0 oops 0 methods 0
ciMethodData jdk/internal/loader/URLClassPath$JarLoader$1 run ()Ljava/lang/Void; 1 379 orig 80 0 0 0 0 0 0 0 0 0 0 0 0 252 127 0 0 0 0 0 0 0 0 0 0 0 0 0 0 0 0 0 0 0 0 0 0 0 0 0 0 0 0 0 0 0 0 0 0 0 0 0 0 0 0 0 0 0 0 0 0 0 0 0 0 0 0 0 0 0 0 0 0 0 0 0 0 0 0 0 0 data 106 0x30007 0x7a 0x120 0x0 0xd0002 0x0 0x120005 0x0 0x0 0x0 0x0 0x0 0x0 0x1c0005 0x0 0x0 0x0 0x0 0x0 0x0 0x1f0005 0x0 0x0 0x0 0x0 0x0 0x0 0x220005 0x0 0x0 0x0 0x0 0x0 0x0 0x250002 0x0 0x370005 0x7a 0x0 0x0 0x0 0x0 0x0 0x480002 0x77 0x550007 0x76 0x170 0x1 0x5f0005 0x0 0x0 0x211da98f010 0x1 0x0 0x0 0x680007 0x1 0x118 0x1 0x790002 0x1 0x7e0002 0x1 0x8c0005 0x0 0x0 0x211db453030 0x1 0x0 0x0 0x8f0007 0x0 0x58 0x1 0x9c0005 0x0 0x0 0x211db453030 0x1 0x0 0x0 0xa00003 0x1 0x30 0xa40003 0x0 0x18 0xaa0003 0x1 0xffffffffffffff00 0x0 0x0 0x0 0x0 0x0 0x0 0x0 0x0 0x0 0x0 0x0 0x0 0x9 0x1 0x0 oops 3 52 jdk/internal/util/jar/JarIndex 67 java/util/HashMap 78 java/util/HashMap methods 0
compile jdk/internal/loader/URLClassPath$JarLoader getResource (Ljava/lang/String;Z)Ljdk/internal/loader/Resource; -1 4 inline 115 0 -1 jdk/internal/loader/URLClassPath$JarLoader getResource (Ljava/lang/String;Z)Ljdk/internal/loader/Resource; 1 1 jdk/internal/loader/URLClassPath$JarLoader ensureOpen ()V 2 12 jdk/internal/loader/URLClassPath$JarLoader$1 <init> (Ljdk/internal/loader/URLClassPath$JarLoader;)V 3 6 java/lang/Object <init> ()V 2 19 java/security/AccessController doPrivileged (Ljava/security/PrivilegedExceptionAction;Ljava/security/AccessControlContext;)Ljava/lang/Object; 3 6 java/security/AccessController checkContext (Ljava/security/AccessControlContext;Ljava/lang/Class;)Ljava/security/AccessControlContext; 4 0 java/lang/System getSecurityManager ()Ljava/lang/SecurityManager; 5 0 java/lang/System allowSecurityManager ()Z 3 13 java/security/AccessController executePrivileged (Ljava/security/PrivilegedExceptionAction;Ljava/security/AccessControlContext;Ljava/lang/Class;)Ljava/lang/Object; 4 29 jdk/internal/loader/URLClassPath$JarLoader$1 run ()Ljava/lang/Object; 4 56 java/lang/ref/Reference reachabilityFence (Ljava/lang/Object;)V 4 60 java/lang/ref/Reference reachabilityFence (Ljava/lang/Object;)V 3 22 java/security/AccessController wrapException (Ljava/lang/Exception;)Ljava/security/PrivilegedActionException; 1 22 java/util/jar/JarFile getJarEntry (Ljava/lang/String;)Ljava/util/jar/JarEntry; 2 2 java/util/jar/JarFile getEntry (Ljava/lang/String;)Ljava/util/zip/ZipEntry; 3 1 java/util/jar/JarFile isMultiRelease ()Z 4 16 java/util/jar/JarFile checkForSpecialAttributes ()V 5 23 java/util/jar/JarFile getManEntry ()Ljava/util/jar/JarEntry; 6 12 java/util/zip/ZipFile$1 getManifestName (Ljava/util/jar/JarFile;Z)Ljava/lang/String; 5 33 java/util/jar/JarFile getBytes (Ljava/util/zip/ZipEntry;)[B 6 7 java/util/zip/ZipEntry getSize ()J 5 49 java/util/jar/JarFile match ([B[B[B[B)I 5 81 java/util/jar/JarFile match ([B[B[B[B)I 5 103 java/util/jar/Attributes <init> ()V 6 3 java/util/jar/Attributes <init> (I)V 7 1 java/lang/Object <init> ()V 7 10 java/util/LinkedHashMap <init> (I)V 8 2 java/util/HashMap <init> (I)V 9 4 java/util/HashMap <init> (IF)V 10 1 java/util/AbstractMap <init> ()V 11 1 java/lang/Object <init> ()V 10 51 java/lang/Float isNaN (F)Z 10 91 java/util/HashMap tableSizeFor (I)I 5 119 java/io/ByteArrayInputStream <init> ([B)V 6 1 java/io/InputStream <init> ()V 7 1 java/lang/Object <init> ()V 5 122 java/util/jar/Manifest$FastInputStream <init> (Ljava/io/InputStream;)V 6 5 java/util/jar/Manifest$FastInputStream <init> (Ljava/io/InputStream;I)V 7 2 java/io/FilterInputStream <init> (Ljava/io/InputStream;)V 8 1 java/io/InputStream <init> ()V 9 1 java/lang/Object <init> ()V 3 10 java/util/jar/JarFile getVersionedEntry (Ljava/lang/String;Ljava/util/jar/JarEntry;)Ljava/util/jar/JarEntry; 4 3 java/lang/String startsWith (Ljava/lang/String;)Z 5 3 java/lang/String startsWith (Ljava/lang/String;I)Z 6 6 java/lang/String length ()I 7 6 java/lang/String coder ()B 6 10 java/lang/String length ()I 7 6 java/lang/String coder ()B 6 39 java/lang/String coder ()B 6 47 java/lang/String coder ()B 4 13 java/util/zip/ZipFile$1 getMetaInfVersions (Ljava/util/jar/JarFile;)[I 5 1 java/util/zip/ZipFile getMetaInfVersions ()[I 6 5 java/util/zip/ZipFile ensureOpen ()V 4 79 java/lang/StringBuilder <init> ()V 4 84 java/lang/StringBuilder append (Ljava/lang/String;)Ljava/lang/StringBuilder; 4 89 java/lang/StringBuilder append (I)Ljava/lang/StringBuilder; 4 95 java/lang/StringBuilder append (Ljava/lang/String;)Ljava/lang/StringBuilder; 4 99 java/lang/StringBuilder append (Ljava/lang/String;)Ljava/lang/StringBuilder; 4 102 java/lang/StringBuilder toString ()Ljava/lang/String; 4 105 java/util/zip/ZipFile getEntry (Ljava/lang/String;)Ljava/util/zip/ZipEntry; 5 3 java/util/Objects requireNonNull (Ljava/lang/Object;Ljava/lang/String;)Ljava/lang/Object; 5 14 java/util/zip/ZipFile ensureOpen ()V 3 20 java/util/zip/ZipFile getEntry (Ljava/lang/String;)Ljava/util/zip/ZipEntry; 4 3 java/util/Objects requireNonNull (Ljava/lang/Object;Ljava/lang/String;)Ljava/lang/Object; 4 14 java/util/zip/ZipFile ensureOpen ()V 3 31 java/util/zip/ZipFile getEntry (Ljava/lang/String;)Ljava/util/zip/ZipEntry; 4 3 java/util/Objects requireNonNull (Ljava/lang/Object;Ljava/lang/String;)Ljava/lang/Object; 4 14 java/util/zip/ZipFile ensureOpen ()V 1 34 jdk/internal/loader/URLClassPath$JarLoader checkResource (Ljava/lang/String;ZLjava/util/jar/JarEntry;)Ljdk/internal/loader/Resource; 2 4 java/util/jar/JarFile isMultiRelease ()Z 3 16 java/util/jar/JarFile checkForSpecialAttributes ()V 4 23 java/util/jar/JarFile getManEntry ()Ljava/util/jar/JarEntry; 5 12 java/util/zip/ZipFile$1 getManifestName (Ljava/util/jar/JarFile;Z)Ljava/lang/String; 4 33 java/util/jar/JarFile getBytes (Ljava/util/zip/ZipEntry;)[B 5 7 java/util/zip/ZipEntry getSize ()J 4 49 java/util/jar/JarFile match ([B[B[B[B)I 4 81 java/util/jar/JarFile match ([B[B[B[B)I 4 103 java/util/jar/Attributes <init> ()V 5 3 java/util/jar/Attributes <init> (I)V 6 1 java/lang/Object <init> ()V 6 10 java/util/LinkedHashMap <init> (I)V 7 2 java/util/HashMap <init> (I)V 8 4 java/util/HashMap <init> (IF)V 9 1 java/util/AbstractMap <init> ()V 10 1 java/lang/Object <init> ()V 9 51 java/lang/Float isNaN (F)Z 9 91 java/util/HashMap tableSizeFor (I)I 4 119 java/io/ByteArrayInputStream <init> ([B)V 5 1 java/io/InputStream <init> ()V 6 1 java/lang/Object <init> ()V 4 122 java/util/jar/Manifest$FastInputStream <init> (Ljava/io/InputStream;)V 5 5 java/util/jar/Manifest$FastInputStream <init> (Ljava/io/InputStream;I)V 6 2 java/io/FilterInputStream <init> (Ljava/io/InputStream;)V 7 1 java/io/InputStream <init> ()V 8 1 java/lang/Object <init> ()V 2 27 jdk/internal/loader/URLClassPath$Loader getBaseURL ()Ljava/net/URL; 2 33 sun/net/www/ParseUtil encodePath (Ljava/lang/String;Z)Ljava/lang/String; 3 22 sun/net/www/ParseUtil firstEncodeIndex (Ljava/lang/String;)I 4 1 java/lang/String length ()I 5 6 java/lang/String coder ()B 4 14 java/lang/String charAt (I)C 5 1 java/lang/String isLatin1 ()Z 5 12 java/lang/StringLatin1 charAt ([BI)C 4 70 sun/net/www/ParseUtil match (CJJ)Z 2 36 java/net/URL <init> (Ljava/net/URL;Ljava/lang/String;)V 2 74 jdk/internal/loader/URLClassPath$JarLoader$2 <init> (Ljdk/internal/loader/URLClassPath$JarLoader;Ljava/lang/String;Ljava/net/URL;Ljava/util/jar/JarEntry;)V 3 22 jdk/internal/loader/Resource <init> ()V 4 1 java/lang/Object <init> ()V 1 51 java/util/HashSet <init> ()V 2 1 java/util/AbstractSet <init> ()V 3 1 java/util/AbstractCollection <init> ()V 4 1 java/lang/Object <init> ()V 2 9 java/util/HashMap <init> ()V 3 1 java/util/AbstractMap <init> ()V 4 1 java/lang/Object <init> ()V
